{"type":"FeatureCollection","name":"SIDEWALK_202606_桃園車站1.5km","crs":"WGS84","features":[{"type":"Feature","properties":{"NAME":"民生路","PSTART":"民生路123巷","PEND":"成功路一段","SW_DIRECT":"2","SW_LENG":36.0,"SW_WTH":1.2,"SWW_WTH":1.2,"SW_RAMP":0,"COUNTY_NA":"桃園市","VILL_NAME":"大溪區"},"geometry":{"type":"MultiPolygon","coordinates":[[[[121.313265,24.992906],[121.313263,24.992925],[121.313331,24.992899],[121.313435,24.992729],[121.313417,24.992727],[121.313315,24.992889],[121.313265,24.992906]]]]}},{"type":"Feature","properties":{"NAME":"延平路","PSTART":"金門一街","PEND":"金門二街","SW_DIRECT":"1","SW_LENG":49.0,"SW_WTH":1.2,"SWW_WTH":1.2,"SW_RAMP":1,"COUNTY_NA":"桃園市","VILL_NAME":"桃園區"},"geometry":{"type":"MultiPolygon","coordinates":[[[[121.3148,24.981044],[121.314771,24.981049],[121.314845,24.981464],[121.314872,24.981467],[121.3148,24.981044]]]]}},{"type":"Feature","properties":{"NAME":"中正路","PSTART":"中正路","PEND":"無名路117","SW_DIRECT":"1","SW_LENG":120.0,"SW_WTH":1.2,"SWW_WTH":1.2,"SW_RAMP":2,"COUNTY_NA":"桃園市","VILL_NAME":"桃園區"},"geometry":{"type":"MultiPolygon","coordinates":[[[[121.310031,24.996198],[121.310029,24.996197],[121.310022,24.996228],[121.309948,24.99634],[121.309819,24.996538],[121.309728,24.996676],[121.309724,24.996683],[121.309677,24.996754],[121.309623,24.996836],[121.309587,24.996891],[121.309547,24.996952],[121.309541,24.996961],[121.309504,24.997018],[121.309486,24.997046],[121.309465,24.997057],[121.309467,24.997059],[121.309469,24.99706],[121.309471,24.997061],[121.309474,24.997061],[121.309476,24.997061],[121.309479,24.99706],[121.309491,24.997054],[121.309492,24.997053],[121.309493,24.997052],[121.309513,24.997023],[121.309557,24.996956],[121.309596,24.996896],[121.309632,24.996841],[121.309686,24.996758],[121.309733,24.996687],[121.309827,24.996543],[121.309957,24.996345],[121.310031,24.996233],[121.310031,24.996231],[121.310037,24.996207],[121.310037,24.996205],[121.310036,24.996203],[121.310035,24.996201],[121.310034,24.996199],[121.310031,24.996198]]]]}},{"type":"Feature","properties":{"NAME":"縣府路","PSTART":"縣府路","PEND":"文化局","SW_DIRECT":"1","SW_LENG":77.2,"SW_WTH":3.0,"SWW_WTH":3.0,"SW_RAMP":4,"COUNTY_NA":"桃園市","VILL_NAME":"桃園區"},"geometry":{"type":"MultiPolygon","coordinates":[[[[121.300513,24.9935],[121.300515,24.993508],[121.300522,24.993515],[121.300535,24.993507],[121.30054,24.993317],[121.300541,24.99315],[121.300544,24.992959],[121.300546,24.99286],[121.300546,24.99284],[121.300547,24.99282],[121.300527,24.99282],[121.300525,24.992856],[121.300522,24.993065],[121.300521,24.993137],[121.300519,24.993303],[121.300513,24.9935]]]]}},{"type":"Feature","properties":{"NAME":"成功路三段","PSTART":"長壽路","PEND":"公園路","SW_DIRECT":"2","SW_LENG":62.07,"SW_WTH":1.6,"SWW_WTH":1.6,"SW_RAMP":2,"COUNTY_NA":"桃園市","VILL_NAME":"桃園區"},"geometry":{"type":"MultiPolygon","coordinates":[[[[121.324073,24.996592],[121.324069,24.996592],[121.324067,24.996592],[121.324058,24.996598],[121.324113,24.996658],[121.324146,24.996695],[121.324162,24.996712],[121.324185,24.996738],[121.324212,24.996767],[121.324221,24.996777],[121.324255,24.996815],[121.324286,24.996849],[121.324351,24.996921],[121.324371,24.996942],[121.324434,24.997012],[121.324443,24.997022],[121.324447,24.997031],[121.324461,24.997024],[121.324456,24.997014],[121.324455,24.997012],[121.324446,24.997003],[121.324383,24.996933],[121.324336,24.996881],[121.324299,24.99684],[121.324268,24.996806],[121.324234,24.996768],[121.324225,24.996758],[121.324193,24.996723],[121.324175,24.996703],[121.324154,24.99668],[121.324122,24.996645],[121.324079,24.996597],[121.324075,24.996592],[121.324073,24.996592]]]]}},{"type":"Feature","properties":{"NAME":"縣府路","PSTART":"縣府路","PEND":"市公所2","SW_DIRECT":"2","SW_LENG":75.1,"SW_WTH":2.5,"SWW_WTH":2.5,"SW_RAMP":5,"COUNTY_NA":"桃園市","VILL_NAME":"桃園區"},"geometry":{"type":"MultiPolygon","coordinates":[[[[121.301473,24.993527],[121.301477,24.993332],[121.301436,24.993331],[121.301439,24.99326],[121.30148,24.993261],[121.301483,24.993216],[121.301441,24.993214],[121.301447,24.993096],[121.301484,24.993097],[121.301488,24.992869],[121.301456,24.992869],[121.301455,24.99292],[121.301453,24.992979],[121.301452,24.992994],[121.301435,24.993337],[121.301432,24.993526],[121.301473,24.993527]]]]}},{"type":"Feature","properties":{"NAME":"成功路二段","PSTART":"成功路二段","PEND":"成功路二段17","SW_DIRECT":"1","SW_LENG":59.55,"SW_WTH":2.76,"SWW_WTH":2.76,"SW_RAMP":2,"COUNTY_NA":"桃園市","VILL_NAME":"桃園區"},"geometry":{"type":"MultiPolygon","coordinates":[[[[121.313635,24.993015],[121.31354,24.992985],[121.313522,24.992986],[121.313472,24.992964],[121.313445,24.992971],[121.313448,24.992976],[121.31345,24.992979],[121.313453,24.992982],[121.313456,24.992983],[121.313479,24.992992],[121.313511,24.993001],[121.313697,24.993061],[121.313702,24.993062],[121.313743,24.993075],[121.313761,24.99308],[121.313807,24.993095],[121.313866,24.993114],[121.313937,24.993136],[121.313997,24.993155],[121.313999,24.993155],[121.313999,24.993155],[121.314,24.993155],[121.314003,24.993153],[121.314015,24.993147],[121.314018,24.993145],[121.31402,24.993144],[121.31402,24.993143],[121.31402,24.993142],[121.314021,24.99314],[121.31402,24.993139],[121.31402,24.993137],[121.314019,24.993135],[121.313917,24.993102],[121.313686,24.993031],[121.313635,24.993015]]]]}},{"type":"Feature","properties":{"NAME":"成功路二段","PSTART":"成功路二段","PEND":"成功路二段2","SW_DIRECT":"1","SW_LENG":127.16,"SW_WTH":2.16,"SWW_WTH":2.16,"SW_RAMP":2,"COUNTY_NA":"桃園市","VILL_NAME":"桃園區"},"geometry":{"type":"MultiPolygon","coordinates":[[[[121.316613,24.993975],[121.316618,24.993973],[121.316622,24.993969],[121.316624,24.993966],[121.316625,24.99396],[121.316623,24.993957],[121.31662,24.993954],[121.316593,24.993947],[121.316519,24.993925],[121.316328,24.993866],[121.316145,24.993809],[121.315993,24.993763],[121.315901,24.993732],[121.315781,24.993693],[121.315634,24.993647],[121.315509,24.993607],[121.315435,24.993583],[121.315434,24.993587],[121.315433,24.993589],[121.315432,24.993592],[121.315433,24.993597],[121.315434,24.9936],[121.315435,24.993601],[121.315437,24.993605],[121.315475,24.993617],[121.315542,24.993638],[121.315573,24.993648],[121.315633,24.993667],[121.315739,24.993701],[121.315818,24.993726],[121.315881,24.993746],[121.315954,24.993769],[121.316064,24.993804],[121.316136,24.993826],[121.316195,24.993845],[121.316297,24.993877],[121.316313,24.993882],[121.316362,24.993897],[121.316441,24.993923],[121.31654,24.993954],[121.316584,24.993967],[121.316604,24.993973],[121.316606,24.993974],[121.316609,24.993973],[121.316611,24.993973],[121.316612,24.993973],[121.316613,24.993975]]]]}},{"type":"Feature","properties":{"NAME":"成功路二段","PSTART":"成功路二段","PEND":"成功路二段16","SW_DIRECT":"1","SW_LENG":27.9,"SW_WTH":2.74,"SWW_WTH":2.74,"SW_RAMP":2,"COUNTY_NA":"桃園市","VILL_NAME":"桃園區"},"geometry":{"type":"MultiPolygon","coordinates":[[[[121.314182,24.993187],[121.314121,24.993168],[121.314121,24.99317],[121.31412,24.993175],[121.31412,24.993177],[121.314123,24.993185],[121.314124,24.99319],[121.314126,24.993193],[121.314128,24.993196],[121.314129,24.993196],[121.314161,24.993206],[121.314192,24.993216],[121.314308,24.993253],[121.314339,24.993262],[121.314373,24.993273],[121.314379,24.993274],[121.314387,24.993251],[121.314376,24.993248],[121.314208,24.993195],[121.314182,24.993187]]]]}},{"type":"Feature","properties":{"NAME":"成功路二段","PSTART":"成功路二段","PEND":"成功路二段28","SW_DIRECT":"1","SW_LENG":90.09,"SW_WTH":2.4,"SWW_WTH":2.4,"SW_RAMP":2,"COUNTY_NA":"桃園市","VILL_NAME":"桃園區"},"geometry":{"type":"MultiPolygon","coordinates":[[[[121.314523,24.993296],[121.314481,24.993283],[121.314474,24.993304],[121.314572,24.993335],[121.314611,24.993347],[121.314686,24.993371],[121.314718,24.993381],[121.314798,24.993405],[121.314821,24.993412],[121.314965,24.993457],[121.315056,24.993486],[121.315113,24.993504],[121.315183,24.993526],[121.315261,24.993549],[121.315306,24.993563],[121.315309,24.993563],[121.31531,24.993562],[121.315313,24.993562],[121.315317,24.99356],[121.315321,24.993558],[121.315325,24.993556],[121.315328,24.993553],[121.315331,24.993551],[121.31533,24.993548],[121.315326,24.993547],[121.315313,24.993544],[121.315202,24.99351],[121.31503,24.993455],[121.314845,24.993398],[121.314802,24.993384],[121.314754,24.993369],[121.314705,24.993353],[121.314627,24.993328],[121.314523,24.993296]]]]}},{"type":"Feature","properties":{"NAME":"中華路","PSTART":"中華路","PEND":"中華路","SW_DIRECT":"1","SW_LENG":59.88,"SW_WTH":4.01,"SWW_WTH":4.01,"SW_RAMP":2,"COUNTY_NA":"桃園市","VILL_NAME":"桃園區"},"geometry":{"type":"MultiPolygon","coordinates":[[[[121.312516,24.99134],[121.312613,24.991293],[121.312637,24.991282],[121.312586,24.991248],[121.312555,24.99126],[121.312438,24.991304],[121.312398,24.99129],[121.312315,24.991264],[121.312253,24.991244],[121.312207,24.991229],[121.312121,24.991202],[121.312083,24.99119],[121.312064,24.991184],[121.312051,24.991218],[121.312063,24.991222],[121.312101,24.991234],[121.312188,24.991261],[121.312233,24.991276],[121.312296,24.991296],[121.312379,24.991322],[121.312484,24.991355],[121.312516,24.99134]]]]}},{"type":"Feature","properties":{"NAME":"成功路一段","PSTART":"成功路一段","PEND":"成功路一段","SW_DIRECT":"1","SW_LENG":31.06,"SW_WTH":2.72,"SWW_WTH":2.72,"SW_RAMP":2,"COUNTY_NA":"桃園市","VILL_NAME":"桃園區"},"geometry":{"type":"MultiPolygon","coordinates":[[[[121.311996,24.992666],[121.311765,24.992593],[121.31176,24.992597],[121.311753,24.992616],[121.311943,24.992675],[121.312044,24.992706],[121.312051,24.992687],[121.31205,24.992685],[121.312048,24.992682],[121.312038,24.992678],[121.311996,24.992666]]]]}},{"type":"Feature","properties":{"NAME":"成功路一段","PSTART":"成功路一段","PEND":"成功路一段","SW_DIRECT":"1","SW_LENG":74.64,"SW_WTH":2.7,"SWW_WTH":2.7,"SW_RAMP":2,"COUNTY_NA":"桃園市","VILL_NAME":"桃園區"},"geometry":{"type":"MultiPolygon","coordinates":[[[[121.311,24.992351],[121.310998,24.99235],[121.310989,24.992374],[121.311341,24.992485],[121.31149,24.992533],[121.311578,24.99256],[121.311682,24.992592],[121.311691,24.99257],[121.311663,24.992561],[121.311606,24.992543],[121.311498,24.992509],[121.311439,24.992491],[121.311395,24.992477],[121.311355,24.992464],[121.311277,24.992439],[121.311244,24.992428],[121.311138,24.992394],[121.311123,24.99239],[121.311093,24.99238],[121.31107,24.992373],[121.31105,24.992366],[121.311024,24.992358],[121.311,24.992351]]]]}},{"type":"Feature","properties":{"NAME":"中正路","PSTART":"中正路","PEND":"無名路125","SW_DIRECT":"2","SW_LENG":60.0,"SW_WTH":1.8,"SWW_WTH":1.8,"SW_RAMP":2,"COUNTY_NA":"桃園市","VILL_NAME":"桃園區"},"geometry":{"type":"MultiPolygon","coordinates":[[[[121.313166,24.98989],[121.313076,24.989863],[121.313024,24.990005],[121.313014,24.99003],[121.313063,24.990061],[121.313058,24.990074],[121.313093,24.990085],[121.31305,24.990201],[121.31303,24.990255],[121.31302,24.990279],[121.313002,24.990327],[121.31299,24.990358],[121.312945,24.990374],[121.312942,24.990382],[121.312959,24.990387],[121.312976,24.990382],[121.312989,24.990377],[121.313004,24.99037],[121.313006,24.990367],[121.313019,24.990333],[121.313037,24.990284],[121.313046,24.990261],[121.313067,24.990206],[121.313086,24.990156],[121.31311,24.990089],[121.313112,24.990083],[121.313104,24.99008],[121.31311,24.990067],[121.31314,24.989988],[121.313154,24.98995],[121.313165,24.989921],[121.313171,24.989902],[121.313166,24.98989]]]]}},{"type":"Feature","properties":{"NAME":"中正路","PSTART":"中正路","PEND":"無名路126","SW_DIRECT":"1","SW_LENG":47.83,"SW_WTH":4.0,"SWW_WTH":2.0,"SW_RAMP":2,"COUNTY_NA":"桃園市","VILL_NAME":"桃園區"},"geometry":{"type":"MultiPolygon","coordinates":[[[[121.31274,24.991014],[121.312767,24.990941],[121.312768,24.99094],[121.312793,24.990878],[121.312797,24.990867],[121.312768,24.990857],[121.31277,24.990851],[121.31274,24.990842],[121.312731,24.990865],[121.312682,24.991003],[121.31266,24.990996],[121.312613,24.991119],[121.312635,24.991125],[121.312586,24.991248],[121.312637,24.991282],[121.31265,24.991247],[121.312661,24.991219],[121.312679,24.991174],[121.312698,24.991123],[121.312717,24.991075],[121.31274,24.991014]]]]}},{"type":"Feature","properties":{"NAME":"成功路一段","PSTART":"成功路一段","PEND":"成功路一段","SW_DIRECT":"1","SW_LENG":58.54,"SW_WTH":6.24,"SWW_WTH":6.24,"SW_RAMP":2,"COUNTY_NA":"桃園市","VILL_NAME":"桃園區"},"geometry":{"type":"MultiPolygon","coordinates":[[[[121.311632,24.992346],[121.31161,24.992343],[121.311578,24.992333],[121.311574,24.992343],[121.311433,24.992298],[121.311437,24.992287],[121.311338,24.992259],[121.311327,24.992288],[121.311057,24.992204],[121.311048,24.992201],[121.311044,24.992214],[121.311045,24.992219],[121.311048,24.992225],[121.311068,24.992232],[121.311123,24.992248],[121.311224,24.992281],[121.311275,24.992296],[121.311441,24.992351],[121.311588,24.992396],[121.311591,24.992396],[121.311593,24.992396],[121.311594,24.992396],[121.311595,24.992396],[121.311597,24.992395],[121.311601,24.992394],[121.311605,24.992392],[121.311608,24.99239],[121.311611,24.992386],[121.311617,24.99237],[121.311623,24.992353],[121.311632,24.992346]]]]}},{"type":"Feature","properties":{"NAME":"成功路一段","PSTART":"成功路一段","PEND":"成功路一段","SW_DIRECT":"1","SW_LENG":48.64,"SW_WTH":2.79,"SWW_WTH":2.79,"SW_RAMP":2,"COUNTY_NA":"桃園市","VILL_NAME":"桃園區"},"geometry":{"type":"MultiPolygon","coordinates":[[[[121.311743,24.992419],[121.311656,24.992391],[121.311656,24.992393],[121.311654,24.992399],[121.311654,24.992402],[121.311654,24.992403],[121.311654,24.992406],[121.311654,24.992409],[121.311655,24.992411],[121.311657,24.992414],[121.311659,24.992416],[121.31166,24.992417],[121.311661,24.992418],[121.311665,24.99242],[121.311666,24.992421],[121.311678,24.992425],[121.311778,24.992456],[121.311794,24.992461],[121.311928,24.992504],[121.312086,24.992552],[121.312091,24.99255],[121.31213,24.992535],[121.31211,24.992529],[121.311967,24.992489],[121.31184,24.992449],[121.311743,24.992419]]]]}},{"type":"Feature","properties":{"NAME":"民權路","PSTART":"民權路","PEND":"民權路_10B","SW_DIRECT":"1","SW_LENG":80.7,"SW_WTH":1.73,"SWW_WTH":1.73,"SW_RAMP":0,"COUNTY_NA":"桃園市","VILL_NAME":"桃園區"},"geometry":{"type":"MultiPolygon","coordinates":[[[[121.311135,24.991654],[121.31112,24.991649],[121.311114,24.991663],[121.311079,24.991755],[121.311058,24.99181],[121.311028,24.991888],[121.311011,24.991933],[121.310969,24.992042],[121.310949,24.992093],[121.310923,24.992162],[121.310893,24.992171],[121.310853,24.992271],[121.310841,24.992304],[121.310858,24.992337],[121.310863,24.992339],[121.310869,24.992341],[121.310881,24.992311],[121.310887,24.992297],[121.310893,24.992282],[121.310897,24.992274],[121.310924,24.992203],[121.310934,24.992179],[121.310942,24.992156],[121.31095,24.992136],[121.310965,24.9921],[121.310969,24.992088],[121.310984,24.992051],[121.310987,24.992043],[121.310994,24.992024],[121.310996,24.99202],[121.310999,24.992011],[121.31102,24.991956],[121.311033,24.991923],[121.311038,24.99191],[121.31104,24.991904],[121.311041,24.991901],[121.311065,24.99184],[121.3111,24.991747],[121.311135,24.991654]]]]}},{"type":"Feature","properties":{"NAME":"中正路","PSTART":"成功路一段","PEND":"復興路4","SW_DIRECT":"2","SW_LENG":70.0,"SW_WTH":1.8,"SWW_WTH":1.8,"SW_RAMP":2,"COUNTY_NA":"桃園市","VILL_NAME":"桃園區"},"geometry":{"type":"MultiPolygon","coordinates":[[[[121.312368,24.991999],[121.312357,24.991996],[121.312318,24.992107],[121.312272,24.992226],[121.312252,24.99228],[121.312222,24.992359],[121.312202,24.992409],[121.312162,24.992511],[121.312162,24.992512],[121.312161,24.992513],[121.312115,24.992531],[121.31213,24.992535],[121.312166,24.992521],[121.31217,24.992518],[121.312172,24.992515],[121.312198,24.992447],[121.312212,24.992412],[121.312215,24.992404],[121.312221,24.99239],[121.312223,24.992383],[121.312229,24.99237],[121.312232,24.992362],[121.312245,24.992326],[121.31225,24.992314],[121.312254,24.992301],[121.31226,24.992286],[121.312261,24.992283],[121.312275,24.992245],[121.312282,24.992229],[121.312286,24.992217],[121.312291,24.992203],[121.312297,24.992188],[121.3123,24.99218],[121.312306,24.992165],[121.312315,24.992143],[121.31232,24.99213],[121.312327,24.99211],[121.312328,24.992109],[121.312343,24.992066],[121.312368,24.991999]]]]}},{"type":"Feature","properties":{"NAME":"成功路二段","PSTART":"成功路二段","PEND":"成功路二段12","SW_DIRECT":"1","SW_LENG":105.88,"SW_WTH":2.49,"SWW_WTH":2.49,"SW_RAMP":2,"COUNTY_NA":"桃園市","VILL_NAME":"桃園區"},"geometry":{"type":"MultiPolygon","coordinates":[[[[121.314157,24.993347],[121.314124,24.993338],[121.314121,24.993339],[121.314117,24.993342],[121.314115,24.993343],[121.314114,24.993346],[121.31411,24.993357],[121.314152,24.99337],[121.314315,24.993421],[121.31446,24.993466],[121.314562,24.993497],[121.31469,24.993536],[121.314924,24.993612],[121.315102,24.993665],[121.315103,24.993666],[121.315107,24.993656],[121.315107,24.993651],[121.315106,24.993646],[121.315103,24.993641],[121.31507,24.993632],[121.314968,24.9936],[121.314895,24.993577],[121.31482,24.993554],[121.314774,24.993539],[121.314738,24.993528],[121.314623,24.993492],[121.314505,24.993455],[121.314383,24.993418],[121.314297,24.993391],[121.314157,24.993347]]]]}},{"type":"Feature","properties":{"NAME":"成功路二段","PSTART":"成功路二段","PEND":"成功路二段14","SW_DIRECT":"1","SW_LENG":141.87,"SW_WTH":2.56,"SWW_WTH":2.56,"SW_RAMP":2,"COUNTY_NA":"桃園市","VILL_NAME":"桃園區"},"geometry":{"type":"MultiPolygon","coordinates":[[[[121.315329,24.993711],[121.315292,24.9937],[121.315289,24.993701],[121.315286,24.993702],[121.315284,24.993703],[121.315275,24.99372],[121.315353,24.993746],[121.31543,24.993771],[121.315516,24.993798],[121.315706,24.993858],[121.315896,24.993917],[121.316264,24.994034],[121.316374,24.994069],[121.316516,24.994114],[121.316554,24.994125],[121.316577,24.994164],[121.316582,24.994162],[121.316585,24.994161],[121.316586,24.994159],[121.316586,24.994158],[121.316592,24.994143],[121.316594,24.994137],[121.316595,24.994132],[121.316591,24.994123],[121.316583,24.994114],[121.316577,24.994106],[121.316576,24.994106],[121.316575,24.994105],[121.316527,24.994091],[121.316495,24.994081],[121.316441,24.994065],[121.316385,24.994047],[121.316354,24.994037],[121.31629,24.994017],[121.316232,24.993999],[121.31619,24.993985],[121.316114,24.993961],[121.316066,24.993946],[121.31598,24.993919],[121.31587,24.993884],[121.315814,24.993867],[121.315765,24.993852],[121.315671,24.993822],[121.315614,24.993803],[121.315525,24.993776],[121.315508,24.99377],[121.315442,24.993749],[121.315397,24.993736],[121.315329,24.993711]]]]}},{"type":"Feature","properties":{"NAME":"成功路二段","PSTART":"成功路二段","PEND":"成功路二段15","SW_DIRECT":"1","SW_LENG":61.37,"SW_WTH":2.64,"SWW_WTH":2.64,"SW_RAMP":2,"COUNTY_NA":"桃園市","VILL_NAME":"桃園區"},"geometry":{"type":"MultiPolygon","coordinates":[[[[121.313394,24.993107],[121.313389,24.993106],[121.313388,24.993107],[121.313387,24.993108],[121.313385,24.99311],[121.313383,24.993113],[121.313383,24.993116],[121.313382,24.993121],[121.313383,24.993124],[121.313386,24.993128],[121.313391,24.993131],[121.313468,24.993156],[121.313507,24.993168],[121.313513,24.99317],[121.31357,24.993188],[121.313634,24.993208],[121.313773,24.993251],[121.313953,24.993307],[121.313957,24.993304],[121.313958,24.993301],[121.313958,24.993298],[121.313958,24.993295],[121.313957,24.993293],[121.313949,24.993282],[121.313926,24.993275],[121.313885,24.993261],[121.31383,24.993244],[121.31376,24.993222],[121.313692,24.993201],[121.313521,24.993147],[121.313462,24.993129],[121.313428,24.993117],[121.313394,24.993107]]]]}},{"type":"Feature","properties":{"NAME":"成功路一段","PSTART":"成功路一段","PEND":"成功路一段","SW_DIRECT":"1","SW_LENG":101.73,"SW_WTH":2.4,"SWW_WTH":2.4,"SW_RAMP":2,"COUNTY_NA":"桃園市","VILL_NAME":"桃園區"},"geometry":{"type":"MultiPolygon","coordinates":[[[[121.31232,24.992767],[121.312285,24.992757],[121.312273,24.992761],[121.312271,24.992762],[121.31227,24.992763],[121.312269,24.992765],[121.312267,24.992773],[121.312422,24.992824],[121.312521,24.992855],[121.312662,24.992898],[121.313081,24.993031],[121.313189,24.993065],[121.313222,24.993075],[121.313224,24.993069],[121.31322,24.99305],[121.31321,24.993047],[121.313147,24.993027],[121.313071,24.993003],[121.313055,24.992998],[121.31301,24.992984],[121.312944,24.992963],[121.312882,24.992943],[121.312796,24.992917],[121.312679,24.99288],[121.312633,24.992866],[121.312529,24.992833],[121.312469,24.992814],[121.312413,24.992797],[121.312368,24.992783],[121.31232,24.992767]]]]}},{"type":"Feature","properties":{"NAME":"成功路一段","PSTART":"成功路一段","PEND":"成功路一段","SW_DIRECT":"1","SW_LENG":100.4,"SW_WTH":2.39,"SWW_WTH":2.39,"SW_RAMP":2,"COUNTY_NA":"桃園市","VILL_NAME":"桃園區"},"geometry":{"type":"MultiPolygon","coordinates":[[[[121.312428,24.992635],[121.312324,24.992602],[121.312321,24.992609],[121.31232,24.992615],[121.312321,24.99262],[121.312324,24.992625],[121.312383,24.992645],[121.312432,24.992661],[121.312471,24.992673],[121.312512,24.992686],[121.312562,24.992701],[121.312576,24.992706],[121.312689,24.992741],[121.312782,24.99277],[121.312863,24.992796],[121.312952,24.992823],[121.313038,24.992851],[121.313114,24.992875],[121.313179,24.992895],[121.313197,24.992901],[121.313238,24.992914],[121.313252,24.992917],[121.313259,24.992911],[121.313263,24.992899],[121.313184,24.992874],[121.31307,24.992838],[121.312957,24.992803],[121.312584,24.992684],[121.312428,24.992635]]]]}},{"type":"Feature","properties":{"NAME":"中正路","PSTART":"復興路","PEND":"大同路","SW_DIRECT":"1","SW_LENG":65.0,"SW_WTH":1.8,"SWW_WTH":1.8,"SW_RAMP":2,"COUNTY_NA":"桃園市","VILL_NAME":"桃園區"},"geometry":{"type":"MultiPolygon","coordinates":[[[[121.313318,24.989905],[121.313303,24.9899],[121.313292,24.98993],[121.313285,24.989947],[121.313255,24.990023],[121.313239,24.990065],[121.313223,24.990107],[121.313187,24.990203],[121.313178,24.990227],[121.313168,24.990254],[121.313154,24.99029],[121.313142,24.990321],[121.313129,24.990356],[121.313117,24.990387],[121.313126,24.990406],[121.313143,24.99044],[121.313156,24.99044],[121.313133,24.990391],[121.313145,24.990359],[121.313156,24.99033],[121.313171,24.990296],[121.313184,24.990259],[121.313195,24.990232],[121.313204,24.990208],[121.313218,24.990168],[121.31324,24.990112],[121.313254,24.990077],[121.313252,24.990076],[121.313255,24.990069],[121.31327,24.990028],[121.3133,24.989951],[121.313307,24.989935],[121.313318,24.989905]]]]}},{"type":"Feature","properties":{"NAME":"中正路","PSTART":"中正路48巷","PEND":"復興路","SW_DIRECT":"1","SW_LENG":28.0,"SW_WTH":4.0,"SWW_WTH":4.0,"SW_RAMP":2,"COUNTY_NA":"桃園市","VILL_NAME":"桃園區"},"geometry":{"type":"MultiPolygon","coordinates":[[[[121.313037,24.990743],[121.313057,24.99069],[121.313046,24.990686],[121.313051,24.990675],[121.313021,24.990666],[121.313001,24.990715],[121.312996,24.990714],[121.312982,24.990749],[121.312986,24.99075],[121.31297,24.990794],[121.312934,24.990897],[121.312933,24.9909],[121.312972,24.990913],[121.312974,24.99091],[121.313003,24.990828],[121.313037,24.990743]]]]}},{"type":"Feature","properties":{"NAME":"三民路三段","PSTART":"永安路","PEND":"中正路","SW_DIRECT":"2","SW_LENG":41.34,"SW_WTH":6.13,"SWW_WTH":6.13,"SW_RAMP":2,"COUNTY_NA":"桃園市","VILL_NAME":"桃園區"},"geometry":{"type":"MultiPolygon","coordinates":[[[[121.307243,24.998268],[121.307229,24.99826],[121.307222,24.998313],[121.307217,24.998325],[121.307282,24.998359],[121.307399,24.998419],[121.307563,24.998507],[121.30759,24.998458],[121.307576,24.998451],[121.307548,24.998435],[121.307492,24.998405],[121.307454,24.998384],[121.307418,24.998365],[121.307385,24.998348],[121.30736,24.998334],[121.307337,24.998321],[121.307303,24.998301],[121.307272,24.998283],[121.307243,24.998268]]]]}},{"type":"Feature","properties":{"NAME":"中正路","PSTART":"博愛路","PEND":"復興路5","SW_DIRECT":"1","SW_LENG":68.0,"SW_WTH":1.2,"SWW_WTH":1.2,"SW_RAMP":2,"COUNTY_NA":"桃園市","VILL_NAME":"桃園區"},"geometry":{"type":"MultiPolygon","coordinates":[[[[121.311147,24.994713],[121.311144,24.994705],[121.311131,24.994725],[121.311136,24.994736],[121.311137,24.994747],[121.311137,24.994755],[121.311134,24.994769],[121.311129,24.99478],[121.311114,24.994808],[121.311094,24.99484],[121.311078,24.994868],[121.311064,24.994892],[121.311028,24.994951],[121.311011,24.994979],[121.310995,24.995005],[121.310982,24.995025],[121.310968,24.995048],[121.310952,24.995073],[121.310935,24.995103],[121.310925,24.995118],[121.310916,24.995133],[121.310908,24.995145],[121.310888,24.995179],[121.310863,24.995219],[121.310853,24.995234],[121.31083,24.995271],[121.310819,24.995286],[121.310824,24.995284],[121.310836,24.995279],[121.31084,24.995273],[121.310854,24.995252],[121.310883,24.995209],[121.310899,24.995183],[121.310919,24.995152],[121.31096,24.995084],[121.31098,24.995052],[121.311012,24.994999],[121.311032,24.994966],[121.31107,24.994903],[121.3111,24.994853],[121.311124,24.994814],[121.31114,24.994787],[121.311147,24.994772],[121.311151,24.99475],[121.311151,24.994738],[121.311147,24.994713]]]]}},{"type":"Feature","properties":{"NAME":"中正路","PSTART":"博愛路","PEND":"復興路6","SW_DIRECT":"1","SW_LENG":68.0,"SW_WTH":1.2,"SWW_WTH":1.2,"SW_RAMP":2,"COUNTY_NA":"桃園市","VILL_NAME":"桃園區"},"geometry":{"type":"MultiPolygon","coordinates":[[[[121.310906,24.994662],[121.310897,24.994652],[121.310881,24.994678],[121.310862,24.994712],[121.310838,24.994751],[121.31082,24.994782],[121.31077,24.994868],[121.310735,24.994924],[121.310707,24.994971],[121.310682,24.99501],[121.310661,24.995045],[121.31064,24.995079],[121.310619,24.995113],[121.310598,24.995148],[121.310582,24.995176],[121.310582,24.995178],[121.310595,24.995183],[121.310595,24.995179],[121.310596,24.995175],[121.310601,24.995166],[121.310611,24.995149],[121.310621,24.995132],[121.310632,24.995114],[121.310643,24.995097],[121.310652,24.995082],[121.310664,24.995063],[121.310675,24.995044],[121.310685,24.995028],[121.310694,24.995014],[121.310707,24.994992],[121.310731,24.994953],[121.310741,24.994936],[121.310761,24.994901],[121.310773,24.994882],[121.310784,24.994863],[121.310795,24.994846],[121.31081,24.994822],[121.310828,24.994791],[121.310839,24.994773],[121.31085,24.994754],[121.310863,24.994733],[121.310874,24.994713],[121.31088,24.994703],[121.310885,24.994697],[121.310899,24.994673],[121.310906,24.994662]]]]}},{"type":"Feature","properties":{"NAME":"青溪一路","PSTART":"青溪二路","PEND":"青溪一路2","SW_DIRECT":"2","SW_LENG":70.6,"SW_WTH":6.0,"SWW_WTH":6.0,"SW_RAMP":0,"COUNTY_NA":"桃園市","VILL_NAME":"桃園區"},"geometry":{"type":"MultiPolygon","coordinates":[[[[121.312523,25.003065],[121.312576,25.003081],[121.312815,25.002412],[121.312763,25.0024],[121.312523,25.003065]]]]}},{"type":"Feature","properties":{"NAME":"青溪一路100巷","PSTART":"青溪二路","PEND":"青溪一路1","SW_DIRECT":"1","SW_LENG":59.14,"SW_WTH":4.0,"SWW_WTH":4.0,"SW_RAMP":0,"COUNTY_NA":"桃園市","VILL_NAME":"桃園區"},"geometry":{"type":"MultiPolygon","coordinates":[[[[121.312865,25.00179],[121.312834,25.001802],[121.312847,25.001829],[121.312654,25.002345],[121.312691,25.002357],[121.312881,25.001833],[121.312865,25.00179]]]]}},{"type":"Feature","properties":{"NAME":"莒光街","PSTART":"莒光街","PEND":"莒光街","SW_DIRECT":"1","SW_LENG":26.94,"SW_WTH":4.87,"SWW_WTH":4.87,"SW_RAMP":2,"COUNTY_NA":"桃園市","VILL_NAME":"桃園區"},"geometry":{"type":"MultiPolygon","coordinates":[[[[121.305518,24.995388],[121.30543,24.995386],[121.305426,24.995429],[121.305487,24.995431],[121.305649,24.995437],[121.305694,24.995435],[121.305695,24.995408],[121.305696,24.995394],[121.305647,24.995392],[121.305582,24.99539],[121.305518,24.995388]]]]}},{"type":"Feature","properties":{"NAME":"青溪一路","PSTART":"青溪一路","PEND":"青溪一路","SW_DIRECT":"1","SW_LENG":26.16,"SW_WTH":4.68,"SWW_WTH":4.68,"SW_RAMP":2,"COUNTY_NA":"桃園市","VILL_NAME":"桃園區"},"geometry":{"type":"MultiPolygon","coordinates":[[[[121.312277,25.001487],[121.312304,25.001416],[121.312246,25.0014],[121.312241,25.001415],[121.312186,25.001441],[121.312137,25.001426],[121.312078,25.001407],[121.312065,25.001403],[121.312057,25.001426],[121.312133,25.001448],[121.312224,25.001476],[121.312241,25.001481],[121.312248,25.001483],[121.312253,25.001484],[121.312258,25.001485],[121.312265,25.001486],[121.312271,25.001487],[121.312277,25.001487]]]]}},{"type":"Feature","properties":{"NAME":"青溪一路","PSTART":"青溪一路","PEND":"青溪一路","SW_DIRECT":"1","SW_LENG":26.27,"SW_WTH":4.76,"SWW_WTH":4.76,"SW_RAMP":2,"COUNTY_NA":"桃園市","VILL_NAME":"桃園區"},"geometry":{"type":"MultiPolygon","coordinates":[[[[121.312039,25.001514],[121.312027,25.00151],[121.312019,25.001529],[121.312032,25.001534],[121.312055,25.001541],[121.312139,25.001566],[121.312168,25.001619],[121.312161,25.001638],[121.312212,25.001655],[121.312243,25.001583],[121.312237,25.001578],[121.312233,25.001575],[121.312227,25.001572],[121.312219,25.001568],[121.312211,25.001564],[121.312184,25.001556],[121.312084,25.001526],[121.312052,25.001517],[121.312039,25.001514]]]]}},{"type":"Feature","properties":{"NAME":"宏昌六街","PSTART":"宏昌六街","PEND":"宏昌六街","SW_DIRECT":"1","SW_LENG":31.97,"SW_WTH":1.38,"SWW_WTH":1.38,"SW_RAMP":2,"COUNTY_NA":"桃園市","VILL_NAME":"桃園區"},"geometry":{"type":"MultiPolygon","coordinates":[[[[121.300158,24.989208],[121.300089,24.989188],[121.300084,24.989189],[121.300081,24.989192],[121.300079,24.989198],[121.300154,24.98922],[121.300296,24.989263],[121.30038,24.989288],[121.300384,24.989277],[121.300382,24.989276],[121.3003,24.989251],[121.300158,24.989208]]]]}},{"type":"Feature","properties":{"NAME":"宏昌六街","PSTART":"宏昌六街","PEND":"宏昌六街","SW_DIRECT":"1","SW_LENG":31.66,"SW_WTH":1.35,"SWW_WTH":1.35,"SW_RAMP":2,"COUNTY_NA":"桃園市","VILL_NAME":"桃園區"},"geometry":{"type":"MultiPolygon","coordinates":[[[[121.299898,24.989131],[121.299752,24.989087],[121.299722,24.98909],[121.299737,24.989094],[121.299893,24.989142],[121.300033,24.989184],[121.300035,24.989178],[121.300033,24.989174],[121.300032,24.989171],[121.299898,24.989131]]]]}},{"type":"Feature","properties":{"NAME":"南山街","PSTART":"南山街","PEND":"南山街_3B","SW_DIRECT":"1","SW_LENG":73.07,"SW_WTH":0.91,"SWW_WTH":0.91,"SW_RAMP":0,"COUNTY_NA":"桃園市","VILL_NAME":"桃園區"},"geometry":{"type":"MultiPolygon","coordinates":[[[[121.304175,24.988537],[121.304175,24.988485],[121.304164,24.988486],[121.304165,24.988538],[121.304163,24.988594],[121.304161,24.988618],[121.304145,24.988744],[121.304123,24.98889],[121.304104,24.989036],[121.304102,24.989142],[121.304112,24.989142],[121.304112,24.989138],[121.304112,24.989087],[121.304112,24.989065],[121.304116,24.989008],[121.304126,24.988932],[121.304144,24.988808],[121.304173,24.988613],[121.304175,24.988586],[121.304175,24.988577],[121.304175,24.988537]]]]}},{"type":"Feature","properties":{"NAME":"復興路","PSTART":"復興路","PEND":"復興路","SW_DIRECT":"1","SW_LENG":24.67,"SW_WTH":1.52,"SWW_WTH":1.52,"SW_RAMP":2,"COUNTY_NA":"桃園市","VILL_NAME":"桃園區"},"geometry":{"type":"MultiPolygon","coordinates":[[[[121.306079,24.98908],[121.306075,24.98908],[121.306059,24.989097],[121.305963,24.989105],[121.305837,24.989112],[121.305838,24.989128],[121.305927,24.989121],[121.306082,24.98911],[121.306079,24.98908]]]]}},{"type":"Feature","properties":{"NAME":"中山路","PSTART":"中山路","PEND":"中山路137","SW_DIRECT":"1","SW_LENG":15.61,"SW_WTH":1.26,"SWW_WTH":1.26,"SW_RAMP":0,"COUNTY_NA":"桃園市","VILL_NAME":"桃園區"},"geometry":{"type":"MultiPolygon","coordinates":[[[[121.304884,24.992176],[121.304728,24.992144],[121.304736,24.992157],[121.304881,24.992187],[121.304884,24.992176]]]]}},{"type":"Feature","properties":{"NAME":"中山路","PSTART":"中山路","PEND":"中山路138","SW_DIRECT":"1","SW_LENG":18.62,"SW_WTH":1.23,"SWW_WTH":1.23,"SW_RAMP":0,"COUNTY_NA":"桃園市","VILL_NAME":"桃園區"},"geometry":{"type":"MultiPolygon","coordinates":[[[[121.304592,24.992115],[121.304418,24.992079],[121.304416,24.992083],[121.304415,24.99209],[121.304483,24.992104],[121.304587,24.992125],[121.304604,24.992118],[121.304592,24.992115]]]]}},{"type":"Feature","properties":{"NAME":"中山路","PSTART":"中山路","PEND":"中山路139","SW_DIRECT":"1","SW_LENG":14.36,"SW_WTH":1.74,"SWW_WTH":1.74,"SW_RAMP":2,"COUNTY_NA":"桃園市","VILL_NAME":"桃園區"},"geometry":{"type":"MultiPolygon","coordinates":[[[[121.301932,24.99195],[121.301789,24.991945],[121.301788,24.991961],[121.30193,24.991965],[121.301932,24.99195]]]]}},{"type":"Feature","properties":{"NAME":"中山路","PSTART":"中山路","PEND":"中山路141","SW_DIRECT":"1","SW_LENG":4.21,"SW_WTH":1.64,"SWW_WTH":1.64,"SW_RAMP":2,"COUNTY_NA":"桃園市","VILL_NAME":"桃園區"},"geometry":{"type":"MultiPolygon","coordinates":[[[[121.304075,24.992218],[121.304033,24.992209],[121.30403,24.992223],[121.304065,24.992231],[121.304069,24.992234],[121.304075,24.992218]]]]}},{"type":"Feature","properties":{"NAME":"秀山路","PSTART":"秀山路","PEND":"秀山路","SW_DIRECT":"1","SW_LENG":12.27,"SW_WTH":0.83,"SWW_WTH":0.83,"SW_RAMP":0,"COUNTY_NA":"桃園市","VILL_NAME":"桃園區"},"geometry":{"type":"MultiPolygon","coordinates":[[[[121.303384,24.989692],[121.303336,24.989657],[121.303336,24.989658],[121.303335,24.989659],[121.303333,24.989661],[121.303331,24.989664],[121.303359,24.989683],[121.303387,24.989703],[121.303427,24.989731],[121.303429,24.989729],[121.303431,24.989726],[121.303432,24.989726],[121.303384,24.989692]]]]}},{"type":"Feature","properties":{"NAME":"中山路","PSTART":"中山路","PEND":"中山路143","SW_DIRECT":"1","SW_LENG":32.45,"SW_WTH":1.12,"SWW_WTH":1.12,"SW_RAMP":2,"COUNTY_NA":"桃園市","VILL_NAME":"桃園區"},"geometry":{"type":"MultiPolygon","coordinates":[[[[121.30158,24.991785],[121.301581,24.991778],[121.3015,24.991774],[121.301259,24.991775],[121.301259,24.991783],[121.301413,24.991782],[121.30158,24.991786],[121.30158,24.991785]]]]}},{"type":"Feature","properties":{"NAME":"玉山街","PSTART":"玉山街","PEND":"玉山街","SW_DIRECT":"1","SW_LENG":19.6,"SW_WTH":3.32,"SWW_WTH":3.32,"SW_RAMP":2,"COUNTY_NA":"桃園市","VILL_NAME":"桃園區"},"geometry":{"type":"MultiPolygon","coordinates":[[[[121.302461,24.99061],[121.30245,24.990599],[121.302434,24.990607],[121.302538,24.990756],[121.302572,24.990737],[121.302554,24.99071],[121.30252,24.990671],[121.302487,24.990637],[121.302461,24.99061]]]]}},{"type":"Feature","properties":{"NAME":"成功路三段","PSTART":"長壽路","PEND":"公園路","SW_DIRECT":"2","SW_LENG":41.45,"SW_WTH":1.65,"SWW_WTH":1.65,"SW_RAMP":2,"COUNTY_NA":"桃園市","VILL_NAME":"桃園區"},"geometry":{"type":"MultiPolygon","coordinates":[[[[121.32534,24.997999],[121.325338,24.997999],[121.325334,24.997999],[121.325332,24.998],[121.325326,24.998004],[121.325366,24.998048],[121.325399,24.998085],[121.325426,24.998113],[121.325452,24.998142],[121.325474,24.998167],[121.325505,24.998201],[121.325527,24.998225],[121.325533,24.998231],[121.32555,24.99825],[121.325568,24.99827],[121.325575,24.998278],[121.325588,24.998292],[121.325601,24.998283],[121.325588,24.998268],[121.325581,24.998261],[121.325563,24.99824],[121.325546,24.998222],[121.325539,24.998215],[121.325518,24.998191],[121.325487,24.998157],[121.325464,24.998133],[121.325438,24.998104],[121.325412,24.998075],[121.325378,24.998039],[121.325346,24.998003],[121.325342,24.998],[121.32534,24.997999]]]]}},{"type":"Feature","properties":{"NAME":"三元街","PSTART":"三民路","PEND":"大業路","SW_DIRECT":"1","SW_LENG":14.43,"SW_WTH":5.86,"SWW_WTH":5.86,"SW_RAMP":2,"COUNTY_NA":"桃園市","VILL_NAME":"桃園區"},"geometry":{"type":"MultiPolygon","coordinates":[[[[121.317847,25.002288],[121.31784,25.00228],[121.317806,25.002306],[121.317858,25.002406],[121.317931,25.002405],[121.317943,25.002398],[121.317936,25.00239],[121.317923,25.002375],[121.317923,25.002375],[121.317901,25.00235],[121.317879,25.002325],[121.317863,25.002306],[121.317847,25.002288]]]]}},{"type":"Feature","properties":{"NAME":"三民路三段","PSTART":"中山路","PEND":"復興路","SW_DIRECT":"2","SW_LENG":29.0,"SW_WTH":1.7,"SWW_WTH":0.9,"SW_RAMP":2,"COUNTY_NA":"桃園市","VILL_NAME":"桃園區"},"geometry":{"type":"MultiPolygon","coordinates":[[[[121.306487,24.991237],[121.306491,24.991239],[121.306584,24.991],[121.306628,24.990979],[121.306626,24.990975],[121.306622,24.990973],[121.306618,24.990971],[121.306614,24.990971],[121.30661,24.990971],[121.306605,24.990972],[121.306576,24.990987],[121.306575,24.990987],[121.306573,24.990989],[121.306571,24.990991],[121.306569,24.990993],[121.306481,24.991219],[121.30648,24.991223],[121.30648,24.991227],[121.306482,24.991231],[121.306484,24.991235],[121.306487,24.991237]]]]}},{"type":"Feature","properties":{"NAME":"大同路","PSTART":"南山街","PEND":"大同路","SW_DIRECT":"1","SW_LENG":18.31,"SW_WTH":0.87,"SWW_WTH":0.87,"SW_RAMP":0,"COUNTY_NA":"桃園市","VILL_NAME":"桃園區"},"geometry":{"type":"MultiPolygon","coordinates":[[[[121.305169,24.98804],[121.305169,24.988035],[121.305079,24.988039],[121.304988,24.988044],[121.304989,24.988049],[121.304989,24.988052],[121.30517,24.988043],[121.305169,24.98804]]]]}},{"type":"Feature","properties":{"NAME":"育樂街","PSTART":"育樂街","PEND":"育樂街3","SW_DIRECT":"1","SW_LENG":4.74,"SW_WTH":1.1,"SWW_WTH":1.1,"SW_RAMP":2,"COUNTY_NA":"桃園市","VILL_NAME":"桃園區"},"geometry":{"type":"MultiPolygon","coordinates":[[[[121.304228,24.992006],[121.304217,24.992003],[121.304224,24.992024],[121.304231,24.992046],[121.304237,24.992045],[121.304243,24.992044],[121.304232,24.992015],[121.304228,24.992006]]]]}},{"type":"Feature","properties":{"NAME":"中山路","PSTART":"中山路","PEND":"中山路106","SW_DIRECT":"1","SW_LENG":18.11,"SW_WTH":1.47,"SWW_WTH":1.47,"SW_RAMP":0,"COUNTY_NA":"桃園市","VILL_NAME":"桃園區"},"geometry":{"type":"MultiPolygon","coordinates":[[[[121.304251,24.992045],[121.304243,24.992044],[121.304231,24.992046],[121.304234,24.99205],[121.304237,24.992054],[121.304242,24.992057],[121.304251,24.992059],[121.304329,24.992077],[121.304407,24.992094],[121.304408,24.99209],[121.30441,24.992085],[121.304411,24.992082],[121.304251,24.992045]]]]}},{"type":"Feature","properties":{"NAME":"介壽路_1","PSTART":"介壽路_1A","PEND":"介壽路_1B1","SW_DIRECT":"1","SW_LENG":25.79,"SW_WTH":1.23,"SWW_WTH":1.23,"SW_RAMP":2,"COUNTY_NA":"桃園市","VILL_NAME":"桃園區"},"geometry":{"type":"MultiPolygon","coordinates":[[[[121.31102,24.986555],[121.311014,24.986535],[121.311002,24.986538],[121.311005,24.986548],[121.311011,24.98657],[121.311017,24.986592],[121.311022,24.986612],[121.311028,24.986634],[121.311032,24.986653],[121.311036,24.98667],[121.311039,24.986687],[121.311042,24.986703],[121.311046,24.986726],[121.311049,24.986756],[121.31105,24.986766],[121.311059,24.986764],[121.311057,24.986746],[121.311055,24.986729],[121.311053,24.986703],[121.311049,24.986682],[121.311044,24.986653],[121.311037,24.98662],[121.311027,24.986579],[121.31102,24.986555]]]]}},{"type":"Feature","properties":{"NAME":"建新街_1","PSTART":"建新街_1A","PEND":"建新街_1B1","SW_DIRECT":"1","SW_LENG":9.97,"SW_WTH":2.63,"SWW_WTH":2.63,"SW_RAMP":2,"COUNTY_NA":"桃園市","VILL_NAME":"桃園區"},"geometry":{"type":"MultiPolygon","coordinates":[[[[121.311801,24.982157],[121.311765,24.982072],[121.311741,24.982081],[121.311743,24.982087],[121.311771,24.982155],[121.31178,24.982158],[121.311787,24.98216],[121.311794,24.98216],[121.311801,24.982157]]]]}},{"type":"Feature","properties":{"NAME":"桃鶯路","PSTART":"桃鶯路","PEND":"桃鶯路","SW_DIRECT":"1","SW_LENG":40.34,"SW_WTH":2.08,"SWW_WTH":2.08,"SW_RAMP":2,"COUNTY_NA":"桃園市","VILL_NAME":"桃園區"},"geometry":{"type":"MultiPolygon","coordinates":[[[[121.317835,24.988681],[121.317818,24.98866],[121.317805,24.988677],[121.317815,24.988688],[121.31781,24.988903],[121.317807,24.989025],[121.317826,24.989033],[121.317829,24.988991],[121.317832,24.988865],[121.317834,24.988739],[121.317836,24.988684],[121.317835,24.988681]]]]}},{"type":"Feature","properties":{"NAME":"東國街","PSTART":"東國街","PEND":"東國街12","SW_DIRECT":"1","SW_LENG":14.15,"SW_WTH":1.95,"SWW_WTH":1.95,"SW_RAMP":2,"COUNTY_NA":"桃園市","VILL_NAME":"桃園區"},"geometry":{"type":"MultiPolygon","coordinates":[[[[121.315125,24.993989],[121.315116,24.993986],[121.315099,24.994032],[121.315072,24.994107],[121.315091,24.994113],[121.315109,24.99406],[121.315119,24.994033],[121.315134,24.99399],[121.315125,24.993989]]]]}},{"type":"Feature","properties":{"NAME":"無名路_303","PSTART":"無名路_303A","PEND":"無名路_303B","SW_DIRECT":"1","SW_LENG":179.68,"SW_WTH":1.67,"SWW_WTH":1.67,"SW_RAMP":2,"COUNTY_NA":"桃園市","VILL_NAME":"桃園區"},"geometry":{"type":"MultiPolygon","coordinates":[[[[121.305797,24.976486],[121.305794,24.97648],[121.305778,24.976487],[121.305784,24.976498],[121.305788,24.976507],[121.305792,24.976519],[121.305795,24.976527],[121.305796,24.976536],[121.305795,24.976546],[121.305795,24.976552],[121.305792,24.976558],[121.305789,24.976566],[121.305781,24.976581],[121.305758,24.976618],[121.305753,24.976627],[121.305751,24.976634],[121.30575,24.976637],[121.30575,24.97664],[121.30575,24.976648],[121.305751,24.976664],[121.305752,24.976678],[121.305756,24.976716],[121.305762,24.97677],[121.305763,24.976782],[121.30577,24.976856],[121.305776,24.976913],[121.305781,24.976969],[121.305785,24.977009],[121.30579,24.977058],[121.305796,24.977128],[121.305807,24.977236],[121.305813,24.977305],[121.305817,24.977351],[121.305821,24.977388],[121.305821,24.9774],[121.305828,24.977479],[121.305838,24.977566],[121.305839,24.977581],[121.30584,24.977596],[121.305845,24.977648],[121.305851,24.977713],[121.305859,24.977784],[121.30586,24.977798],[121.305861,24.977817],[121.305862,24.977836],[121.305865,24.977861],[121.305866,24.977872],[121.305868,24.977892],[121.305869,24.977904],[121.305871,24.977928],[121.305873,24.97795],[121.305874,24.977961],[121.305875,24.977975],[121.305875,24.977986],[121.305875,24.97799],[121.305874,24.977994],[121.305873,24.977996],[121.305872,24.977998],[121.305869,24.978003],[121.305867,24.978006],[121.305864,24.978008],[121.305861,24.978012],[121.305854,24.978015],[121.305844,24.978019],[121.305837,24.978021],[121.305831,24.978022],[121.305822,24.978024],[121.305817,24.978024],[121.305819,24.978038],[121.305893,24.978031],[121.305897,24.97803],[121.305868,24.977704],[121.305856,24.977577],[121.30581,24.977111],[121.305769,24.976654],[121.305768,24.976634],[121.305769,24.976628],[121.305775,24.976616],[121.305792,24.976588],[121.30581,24.976557],[121.305813,24.976551],[121.305815,24.976545],[121.305816,24.97654],[121.305813,24.976525],[121.305797,24.976486]]]]}},{"type":"Feature","properties":{"NAME":"大原路33巷","PSTART":"大原路33巷","PEND":"大原路33巷","SW_DIRECT":"1","SW_LENG":38.44,"SW_WTH":2.16,"SWW_WTH":2.16,"SW_RAMP":2,"COUNTY_NA":"桃園市","VILL_NAME":"桃園區"},"geometry":{"type":"MultiPolygon","coordinates":[[[[121.320911,24.977702],[121.320689,24.977689],[121.320689,24.97771],[121.320922,24.977722],[121.320976,24.977726],[121.320995,24.977739],[121.321026,24.977774],[121.321087,24.977741],[121.321081,24.977735],[121.321074,24.977728],[121.321061,24.977714],[121.321058,24.977713],[121.321053,24.977711],[121.321045,24.977711],[121.321044,24.977711],[121.320911,24.977702]]]]}},{"type":"Feature","properties":{"NAME":"無名路_247","PSTART":"無名路_247A","PEND":"無名路_247B","SW_DIRECT":"1","SW_LENG":71.88,"SW_WTH":6.0,"SWW_WTH":6.0,"SW_RAMP":2,"COUNTY_NA":"桃園市","VILL_NAME":"桃園區"},"geometry":{"type":"MultiPolygon","coordinates":[[[[121.31226,24.990784],[121.312276,24.990743],[121.312334,24.990762],[121.31235,24.990719],[121.312241,24.990684],[121.31224,24.990687],[121.312238,24.990693],[121.312179,24.990674],[121.31207,24.99064],[121.311982,24.990612],[121.311961,24.990606],[121.311861,24.990574],[121.311725,24.990532],[121.311688,24.99052],[121.311648,24.990543],[121.311682,24.990571],[121.311696,24.990577],[121.311816,24.990616],[121.311875,24.990635],[121.312188,24.990736],[121.31218,24.990757],[121.312224,24.990772],[121.31226,24.990784]]]]}},{"type":"Feature","properties":{"NAME":"中正路","PSTART":"中正路62巷","PEND":"中正路62巷","SW_DIRECT":"1","SW_LENG":106.84,"SW_WTH":1.93,"SWW_WTH":1.93,"SW_RAMP":2,"COUNTY_NA":"桃園市","VILL_NAME":"桃園區"},"geometry":{"type":"MultiPolygon","coordinates":[[[[121.313614,24.992413],[121.313037,24.992232],[121.312764,24.992146],[121.312764,24.992147],[121.312764,24.992148],[121.312758,24.992162],[121.313037,24.992251],[121.313059,24.992258],[121.313055,24.992268],[121.313146,24.992297],[121.313149,24.992286],[121.313218,24.992308],[121.313214,24.992318],[121.313258,24.992332],[121.313262,24.992322],[121.313596,24.992428],[121.313603,24.992452],[121.313627,24.992458],[121.313614,24.992413]]]]}},{"type":"Feature","properties":{"NAME":"中正路","PSTART":"中正路62巷","PEND":"中正路62巷","SW_DIRECT":"1","SW_LENG":46.18,"SW_WTH":2.87,"SWW_WTH":2.87,"SW_RAMP":2,"COUNTY_NA":"桃園市","VILL_NAME":"桃園區"},"geometry":{"type":"MultiPolygon","coordinates":[[[[121.312919,24.992103],[121.312804,24.992064],[121.312793,24.992089],[121.312793,24.99209],[121.312847,24.992107],[121.31285,24.992109],[121.312854,24.99211],[121.312915,24.992129],[121.313036,24.992168],[121.313218,24.992226],[121.313242,24.992206],[121.31323,24.992203],[121.313142,24.992176],[121.312919,24.992103]]]]}},{"type":"Feature","properties":{"NAME":"民生路55巷","PSTART":"民生路","PEND":"中正路48巷3","SW_DIRECT":"2","SW_LENG":35.0,"SW_WTH":1.8,"SWW_WTH":1.8,"SW_RAMP":2,"COUNTY_NA":"桃園市","VILL_NAME":"桃園區"},"geometry":{"type":"MultiPolygon","coordinates":[[[[121.314189,24.991523],[121.314044,24.991473],[121.314041,24.991474],[121.31404,24.991474],[121.314039,24.991474],[121.314039,24.991474],[121.314037,24.991475],[121.314035,24.991477],[121.314026,24.991499],[121.314324,24.9916],[121.314326,24.991602],[121.314328,24.991604],[121.31433,24.991607],[121.314332,24.991612],[121.314334,24.991617],[121.314395,24.991614],[121.314395,24.99161],[121.314395,24.991608],[121.314395,24.991605],[121.314393,24.991601],[121.314391,24.991597],[121.31439,24.991595],[121.314387,24.991593],[121.314384,24.99159],[121.314378,24.991587],[121.314371,24.991584],[121.314189,24.991523]]]]}},{"type":"Feature","properties":{"NAME":"民生路","PSTART":"民生路","PEND":"民生路12","SW_DIRECT":"1","SW_LENG":28.0,"SW_WTH":1.8,"SWW_WTH":1.8,"SW_RAMP":2,"COUNTY_NA":"桃園市","VILL_NAME":"桃園區"},"geometry":{"type":"MultiPolygon","coordinates":[[[[121.31394,24.991438],[121.313696,24.991356],[121.313692,24.991354],[121.313687,24.991354],[121.313684,24.991354],[121.313682,24.991355],[121.313678,24.991356],[121.313674,24.991358],[121.313702,24.991401],[121.313718,24.991394],[121.313937,24.991467],[121.313947,24.991448],[121.313947,24.991447],[121.313948,24.991447],[121.313948,24.991446],[121.313947,24.991445],[121.313947,24.991444],[121.313947,24.991443],[121.313946,24.991442],[121.313945,24.991441],[121.313945,24.991441],[121.313944,24.991439],[121.31394,24.991438]]]]}},{"type":"Feature","properties":{"NAME":"中正路","PSTART":"中正路48巷","PEND":"民生路55巷1","SW_DIRECT":"1","SW_LENG":22.0,"SW_WTH":1.8,"SWW_WTH":1.8,"SW_RAMP":2,"COUNTY_NA":"桃園市","VILL_NAME":"桃園區"},"geometry":{"type":"MultiPolygon","coordinates":[[[[121.313702,24.991401],[121.313674,24.991358],[121.31367,24.991359],[121.313667,24.991361],[121.313665,24.991363],[121.313663,24.991366],[121.313659,24.991374],[121.313635,24.991455],[121.313613,24.991526],[121.313613,24.991529],[121.313613,24.991535],[121.313615,24.991539],[121.313616,24.991543],[121.313619,24.991546],[121.313621,24.991549],[121.313624,24.991552],[121.313627,24.991555],[121.313632,24.991557],[121.313637,24.991559],[121.313642,24.991546],[121.313658,24.991507],[121.313702,24.991401]]]]}},{"type":"Feature","properties":{"NAME":"無名路_245","PSTART":"無名路_245A","PEND":"無名路_245B","SW_DIRECT":"1","SW_LENG":69.73,"SW_WTH":5.9,"SWW_WTH":5.9,"SW_RAMP":2,"COUNTY_NA":"桃園市","VILL_NAME":"桃園區"},"geometry":{"type":"MultiPolygon","coordinates":[[[[121.323316,24.997594],[121.323382,24.997543],[121.32339,24.997551],[121.323398,24.997559],[121.323413,24.997548],[121.323428,24.997536],[121.323444,24.997525],[121.323459,24.997513],[121.323462,24.99751],[121.323466,24.997507],[121.32348,24.997496],[121.323495,24.997485],[121.323509,24.997474],[121.323523,24.997463],[121.323533,24.997456],[121.323543,24.997449],[121.323563,24.997435],[121.323578,24.997426],[121.323561,24.997404],[121.323544,24.997381],[121.323508,24.997407],[121.323472,24.997433],[121.323383,24.997501],[121.323295,24.997569],[121.323287,24.997576],[121.323279,24.997583],[121.323271,24.99759],[121.323263,24.997596],[121.32326,24.997598],[121.323258,24.9976],[121.323256,24.997601],[121.323254,24.997603],[121.323252,24.997605],[121.323249,24.997606],[121.323247,24.997608],[121.323245,24.997609],[121.323228,24.997619],[121.323211,24.99763],[121.3232,24.997636],[121.323189,24.997643],[121.32317,24.997655],[121.323151,24.997668],[121.323139,24.997676],[121.323127,24.997684],[121.323125,24.997685],[121.323124,24.997686],[121.323123,24.997686],[121.323122,24.997687],[121.323121,24.997688],[121.32312,24.997689],[121.323118,24.99769],[121.323117,24.997691],[121.323116,24.997692],[121.323115,24.997693],[121.323114,24.997694],[121.323113,24.997695],[121.323112,24.997696],[121.323111,24.997697],[121.32311,24.997698],[121.323109,24.997699],[121.323108,24.9977],[121.323108,24.997701],[121.323103,24.997707],[121.323098,24.997713],[121.323093,24.997719],[121.323088,24.997724],[121.323083,24.99773],[121.323078,24.997735],[121.323073,24.99774],[121.323067,24.997746],[121.323065,24.997748],[121.323063,24.99775],[121.323061,24.997752],[121.323059,24.997754],[121.323056,24.997756],[121.323054,24.997757],[121.323052,24.997759],[121.323049,24.997761],[121.323041,24.997767],[121.323032,24.997774],[121.323023,24.99778],[121.323015,24.997785],[121.323026,24.997798],[121.323037,24.99781],[121.323043,24.997805],[121.32305,24.997801],[121.323056,24.997797],[121.323062,24.997792],[121.323069,24.997787],[121.323075,24.997783],[121.323078,24.99778],[121.323081,24.997778],[121.323083,24.997776],[121.323086,24.997773],[121.323089,24.997771],[121.323092,24.997768],[121.323097,24.997763],[121.323104,24.997756],[121.32311,24.997749],[121.323116,24.997743],[121.323123,24.997736],[121.323124,24.997734],[121.323127,24.997731],[121.32313,24.997728],[121.323131,24.997727],[121.323133,24.997726],[121.323134,24.997724],[121.323136,24.997723],[121.323138,24.997721],[121.32314,24.997719],[121.323142,24.997718],[121.323164,24.997701],[121.323186,24.997684],[121.323193,24.997679],[121.323197,24.997676],[121.323201,24.997673],[121.323205,24.997671],[121.323209,24.997668],[121.323219,24.997662],[121.323229,24.997657],[121.323239,24.997651],[121.323249,24.997645],[121.323316,24.997594]]]]}},{"type":"Feature","properties":{"NAME":"金門二街","PSTART":"金門二街","PEND":"金門二街10","SW_DIRECT":"1","SW_LENG":134.25,"SW_WTH":3.92,"SWW_WTH":3.92,"SW_RAMP":2,"COUNTY_NA":"桃園市","VILL_NAME":"桃園區"},"geometry":{"type":"MultiPolygon","coordinates":[[[[121.315488,24.981536],[121.315328,24.98152],[121.31533,24.981531],[121.315333,24.981545],[121.315335,24.981551],[121.315338,24.981556],[121.3154,24.981562],[121.315483,24.981571],[121.315605,24.981584],[121.315798,24.981606],[121.316036,24.981631],[121.316164,24.981644],[121.316379,24.981668],[121.316445,24.981675],[121.316485,24.981692],[121.31662,24.981752],[121.316621,24.981753],[121.316647,24.981722],[121.3166,24.981703],[121.316543,24.981677],[121.316473,24.981643],[121.316427,24.981639],[121.316305,24.981625],[121.316159,24.981608],[121.315958,24.981587],[121.315705,24.98156],[121.315488,24.981536]]]]}},{"type":"Feature","properties":{"NAME":"金門二街","PSTART":"金門二街","PEND":"金門二街18","SW_DIRECT":"1","SW_LENG":37.07,"SW_WTH":3.48,"SWW_WTH":3.48,"SW_RAMP":2,"COUNTY_NA":"桃園市","VILL_NAME":"桃園區"},"geometry":{"type":"MultiPolygon","coordinates":[[[[121.315251,24.981517],[121.314905,24.981476],[121.314866,24.981481],[121.3149,24.981511],[121.315093,24.98153],[121.315229,24.981545],[121.315238,24.981538],[121.315246,24.981528],[121.315249,24.981522],[121.315251,24.981517]]]]}},{"type":"Feature","properties":{"NAME":"大豐路","PSTART":"大豐路","PEND":"大豐路","SW_DIRECT":"1","SW_LENG":197.76,"SW_WTH":4.5,"SWW_WTH":4.5,"SW_RAMP":2,"COUNTY_NA":"桃園市","VILL_NAME":"桃園區"},"geometry":{"type":"MultiPolygon","coordinates":[[[[121.31519,24.980405],[121.314729,24.980393],[121.314713,24.98041],[121.314696,24.980429],[121.314698,24.980438],[121.31524,24.980447],[121.315621,24.980462],[121.316142,24.980476],[121.31652,24.980482],[121.316686,24.980484],[121.316655,24.98045],[121.316129,24.980434],[121.315595,24.98042],[121.31519,24.980405]]]]}},{"type":"Feature","properties":{"NAME":"樹林九街","PSTART":"樹林九街","PEND":"樹林九街","SW_DIRECT":"1","SW_LENG":200.46,"SW_WTH":3.03,"SWW_WTH":3.03,"SW_RAMP":2,"COUNTY_NA":"桃園市","VILL_NAME":"桃園區"},"geometry":{"type":"MultiPolygon","coordinates":[[[[121.316649,24.98189],[121.316631,24.981866],[121.316617,24.981884],[121.316624,24.981901],[121.316621,24.981953],[121.316609,24.98242],[121.316598,24.982813],[121.316592,24.98339],[121.316594,24.983634],[121.316573,24.983661],[121.316592,24.983691],[121.316612,24.983662],[121.316614,24.983571],[121.316615,24.983235],[121.316629,24.982808],[121.316638,24.982427],[121.316654,24.981925],[121.316649,24.98189]]]]}},{"type":"Feature","properties":{"NAME":"昆明路","PSTART":"昆明路","PEND":"昆明路","SW_DIRECT":"1","SW_LENG":47.51,"SW_WTH":3.72,"SWW_WTH":3.72,"SW_RAMP":2,"COUNTY_NA":"桃園市","VILL_NAME":"桃園區"},"geometry":{"type":"MultiPolygon","coordinates":[[[[121.316573,24.983661],[121.316117,24.983619],[121.316113,24.98365],[121.316174,24.983655],[121.316462,24.983687],[121.316563,24.983696],[121.316592,24.983691],[121.316573,24.983661]]]]}},{"type":"Feature","properties":{"NAME":"昆明路","PSTART":"昆明路","PEND":"昆明路","SW_DIRECT":"1","SW_LENG":78.59,"SW_WTH":3.43,"SWW_WTH":3.43,"SW_RAMP":2,"COUNTY_NA":"桃園市","VILL_NAME":"桃園區"},"geometry":{"type":"MultiPolygon","coordinates":[[[[121.315361,24.983549],[121.31525,24.983539],[121.315247,24.983569],[121.31581,24.983621],[121.316008,24.98364],[121.316021,24.983641],[121.316025,24.98361],[121.315652,24.983575],[121.315361,24.983549]]]]}},{"type":"Feature","properties":{"NAME":"昆明路","PSTART":"昆明路","PEND":"昆明路","SW_DIRECT":"1","SW_LENG":47.37,"SW_WTH":2.27,"SWW_WTH":2.27,"SW_RAMP":2,"COUNTY_NA":"桃園市","VILL_NAME":"桃園區"},"geometry":{"type":"MultiPolygon","coordinates":[[[[121.314834,24.983508],[121.314727,24.983499],[121.31473,24.983508],[121.314733,24.983515],[121.314738,24.983519],[121.31474,24.983521],[121.315195,24.983564],[121.315197,24.983545],[121.314834,24.983508]]]]}},{"type":"Feature","properties":{"NAME":"延平路","PSTART":"延平路","PEND":"延平路","SW_DIRECT":"1","SW_LENG":208.57,"SW_WTH":3.02,"SWW_WTH":3.02,"SW_RAMP":2,"COUNTY_NA":"桃園市","VILL_NAME":"桃園區"},"geometry":{"type":"MultiPolygon","coordinates":[[[[121.314927,24.982191],[121.314928,24.982169],[121.314951,24.98217],[121.314947,24.982112],[121.314932,24.981934],[121.314903,24.981647],[121.314903,24.981633],[121.314866,24.98163],[121.314878,24.981652],[121.31489,24.981794],[121.314915,24.982081],[121.31489,24.982216],[121.314857,24.9825],[121.31477,24.983168],[121.314727,24.983499],[121.314758,24.983501],[121.314785,24.983309],[121.314794,24.983222],[121.314815,24.983087],[121.314863,24.982742],[121.314901,24.982463],[121.314912,24.982378],[121.314927,24.982191]]]]}},{"type":"Feature","properties":{"NAME":"介新街_5","PSTART":"介新街_5A","PEND":"介新街_5B","SW_DIRECT":"1","SW_LENG":135.54,"SW_WTH":1.36,"SWW_WTH":1.36,"SW_RAMP":2,"COUNTY_NA":"桃園市","VILL_NAME":"桃園區"},"geometry":{"type":"MultiPolygon","coordinates":[[[[121.307219,24.977837],[121.307208,24.977829],[121.307153,24.977894],[121.306977,24.978099],[121.306745,24.978373],[121.306386,24.978797],[121.306397,24.978804],[121.306755,24.97838],[121.306988,24.978107],[121.307164,24.977901],[121.307219,24.977837]]]]}},{"type":"Feature","properties":{"NAME":"德壽街","PSTART":"德壽街","PEND":"德壽街4","SW_DIRECT":"1","SW_LENG":145.43,"SW_WTH":4.31,"SWW_WTH":4.31,"SW_RAMP":2,"COUNTY_NA":"桃園市","VILL_NAME":"桃園區"},"geometry":{"type":"MultiPolygon","coordinates":[[[[121.30231,24.979379],[121.302303,24.979378],[121.302299,24.979379],[121.302294,24.979381],[121.302278,24.979393],[121.302303,24.979416],[121.302401,24.979508],[121.302513,24.979612],[121.302671,24.979758],[121.302701,24.979785],[121.30274,24.979821],[121.302752,24.979833],[121.302831,24.979905],[121.302895,24.979965],[121.30298,24.980043],[121.30302,24.98008],[121.30329,24.98033],[121.303307,24.980315],[121.303311,24.98031],[121.303313,24.980307],[121.303314,24.980304],[121.303314,24.980301],[121.303314,24.980297],[121.303051,24.980053],[121.30301,24.980016],[121.302925,24.979938],[121.302861,24.979878],[121.302784,24.979806],[121.302771,24.979794],[121.30273,24.979758],[121.302701,24.979731],[121.302544,24.979584],[121.302432,24.97948],[121.302333,24.97939],[121.302328,24.979385],[121.302324,24.979383],[121.30232,24.979381],[121.302316,24.97938],[121.30231,24.979379]]]]}},{"type":"Feature","properties":{"NAME":"德壽街","PSTART":"德壽街","PEND":"德壽街1","SW_DIRECT":"1","SW_LENG":54.38,"SW_WTH":4.0,"SWW_WTH":2.0,"SW_RAMP":2,"COUNTY_NA":"桃園市","VILL_NAME":"桃園區"},"geometry":{"type":"MultiPolygon","coordinates":[[[[121.303513,24.98048],[121.303482,24.980452],[121.303425,24.980502],[121.303433,24.980511],[121.303802,24.980849],[121.303834,24.980825],[121.303773,24.98072],[121.303746,24.980695],[121.303547,24.980512],[121.303513,24.98048]]]]}},{"type":"Feature","properties":{"NAME":"榮華街64巷","PSTART":"榮華街64巷","PEND":"榮華街64巷","SW_DIRECT":"1","SW_LENG":52.0,"SW_WTH":2.88,"SWW_WTH":2.88,"SW_RAMP":2,"COUNTY_NA":"桃園市","VILL_NAME":"桃園區"},"geometry":{"type":"MultiPolygon","coordinates":[[[[121.321028,24.978214],[121.321056,24.978191],[121.321059,24.978118],[121.321065,24.97804],[121.321069,24.977975],[121.321076,24.977891],[121.32108,24.977829],[121.321084,24.977776],[121.321087,24.977741],[121.321026,24.977774],[121.321047,24.977819],[121.321038,24.978017],[121.321033,24.978144],[121.321029,24.97818],[121.321019,24.978191],[121.321006,24.978191],[121.321005,24.978213],[121.321005,24.978214],[121.321004,24.978216],[121.321004,24.978218],[121.321003,24.978219],[121.321001,24.978222],[121.321,24.978223],[121.320998,24.978224],[121.320995,24.978226],[121.321006,24.978223],[121.321018,24.978218],[121.321028,24.978214]]]]}},{"type":"Feature","properties":{"NAME":"民權路25巷","PSTART":"民權路25巷","PEND":"民權路25巷","SW_DIRECT":"1","SW_LENG":48.71,"SW_WTH":1.4,"SWW_WTH":1.4,"SW_RAMP":2,"COUNTY_NA":"桃園市","VILL_NAME":"桃園區"},"geometry":{"type":"MultiPolygon","coordinates":[[[[121.311489,24.990493],[121.311036,24.990342],[121.311031,24.990353],[121.311257,24.990429],[121.311484,24.990505],[121.311489,24.990493]]]]}},{"type":"Feature","properties":{"NAME":"中山路472巷","PSTART":"中山路472巷","PEND":"中山路472巷","SW_DIRECT":"1","SW_LENG":34.92,"SW_WTH":1.3,"SWW_WTH":1.3,"SW_RAMP":2,"COUNTY_NA":"桃園市","VILL_NAME":"桃園區"},"geometry":{"type":"MultiPolygon","coordinates":[[[[121.301567,24.991943],[121.301554,24.991943],[121.301544,24.992188],[121.301539,24.992258],[121.301553,24.992258],[121.301554,24.992234],[121.301557,24.992174],[121.301559,24.992128],[121.301564,24.992011],[121.301567,24.991943]]]]}},{"type":"Feature","properties":{"NAME":"三民路三段","PSTART":"永安路","PEND":"中正路","SW_DIRECT":"2","SW_LENG":7.69,"SW_WTH":3.09,"SWW_WTH":3.09,"SW_RAMP":2,"COUNTY_NA":"桃園市","VILL_NAME":"桃園區"},"geometry":{"type":"MultiPolygon","coordinates":[[[[121.306993,24.998081],[121.306992,24.99808],[121.30697,24.9981],[121.306975,24.998105],[121.307019,24.998142],[121.30703,24.998152],[121.307031,24.99815],[121.307033,24.998146],[121.307034,24.998143],[121.307036,24.998139],[121.307037,24.998132],[121.307039,24.998121],[121.307037,24.99812],[121.307009,24.998096],[121.306993,24.998081]]]]}},{"type":"Feature","properties":{"NAME":"育樂街","PSTART":"育樂街","PEND":"育樂街2","SW_DIRECT":"1","SW_LENG":44.76,"SW_WTH":0.97,"SWW_WTH":0.97,"SW_RAMP":2,"COUNTY_NA":"桃園市","VILL_NAME":"桃園區"},"geometry":{"type":"MultiPolygon","coordinates":[[[[121.304365,24.992289],[121.304354,24.992251],[121.304344,24.992253],[121.304353,24.992279],[121.304355,24.992285],[121.30436,24.99231],[121.304386,24.992386],[121.304407,24.992448],[121.304422,24.992498],[121.304454,24.992603],[121.304467,24.992641],[121.304477,24.992638],[121.304468,24.992609],[121.304426,24.992477],[121.304365,24.992289]]]]}},{"type":"Feature","properties":{"NAME":"三民路二段","PSTART":"民生路","PEND":"朝陽街2","SW_DIRECT":"2","SW_LENG":4.77,"SW_WTH":2.68,"SWW_WTH":2.68,"SW_RAMP":2,"COUNTY_NA":"桃園市","VILL_NAME":"桃園區"},"geometry":{"type":"MultiPolygon","coordinates":[[[[121.311794,25.000363],[121.311782,25.000362],[121.311774,25.000365],[121.311768,25.000369],[121.311763,25.000374],[121.311758,25.00038],[121.31181,25.000393],[121.311814,25.00038],[121.311814,25.000377],[121.311817,25.000367],[121.311794,25.000363]]]]}},{"type":"Feature","properties":{"NAME":"三民路二段","PSTART":"民生路","PEND":"朝陽街6","SW_DIRECT":"2","SW_LENG":4.74,"SW_WTH":2.93,"SWW_WTH":2.93,"SW_RAMP":2,"COUNTY_NA":"桃園市","VILL_NAME":"桃園區"},"geometry":{"type":"MultiPolygon","coordinates":[[[[121.311547,25.000303],[121.311523,25.000295],[121.311515,25.000322],[121.311563,25.000335],[121.311563,25.000326],[121.311562,25.000319],[121.31156,25.000313],[121.311556,25.000308],[121.311547,25.000303]]]]}},{"type":"Feature","properties":{"NAME":"三民路二段","PSTART":"民生路","PEND":"朝陽街7","SW_DIRECT":"2","SW_LENG":11.16,"SW_WTH":2.71,"SWW_WTH":2.71,"SW_RAMP":2,"COUNTY_NA":"桃園市","VILL_NAME":"桃園區"},"geometry":{"type":"MultiPolygon","coordinates":[[[[121.311227,25.000221],[121.311204,25.000215],[121.311201,25.000216],[121.311196,25.000222],[121.311191,25.000239],[121.311246,25.000252],[121.311298,25.000266],[121.311301,25.000258],[121.311301,25.000251],[121.311301,25.00024],[121.311292,25.000238],[121.31127,25.000233],[121.311227,25.000221]]]]}},{"type":"Feature","properties":{"NAME":"樹林一街","PSTART":"樹林一街","PEND":"樹林一街","SW_DIRECT":"1","SW_LENG":71.47,"SW_WTH":3.39,"SWW_WTH":3.39,"SW_RAMP":2,"COUNTY_NA":"桃園市","VILL_NAME":"桃園區"},"geometry":{"type":"MultiPolygon","coordinates":[[[[121.311459,24.979533],[121.311457,24.979349],[121.311424,24.97935],[121.311425,24.979491],[121.311428,24.979766],[121.31143,24.979929],[121.311431,24.979983],[121.311448,24.979998],[121.311456,24.980006],[121.311464,24.98],[121.311464,24.979968],[121.311463,24.979844],[121.311461,24.979713],[121.311459,24.979533]]]]}},{"type":"Feature","properties":{"NAME":"樹林二街","PSTART":"樹林二街","PEND":"樹林二街","SW_DIRECT":"1","SW_LENG":45.69,"SW_WTH":3.58,"SWW_WTH":3.58,"SW_RAMP":2,"COUNTY_NA":"桃園市","VILL_NAME":"桃園區"},"geometry":{"type":"MultiPolygon","coordinates":[[[[121.311948,24.979412],[121.311912,24.979412],[121.311913,24.979459],[121.311919,24.979689],[121.311921,24.979817],[121.311956,24.979832],[121.311954,24.97972],[121.311948,24.979413],[121.311948,24.979412]]]]}},{"type":"Feature","properties":{"NAME":"建新街","PSTART":"建新街","PEND":"建新街_4B","SW_DIRECT":"1","SW_LENG":183.49,"SW_WTH":3.14,"SWW_WTH":3.14,"SW_RAMP":2,"COUNTY_NA":"桃園市","VILL_NAME":"桃園區"},"geometry":{"type":"MultiPolygon","coordinates":[[[[121.311109,24.980081],[121.31111,24.980079],[121.311086,24.980081],[121.311068,24.980088],[121.311059,24.980099],[121.311056,24.980118],[121.311148,24.980412],[121.311329,24.981006],[121.31142,24.981296],[121.311476,24.981478],[121.311509,24.981576],[121.31152,24.981616],[121.311568,24.981632],[121.311588,24.98164],[121.3116,24.981639],[121.311598,24.981633],[121.311545,24.981607],[121.311537,24.981572],[121.311448,24.981283],[121.311356,24.980988],[121.311233,24.980588],[121.311085,24.980116],[121.311109,24.980081]]]]}},{"type":"Feature","properties":{"NAME":"建新街","PSTART":"建新街","PEND":"建新街_6B","SW_DIRECT":"1","SW_LENG":330.5,"SW_WTH":4.18,"SWW_WTH":4.18,"SW_RAMP":2,"COUNTY_NA":"桃園市","VILL_NAME":"桃園區"},"geometry":{"type":"MultiPolygon","coordinates":[[[[121.309889,24.97676],[121.309756,24.976538],[121.309703,24.976567],[121.309731,24.976615],[121.309868,24.97684],[121.309998,24.977165],[121.310227,24.977659],[121.310248,24.977769],[121.310366,24.978262],[121.310651,24.979339],[121.310676,24.979409],[121.310692,24.979378],[121.310616,24.979098],[121.310583,24.978957],[121.310468,24.9785],[121.31034,24.977976],[121.31028,24.977718],[121.310266,24.977683],[121.310243,24.977622],[121.310076,24.9772],[121.310008,24.977027],[121.309971,24.976931],[121.309889,24.97676]]]]}},{"type":"Feature","properties":{"NAME":"建新街","PSTART":"建新街","PEND":"建新街_5B","SW_DIRECT":"1","SW_LENG":225.35,"SW_WTH":4.32,"SWW_WTH":4.32,"SW_RAMP":2,"COUNTY_NA":"桃園市","VILL_NAME":"桃園區"},"geometry":{"type":"MultiPolygon","coordinates":[[[[121.310741,24.97963],[121.310722,24.979624],[121.310722,24.979631],[121.310724,24.979653],[121.310727,24.97967],[121.310878,24.980315],[121.311155,24.98115],[121.311282,24.981582],[121.311305,24.981581],[121.311328,24.981579],[121.311326,24.981557],[121.311205,24.981165],[121.310914,24.980238],[121.310753,24.979635],[121.310741,24.97963]]]]}},{"type":"Feature","properties":{"NAME":"建新街","PSTART":"建新街","PEND":"建新街_2B","SW_DIRECT":"1","SW_LENG":13.78,"SW_WTH":2.74,"SWW_WTH":2.74,"SW_RAMP":2,"COUNTY_NA":"桃園市","VILL_NAME":"桃園區"},"geometry":{"type":"MultiPolygon","coordinates":[[[[121.311837,24.982242],[121.311826,24.982216],[121.311812,24.982222],[121.311808,24.982225],[121.311805,24.98223],[121.311804,24.982235],[121.311808,24.982244],[121.311847,24.982335],[121.311853,24.982337],[121.311859,24.982337],[121.311865,24.982337],[121.311876,24.982334],[121.311852,24.982278],[121.311837,24.982242]]]]}},{"type":"Feature","properties":{"NAME":"金門二街","PSTART":"金門二街","PEND":"金門二街12","SW_DIRECT":"1","SW_LENG":7.44,"SW_WTH":3.27,"SWW_WTH":3.27,"SW_RAMP":2,"COUNTY_NA":"桃園市","VILL_NAME":"桃園區"},"geometry":{"type":"MultiPolygon","coordinates":[[[[121.3166,24.981845],[121.316565,24.98183],[121.316552,24.981858],[121.316617,24.981884],[121.316631,24.981866],[121.3166,24.981845]]]]}},{"type":"Feature","properties":{"NAME":"金門二街","PSTART":"金門二街","PEND":"金門二街19","SW_DIRECT":"1","SW_LENG":37.08,"SW_WTH":3.58,"SWW_WTH":3.58,"SW_RAMP":2,"COUNTY_NA":"桃園市","VILL_NAME":"桃園區"},"geometry":{"type":"MultiPolygon","coordinates":[[[[121.316329,24.981755],[121.316176,24.981739],[121.316173,24.98177],[121.31623,24.981776],[121.316335,24.981788],[121.316399,24.981794],[121.316414,24.981799],[121.316454,24.981815],[121.316521,24.981844],[121.316534,24.981816],[121.31651,24.981806],[121.316416,24.981764],[121.316389,24.981761],[121.316329,24.981755]]]]}},{"type":"Feature","properties":{"NAME":"金門二街","PSTART":"金門二街","PEND":"金門二街15","SW_DIRECT":"1","SW_LENG":105.53,"SW_WTH":3.38,"SWW_WTH":3.38,"SW_RAMP":2,"COUNTY_NA":"桃園市","VILL_NAME":"桃園區"},"geometry":{"type":"MultiPolygon","coordinates":[[[[121.315201,24.981634],[121.314945,24.981607],[121.314942,24.981637],[121.315084,24.981652],[121.315475,24.981694],[121.315761,24.981725],[121.31598,24.981749],[121.315983,24.981718],[121.315817,24.9817],[121.315388,24.981654],[121.315201,24.981634]]]]}},{"type":"Feature","properties":{"NAME":"金門二街","PSTART":"金門二街","PEND":"金門二街1","SW_DIRECT":"1","SW_LENG":5.59,"SW_WTH":2.5,"SWW_WTH":2.5,"SW_RAMP":2,"COUNTY_NA":"桃園市","VILL_NAME":"桃園區"},"geometry":{"type":"MultiPolygon","coordinates":[[[[121.314917,24.981634],[121.314922,24.981605],[121.314886,24.981617],[121.314866,24.98163],[121.314917,24.981634]]]]}},{"type":"Feature","properties":{"NAME":"大豐路","PSTART":"大豐路","PEND":"大豐路","SW_DIRECT":"2","SW_LENG":25.54,"SW_WTH":1.73,"SWW_WTH":1.73,"SW_RAMP":2,"COUNTY_NA":"桃園市","VILL_NAME":"桃園區"},"geometry":{"type":"MultiPolygon","coordinates":[[[[121.316946,24.980457],[121.316816,24.980445],[121.316815,24.98046],[121.317049,24.980484],[121.317066,24.980486],[121.317068,24.980469],[121.316946,24.980457]]]]}},{"type":"Feature","properties":{"NAME":"樹林九街","PSTART":"樹林九街","PEND":"樹林九街","SW_DIRECT":"1","SW_LENG":136.52,"SW_WTH":4.57,"SWW_WTH":4.57,"SW_RAMP":2,"COUNTY_NA":"桃園市","VILL_NAME":"桃園區"},"geometry":{"type":"MultiPolygon","coordinates":[[[[121.316686,24.980484],[121.316645,24.980484],[121.316642,24.980634],[121.31663,24.981025],[121.31661,24.981514],[121.316611,24.981707],[121.316647,24.981722],[121.316659,24.981707],[121.316666,24.98142],[121.316672,24.981117],[121.316691,24.980492],[121.316686,24.980484]]]]}},{"type":"Feature","properties":{"NAME":"延平路","PSTART":"延平路","PEND":"延平路","SW_DIRECT":"1","SW_LENG":17.57,"SW_WTH":3.59,"SWW_WTH":3.59,"SW_RAMP":2,"COUNTY_NA":"桃園市","VILL_NAME":"桃園區"},"geometry":{"type":"MultiPolygon","coordinates":[[[[121.314737,24.980439],[121.314698,24.980438],[121.314723,24.980597],[121.314754,24.980595],[121.31474,24.980456],[121.314737,24.980439]]]]}},{"type":"Feature","properties":{"NAME":"陽明一街","PSTART":"陽明一街","PEND":"陽明一街","SW_DIRECT":"1","SW_LENG":16.34,"SW_WTH":4.54,"SWW_WTH":4.54,"SW_RAMP":2,"COUNTY_NA":"桃園市","VILL_NAME":"桃園區"},"geometry":{"type":"MultiPolygon","coordinates":[[[[121.307358,24.978138],[121.30727,24.978],[121.307222,24.978],[121.307238,24.978067],[121.307243,24.978066],[121.307247,24.978067],[121.30725,24.978067],[121.307254,24.978069],[121.3073,24.978118],[121.307302,24.978125],[121.307302,24.978129],[121.307301,24.978134],[121.307358,24.978138]]]]}},{"type":"Feature","properties":{"NAME":"介新街_4","PSTART":"介新街_4A","PEND":"介新街_4B","SW_DIRECT":"1","SW_LENG":45.78,"SW_WTH":1.8,"SWW_WTH":1.8,"SW_RAMP":2,"COUNTY_NA":"桃園市","VILL_NAME":"桃園區"},"geometry":{"type":"MultiPolygon","coordinates":[[[[121.307666,24.977296],[121.307652,24.977287],[121.307375,24.977616],[121.307373,24.977618],[121.307381,24.97762],[121.307386,24.97762],[121.307389,24.977621],[121.307391,24.977621],[121.307393,24.97762],[121.307394,24.97762],[121.307395,24.977619],[121.307398,24.977616],[121.307548,24.977437],[121.307666,24.977296]]]]}},{"type":"Feature","properties":{"NAME":"介新街_3","PSTART":"介新街_3A","PEND":"介新街_3B","SW_DIRECT":"1","SW_LENG":40.79,"SW_WTH":2.97,"SWW_WTH":2.97,"SW_RAMP":2,"COUNTY_NA":"桃園市","VILL_NAME":"桃園區"},"geometry":{"type":"MultiPolygon","coordinates":[[[[121.307238,24.978067],[121.307222,24.978],[121.307071,24.978186],[121.30702,24.978249],[121.30697,24.978311],[121.306983,24.978331],[121.307085,24.978213],[121.307131,24.978152],[121.307227,24.978074],[121.307233,24.978069],[121.307238,24.978067]]]]}},{"type":"Feature","properties":{"NAME":"陽明六街","PSTART":"陽明六街","PEND":"陽明六街","SW_DIRECT":"1","SW_LENG":42.19,"SW_WTH":2.75,"SWW_WTH":2.75,"SW_RAMP":2,"COUNTY_NA":"桃園市","VILL_NAME":"桃園區"},"geometry":{"type":"MultiPolygon","coordinates":[[[[121.307358,24.978138],[121.307301,24.978134],[121.307297,24.97814],[121.307194,24.978222],[121.307183,24.978227],[121.30717,24.97823],[121.306983,24.978331],[121.306996,24.97835],[121.307084,24.978304],[121.307336,24.978172],[121.307341,24.978168],[121.307348,24.978162],[121.307351,24.978157],[121.307355,24.978149],[121.307358,24.978138]]]]}},{"type":"Feature","properties":{"NAME":"林森路","PSTART":"林森路","PEND":"林森路","SW_DIRECT":"1","SW_LENG":196.9,"SW_WTH":1.64,"SWW_WTH":1.64,"SW_RAMP":2,"COUNTY_NA":"桃園市","VILL_NAME":"桃園區"},"geometry":{"type":"MultiPolygon","coordinates":[[[[121.317794,24.989304],[121.317777,24.989295],[121.317759,24.989319],[121.317746,24.989331],[121.317729,24.989345],[121.317717,24.989354],[121.317699,24.989365],[121.317691,24.989369],[121.317645,24.989386],[121.31746,24.989442],[121.317341,24.989465],[121.317245,24.989478],[121.317019,24.989493],[121.316925,24.989498],[121.316685,24.989506],[121.316655,24.989507],[121.316629,24.989513],[121.316597,24.989522],[121.316563,24.989538],[121.316531,24.989558],[121.316506,24.989577],[121.316487,24.989593],[121.31645,24.989628],[121.316457,24.989643],[121.316459,24.989648],[121.316392,24.989845],[121.316375,24.989865],[121.316208,24.990005],[121.316185,24.990022],[121.316191,24.990026],[121.316204,24.990027],[121.316212,24.990023],[121.316283,24.989968],[121.316396,24.989868],[121.316404,24.989858],[121.316407,24.989851],[121.316424,24.989795],[121.316463,24.989681],[121.316477,24.989642],[121.316482,24.989631],[121.316488,24.989621],[121.316496,24.98961],[121.316502,24.989603],[121.316515,24.989592],[121.316522,24.989585],[121.316537,24.989573],[121.316546,24.989567],[121.31656,24.989557],[121.316582,24.989546],[121.31659,24.989542],[121.316613,24.989533],[121.316633,24.989528],[121.316646,24.989524],[121.31666,24.989522],[121.316682,24.98952],[121.316833,24.989516],[121.316979,24.989511],[121.317077,24.989507],[121.317168,24.989503],[121.317267,24.98949],[121.317371,24.989475],[121.31742,24.989466],[121.317475,24.989454],[121.317513,24.989444],[121.317647,24.989399],[121.317706,24.989376],[121.31773,24.989365],[121.317741,24.98936],[121.317752,24.989353],[121.317768,24.98934],[121.31778,24.989326],[121.317794,24.989304]]]]}},{"type":"Feature","properties":{"NAME":"林森路","PSTART":"林森路","PEND":"林森路","SW_DIRECT":"1","SW_LENG":171.2,"SW_WTH":2.28,"SWW_WTH":2.28,"SW_RAMP":2,"COUNTY_NA":"桃園市","VILL_NAME":"桃園區"},"geometry":{"type":"MultiPolygon","coordinates":[[[[121.316831,24.989606],[121.316963,24.989603],[121.316973,24.98961],[121.317116,24.989596],[121.317188,24.989596],[121.317261,24.989585],[121.317264,24.989597],[121.317423,24.989559],[121.317552,24.98953],[121.317757,24.989468],[121.317747,24.989442],[121.317725,24.989447],[121.31764,24.989477],[121.317556,24.989505],[121.317511,24.989518],[121.317481,24.989525],[121.317442,24.989534],[121.317387,24.989544],[121.317298,24.989558],[121.317201,24.989572],[121.317155,24.989575],[121.317063,24.98958],[121.316868,24.989586],[121.316713,24.98959],[121.31667,24.989593],[121.316652,24.989596],[121.316641,24.9896],[121.31663,24.989604],[121.31661,24.989613],[121.316594,24.989623],[121.316578,24.989635],[121.316564,24.989649],[121.31655,24.989667],[121.316538,24.989697],[121.316487,24.989869],[121.316478,24.989889],[121.316468,24.989901],[121.316452,24.989917],[121.316368,24.98999],[121.316363,24.989998],[121.316358,24.99003],[121.31636,24.990034],[121.316378,24.990037],[121.316387,24.99],[121.316481,24.989915],[121.316503,24.989883],[121.316573,24.989669],[121.316598,24.989647],[121.316606,24.989639],[121.316622,24.98963],[121.316642,24.989622],[121.316658,24.989616],[121.316671,24.989614],[121.316831,24.989606]]]]}},{"type":"Feature","properties":{"NAME":"萬壽路三段","PSTART":"大同路","PEND":"山鶯路2","SW_DIRECT":"1","SW_LENG":132.31,"SW_WTH":1.37,"SWW_WTH":1.37,"SW_RAMP":2,"COUNTY_NA":"桃園市","VILL_NAME":"桃園區"},"geometry":{"type":"MultiPolygon","coordinates":[[[[121.316455,24.990076],[121.316358,24.990058],[121.316356,24.990068],[121.316456,24.990087],[121.316599,24.990113],[121.316716,24.990136],[121.316972,24.990189],[121.317213,24.990244],[121.317462,24.990304],[121.31763,24.990346],[121.317633,24.990336],[121.317358,24.990267],[121.316859,24.990153],[121.316759,24.990134],[121.316455,24.990076]]]]}},{"type":"Feature","properties":{"NAME":"延平路","PSTART":"延平路","PEND":"延平路","SW_DIRECT":"1","SW_LENG":196.97,"SW_WTH":1.47,"SWW_WTH":1.47,"SW_RAMP":2,"COUNTY_NA":"桃園市","VILL_NAME":"桃園區"},"geometry":{"type":"MultiPolygon","coordinates":[[[[121.314439,24.98575],[121.314426,24.985746],[121.314425,24.985747],[121.314423,24.98575],[121.314411,24.985812],[121.314382,24.986048],[121.31435,24.986271],[121.314313,24.98656],[121.314259,24.986956],[121.314213,24.987291],[121.314192,24.987482],[121.314192,24.987512],[121.314197,24.987514],[121.314222,24.987371],[121.314259,24.987076],[121.314295,24.986799],[121.314332,24.986502],[121.314382,24.986146],[121.314427,24.985817],[121.314439,24.98575]]]]}},{"type":"Feature","properties":{"NAME":"林森路","PSTART":"林森路","PEND":"林森路","SW_DIRECT":"1","SW_LENG":32.35,"SW_WTH":1.11,"SWW_WTH":1.11,"SW_RAMP":2,"COUNTY_NA":"桃園市","VILL_NAME":"桃園區"},"geometry":{"type":"MultiPolygon","coordinates":[[[[121.318882,24.98903],[121.318876,24.98902],[121.31883,24.989041],[121.318724,24.98909],[121.318598,24.989149],[121.318587,24.989153],[121.318593,24.98916],[121.318653,24.989133],[121.318834,24.989051],[121.318882,24.98903]]]]}},{"type":"Feature","properties":{"NAME":"林森路","PSTART":"林森路","PEND":"林森路","SW_DIRECT":"1","SW_LENG":66.37,"SW_WTH":1.4,"SWW_WTH":1.4,"SW_RAMP":2,"COUNTY_NA":"桃園市","VILL_NAME":"桃園區"},"geometry":{"type":"MultiPolygon","coordinates":[[[[121.318767,24.988974],[121.318744,24.98895],[121.318673,24.989002],[121.318637,24.989023],[121.318535,24.98906],[121.31845,24.989086],[121.318276,24.989131],[121.318142,24.989169],[121.318147,24.989182],[121.318325,24.989132],[121.318483,24.989087],[121.318582,24.989055],[121.318621,24.98904],[121.31866,24.989023],[121.318679,24.989012],[121.318767,24.988974]]]]}},{"type":"Feature","properties":{"NAME":"大林路","PSTART":"大林路","PEND":"大林路","SW_DIRECT":"1","SW_LENG":32.22,"SW_WTH":4.0,"SWW_WTH":4.0,"SW_RAMP":2,"COUNTY_NA":"桃園市","VILL_NAME":"桃園區"},"geometry":{"type":"MultiPolygon","coordinates":[[[[121.317797,24.988637],[121.317514,24.988563],[121.317504,24.988598],[121.317712,24.988653],[121.317805,24.988677],[121.317818,24.98866],[121.317801,24.988639],[121.317797,24.988637]]]]}},{"type":"Feature","properties":{"NAME":"桃鶯路","PSTART":"桃鶯路","PEND":"桃鶯路","SW_DIRECT":"1","SW_LENG":14.01,"SW_WTH":1.92,"SWW_WTH":1.92,"SW_RAMP":2,"COUNTY_NA":"桃園市","VILL_NAME":"桃園區"},"geometry":{"type":"MultiPolygon","coordinates":[[[[121.317821,24.989226],[121.317822,24.989174],[121.317803,24.989179],[121.317802,24.989219],[121.3178,24.989236],[121.317796,24.989253],[121.317792,24.989264],[121.317777,24.989295],[121.317794,24.989304],[121.317817,24.989252],[121.317821,24.989226]]]]}},{"type":"Feature","properties":{"NAME":"林森路","PSTART":"林森路","PEND":"林森路","SW_DIRECT":"1","SW_LENG":29.73,"SW_WTH":1.26,"SWW_WTH":1.26,"SW_RAMP":2,"COUNTY_NA":"桃園市","VILL_NAME":"桃園區"},"geometry":{"type":"MultiPolygon","coordinates":[[[[121.318496,24.989204],[121.318488,24.989199],[121.318377,24.989245],[121.318194,24.98932],[121.318202,24.989331],[121.318496,24.989204]]]]}},{"type":"Feature","properties":{"NAME":"建國路","PSTART":"建國路","PEND":"建國路_3B","SW_DIRECT":"1","SW_LENG":19.97,"SW_WTH":3.43,"SWW_WTH":3.43,"SW_RAMP":2,"COUNTY_NA":"桃園市","VILL_NAME":"桃園區"},"geometry":{"type":"MultiPolygon","coordinates":[[[[121.304815,24.984747],[121.30474,24.984741],[121.304763,24.984774],[121.30482,24.984779],[121.304946,24.984791],[121.30495,24.98476],[121.304815,24.984747]]]]}},{"type":"Feature","properties":{"NAME":"大同路","PSTART":"南華街","PEND":"民族路","SW_DIRECT":"2","SW_LENG":66.43,"SW_WTH":0.93,"SWW_WTH":0.93,"SW_RAMP":2,"COUNTY_NA":"桃園市","VILL_NAME":"桃園區"},"geometry":{"type":"MultiPolygon","coordinates":[[[[121.309195,24.988557],[121.309192,24.988556],[121.309192,24.988557],[121.309189,24.988564],[121.309199,24.988567],[121.309251,24.988584],[121.309276,24.988592],[121.309327,24.988608],[121.309369,24.988622],[121.309403,24.988633],[121.309457,24.98865],[121.309486,24.988659],[121.30955,24.988679],[121.309591,24.988692],[121.309636,24.988706],[121.309701,24.988728],[121.309755,24.988745],[121.30981,24.988763],[121.309814,24.988754],[121.30977,24.98874],[121.309724,24.988726],[121.309647,24.988702],[121.309585,24.988681],[121.309525,24.988662],[121.309463,24.988643],[121.30939,24.988619],[121.309373,24.988614],[121.309332,24.9886],[121.30928,24.988583],[121.309254,24.988575],[121.30922,24.988565],[121.309195,24.988557]]]]}},{"type":"Feature","properties":{"NAME":"博愛路_1","PSTART":"博愛路_1A","PEND":"博愛路_1B","SW_DIRECT":"1","SW_LENG":34.72,"SW_WTH":5.08,"SWW_WTH":5.08,"SW_RAMP":2,"COUNTY_NA":"桃園市","VILL_NAME":"桃園區"},"geometry":{"type":"MultiPolygon","coordinates":[[[[121.30796,24.993726],[121.307905,24.993699],[121.307904,24.993701],[121.3079,24.993704],[121.307898,24.993706],[121.307894,24.993707],[121.307891,24.993707],[121.307887,24.993707],[121.307883,24.993706],[121.307867,24.993698],[121.307859,24.993712],[121.307845,24.993735],[121.307847,24.993736],[121.307852,24.993742],[121.307865,24.993749],[121.307868,24.993751],[121.307886,24.99376],[121.307921,24.993778],[121.307952,24.993794],[121.307982,24.99381],[121.308007,24.993823],[121.30803,24.993835],[121.308068,24.993855],[121.308103,24.993873],[121.308104,24.993873],[121.308113,24.993858],[121.308115,24.993852],[121.308124,24.993831],[121.308106,24.993822],[121.308093,24.993815],[121.307991,24.993762],[121.307955,24.993743],[121.307952,24.993738],[121.30796,24.993726]]]]}},{"type":"Feature","properties":{"NAME":"中華路","PSTART":"中華路","PEND":"中華路","SW_DIRECT":"1","SW_LENG":29.34,"SW_WTH":3.61,"SWW_WTH":3.61,"SW_RAMP":2,"COUNTY_NA":"桃園市","VILL_NAME":"桃園區"},"geometry":{"type":"MultiPolygon","coordinates":[[[[121.311505,24.991198],[121.311407,24.991168],[121.311396,24.991199],[121.311459,24.991218],[121.311493,24.991229],[121.311671,24.991284],[121.311683,24.991253],[121.311505,24.991198]]]]}},{"type":"Feature","properties":{"NAME":"民權路","PSTART":"民權路","PEND":"民權路_3B","SW_DIRECT":"1","SW_LENG":21.76,"SW_WTH":2.0,"SWW_WTH":2.0,"SW_RAMP":2,"COUNTY_NA":"桃園市","VILL_NAME":"桃園區"},"geometry":{"type":"MultiPolygon","coordinates":[[[[121.311386,24.991279],[121.311392,24.991264],[121.311403,24.991268],[121.311413,24.991241],[121.311413,24.991239],[121.311414,24.991237],[121.311415,24.991235],[121.311416,24.991233],[121.311417,24.991231],[121.311418,24.991228],[121.31142,24.991227],[121.311422,24.991225],[121.311425,24.991222],[121.311427,24.991221],[121.311429,24.99122],[121.311431,24.991219],[121.311435,24.991217],[121.311438,24.991216],[121.311441,24.991216],[121.311444,24.991215],[121.311447,24.991215],[121.311449,24.991216],[121.311451,24.991216],[121.311396,24.991199],[121.311368,24.991271],[121.311338,24.991352],[121.311325,24.991384],[121.311354,24.991393],[121.311358,24.991385],[121.311358,24.991378],[121.311367,24.991355],[121.311358,24.991353],[121.311386,24.991279]]]]}},{"type":"Feature","properties":{"NAME":"中華路","PSTART":"中華路","PEND":"中華路","SW_DIRECT":"1","SW_LENG":80.71,"SW_WTH":4.0,"SWW_WTH":2.0,"SW_RAMP":2,"COUNTY_NA":"桃園市","VILL_NAME":"桃園區"},"geometry":{"type":"MultiPolygon","coordinates":[[[[121.309894,24.990685],[121.309824,24.990662],[121.309777,24.990682],[121.309771,24.99068],[121.309769,24.990687],[121.309765,24.990696],[121.309758,24.990715],[121.309758,24.990716],[121.309759,24.990716],[121.309815,24.990735],[121.309994,24.990791],[121.310229,24.990866],[121.310384,24.990917],[121.310518,24.990959],[121.310543,24.990892],[121.310463,24.990866],[121.310308,24.990816],[121.310073,24.99074],[121.309894,24.990685]]]]}},{"type":"Feature","properties":{"NAME":"復興路","PSTART":"復興路","PEND":"復興路","SW_DIRECT":"1","SW_LENG":61.97,"SW_WTH":4.0,"SWW_WTH":2.0,"SW_RAMP":2,"COUNTY_NA":"桃園市","VILL_NAME":"桃園區"},"geometry":{"type":"MultiPolygon","coordinates":[[[[121.311497,24.990106],[121.311394,24.990073],[121.311294,24.990041],[121.311078,24.989972],[121.311075,24.989972],[121.31107,24.989973],[121.311067,24.989974],[121.311063,24.989976],[121.31106,24.989979],[121.311059,24.989981],[121.311046,24.990016],[121.31115,24.990049],[121.31118,24.990109],[121.311194,24.990104],[121.311512,24.990204],[121.311592,24.990229],[121.311604,24.990252],[121.311644,24.990153],[121.311635,24.990149],[121.311497,24.990106]]]]}},{"type":"Feature","properties":{"NAME":"復興路","PSTART":"復興路","PEND":"復興路","SW_DIRECT":"1","SW_LENG":56.7,"SW_WTH":3.44,"SWW_WTH":3.44,"SW_RAMP":2,"COUNTY_NA":"桃園市","VILL_NAME":"桃園區"},"geometry":{"type":"MultiPolygon","coordinates":[[[[121.312315,24.990143],[121.312016,24.990047],[121.312004,24.990077],[121.312063,24.990096],[121.312187,24.990136],[121.31236,24.990191],[121.312458,24.990221],[121.31253,24.990244],[121.312534,24.990245],[121.312546,24.990217],[121.312439,24.990183],[121.312315,24.990143]]]]}},{"type":"Feature","properties":{"NAME":"復興路","PSTART":"復興路","PEND":"復興路","SW_DIRECT":"1","SW_LENG":47.86,"SW_WTH":4.63,"SWW_WTH":4.63,"SW_RAMP":2,"COUNTY_NA":"桃園市","VILL_NAME":"桃園區"},"geometry":{"type":"MultiPolygon","coordinates":[[[[121.312107,24.990301],[121.312042,24.990281],[121.312027,24.990323],[121.312282,24.9904],[121.312474,24.990463],[121.312492,24.990421],[121.312423,24.990401],[121.312236,24.990341],[121.312107,24.990301]]]]}},{"type":"Feature","properties":{"NAME":"中華路","PSTART":"中華路","PEND":"中華路","SW_DIRECT":"1","SW_LENG":30.9,"SW_WTH":6.76,"SWW_WTH":6.76,"SW_RAMP":2,"COUNTY_NA":"桃園市","VILL_NAME":"桃園區"},"geometry":{"type":"MultiPolygon","coordinates":[[[[121.30826,24.989944],[121.308181,24.989916],[121.30816,24.989977],[121.30817,24.98998],[121.308232,24.99],[121.308329,24.990031],[121.308344,24.990036],[121.308448,24.99007],[121.308469,24.990012],[121.308411,24.989993],[121.30826,24.989944]]]]}},{"type":"Feature","properties":{"NAME":"大同路","PSTART":"中正路","PEND":"萬壽路1","SW_DIRECT":"1","SW_LENG":19.04,"SW_WTH":2.86,"SWW_WTH":2.86,"SW_RAMP":2,"COUNTY_NA":"桃園市","VILL_NAME":"桃園區"},"geometry":{"type":"MultiPolygon","coordinates":[[[[121.314525,24.990131],[121.314495,24.990103],[121.31448,24.990109],[121.314448,24.990099],[121.314446,24.990103],[121.314337,24.990067],[121.314331,24.990082],[121.314331,24.990084],[121.314331,24.990085],[121.314332,24.990087],[121.314333,24.990089],[121.314334,24.990091],[121.314335,24.990093],[121.314337,24.990094],[121.31434,24.990096],[121.314346,24.990098],[121.314446,24.99013],[121.314488,24.990144],[121.314525,24.990131]]]]}},{"type":"Feature","properties":{"NAME":"萬壽路三段","PSTART":"大同路","PEND":"山鶯路3","SW_DIRECT":"1","SW_LENG":31.17,"SW_WTH":3.76,"SWW_WTH":3.76,"SW_RAMP":2,"COUNTY_NA":"桃園市","VILL_NAME":"桃園區"},"geometry":{"type":"MultiPolygon","coordinates":[[[[121.314577,24.989995],[121.314609,24.989911],[121.314632,24.989855],[121.314624,24.989853],[121.314618,24.989853],[121.314613,24.989854],[121.314608,24.989855],[121.314602,24.989859],[121.314599,24.989863],[121.314596,24.989871],[121.314571,24.989933],[121.314567,24.989943],[121.314559,24.98994],[121.314523,24.990032],[121.314495,24.990103],[121.31451,24.990117],[121.314525,24.990131],[121.314553,24.990057],[121.314562,24.990032],[121.314577,24.989995]]]]}},{"type":"Feature","properties":{"NAME":"民生路","PSTART":"民生路","PEND":"民生路10","SW_DIRECT":"1","SW_LENG":24.0,"SW_WTH":4.46,"SWW_WTH":4.46,"SW_RAMP":2,"COUNTY_NA":"桃園市","VILL_NAME":"桃園區"},"geometry":{"type":"MultiPolygon","coordinates":[[[[121.315243,24.990698],[121.315273,24.990666],[121.315337,24.990597],[121.315272,24.990572],[121.31527,24.990571],[121.315278,24.990596],[121.315266,24.990608],[121.315271,24.990611],[121.315244,24.99064],[121.315227,24.990634],[121.315222,24.990653],[121.315218,24.990663],[121.315209,24.990675],[121.31519,24.990671],[121.315174,24.990717],[121.315167,24.990718],[121.315179,24.990767],[121.315213,24.99073],[121.315243,24.990698]]]]}},{"type":"Feature","properties":{"NAME":"民生路","PSTART":"民生路","PEND":"民生路11","SW_DIRECT":"1","SW_LENG":29.27,"SW_WTH":5.82,"SWW_WTH":5.82,"SW_RAMP":2,"COUNTY_NA":"桃園市","VILL_NAME":"桃園區"},"geometry":{"type":"MultiPolygon","coordinates":[[[[121.313462,24.992654],[121.313522,24.992577],[121.313574,24.992518],[121.313627,24.992458],[121.313603,24.992452],[121.313596,24.992428],[121.31353,24.992407],[121.31351,24.99247],[121.313461,24.9926],[121.313436,24.992592],[121.313418,24.992638],[121.313431,24.992643],[121.313435,24.992646],[121.313438,24.992648],[121.31344,24.992651],[121.313441,24.992655],[121.313445,24.992667],[121.31345,24.992668],[121.313451,24.992668],[121.313462,24.992654]]]]}},{"type":"Feature","properties":{"NAME":"民生路","PSTART":"民生路67巷","PEND":"民生路55巷","SW_DIRECT":"2","SW_LENG":22.0,"SW_WTH":1.8,"SWW_WTH":1.8,"SW_RAMP":2,"COUNTY_NA":"桃園市","VILL_NAME":"桃園區"},"geometry":{"type":"MultiPolygon","coordinates":[[[[121.314396,24.991627],[121.314395,24.991614],[121.314365,24.991616],[121.314334,24.991617],[121.314336,24.991625],[121.314336,24.99163],[121.314334,24.991635],[121.314331,24.99164],[121.314299,24.991674],[121.314266,24.991709],[121.314225,24.991756],[121.314223,24.991758],[121.314233,24.991761],[121.314247,24.991765],[121.314255,24.991768],[121.314256,24.991768],[121.314257,24.991768],[121.31426,24.991769],[121.314263,24.99177],[121.314267,24.991765],[121.314295,24.991735],[121.314396,24.991627]]]]}},{"type":"Feature","properties":{"NAME":"民族路","PSTART":"民族路","PEND":"民族路_9B","SW_DIRECT":"1","SW_LENG":65.5,"SW_WTH":3.84,"SWW_WTH":3.84,"SW_RAMP":2,"COUNTY_NA":"桃園市","VILL_NAME":"桃園區"},"geometry":{"type":"MultiPolygon","coordinates":[[[[121.308432,24.993361],[121.308398,24.993347],[121.308331,24.993472],[121.308254,24.993616],[121.308218,24.993677],[121.308181,24.993735],[121.308142,24.993796],[121.30813,24.993815],[121.308113,24.993858],[121.308104,24.993873],[121.308103,24.993873],[121.308104,24.993874],[121.308124,24.993882],[121.308144,24.993891],[121.308172,24.993842],[121.308203,24.993786],[121.308293,24.993624],[121.308315,24.993582],[121.308336,24.993543],[121.308401,24.993415],[121.308432,24.993361]]]]}},{"type":"Feature","properties":{"NAME":"民權路","PSTART":"民權路","PEND":"民權路_2B","SW_DIRECT":"1","SW_LENG":10.98,"SW_WTH":7.04,"SWW_WTH":7.04,"SW_RAMP":2,"COUNTY_NA":"桃園市","VILL_NAME":"桃園區"},"geometry":{"type":"MultiPolygon","coordinates":[[[[121.310725,24.992698],[121.310735,24.992674],[121.31074,24.992676],[121.310755,24.992638],[121.310729,24.992632],[121.310687,24.992619],[121.310665,24.992682],[121.31065,24.992719],[121.310656,24.992721],[121.310664,24.992722],[121.310678,24.992721],[121.310689,24.99272],[121.310697,24.992716],[121.310706,24.99271],[121.310725,24.992698]]]]}},{"type":"Feature","properties":{"NAME":"東國街","PSTART":"東國街","PEND":"東國街15","SW_DIRECT":"1","SW_LENG":62.48,"SW_WTH":3.63,"SWW_WTH":3.63,"SW_RAMP":2,"COUNTY_NA":"桃園市","VILL_NAME":"桃園區"},"geometry":{"type":"MultiPolygon","coordinates":[[[[121.314977,24.994539],[121.315025,24.994406],[121.315064,24.994296],[121.315084,24.994242],[121.315104,24.994187],[121.315119,24.994143],[121.315083,24.994133],[121.315051,24.994211],[121.31503,24.994272],[121.315025,24.994288],[121.315005,24.994343],[121.315009,24.994344],[121.314996,24.994381],[121.314987,24.994405],[121.31498,24.994425],[121.314969,24.994454],[121.31496,24.994478],[121.314943,24.994524],[121.314941,24.994523],[121.314902,24.994629],[121.314889,24.994663],[121.31489,24.994666],[121.314891,24.994668],[121.314896,24.994671],[121.314905,24.994673],[121.31491,24.994675],[121.314915,24.994675],[121.314918,24.994674],[121.314922,24.994673],[121.314925,24.994671],[121.314929,24.994668],[121.314931,24.994664],[121.314941,24.994638],[121.314977,24.994539]]]]}},{"type":"Feature","properties":{"NAME":"民族路","PSTART":"民族路","PEND":"民族路_1B","SW_DIRECT":"1","SW_LENG":5.68,"SW_WTH":3.92,"SWW_WTH":3.92,"SW_RAMP":2,"COUNTY_NA":"桃園市","VILL_NAME":"桃園區"},"geometry":{"type":"MultiPolygon","coordinates":[[[[121.306402,24.996646],[121.30637,24.996629],[121.306369,24.996631],[121.306364,24.996636],[121.306362,24.996639],[121.306358,24.996642],[121.306355,24.996643],[121.306349,24.996645],[121.306342,24.996647],[121.306342,24.996684],[121.306361,24.99668],[121.306378,24.996672],[121.306386,24.996667],[121.306397,24.996654],[121.306402,24.996646]]]]}},{"type":"Feature","properties":{"NAME":"中正三街","PSTART":"中正三街","PEND":"中正三街","SW_DIRECT":"1","SW_LENG":109.15,"SW_WTH":4.25,"SWW_WTH":4.25,"SW_RAMP":2,"COUNTY_NA":"桃園市","VILL_NAME":"桃園區"},"geometry":{"type":"MultiPolygon","coordinates":[[[[121.305515,24.998993],[121.30551,24.998986],[121.305462,24.999009],[121.305498,24.999028],[121.305707,24.999139],[121.305973,24.999291],[121.306063,24.999341],[121.306207,24.999425],[121.306248,24.999449],[121.30633,24.999499],[121.306353,24.999511],[121.306392,24.999534],[121.306414,24.999503],[121.306316,24.999447],[121.30607,24.9993],[121.305782,24.999137],[121.305515,24.998993]]]]}},{"type":"Feature","properties":{"NAME":"中福街","PSTART":"中福街","PEND":"中福街","SW_DIRECT":"1","SW_LENG":162.78,"SW_WTH":3.22,"SWW_WTH":3.22,"SW_RAMP":2,"COUNTY_NA":"桃園市","VILL_NAME":"桃園區"},"geometry":{"type":"MultiPolygon","coordinates":[[[[121.305849,24.996428],[121.305839,24.996405],[121.305673,24.996495],[121.305138,24.996786],[121.304468,24.997151],[121.304451,24.99716],[121.304461,24.99717],[121.304466,24.997169],[121.304593,24.997116],[121.304769,24.997021],[121.305048,24.996869],[121.305446,24.996651],[121.305819,24.996447],[121.305849,24.996428]]]]}},{"type":"Feature","properties":{"NAME":"縣府路","PSTART":"無名路","PEND":"無名路1","SW_DIRECT":"1","SW_LENG":81.7,"SW_WTH":2.03,"SWW_WTH":2.03,"SW_RAMP":2,"COUNTY_NA":"桃園市","VILL_NAME":"桃園區"},"geometry":{"type":"MultiPolygon","coordinates":[[[[121.301868,24.993578],[121.301572,24.993568],[121.301571,24.993579],[121.301572,24.993582],[121.301572,24.993582],[121.301582,24.993584],[121.301635,24.993588],[121.302228,24.99361],[121.302349,24.993615],[121.302378,24.993615],[121.302382,24.993597],[121.302335,24.993595],[121.301868,24.993578]]]]}},{"type":"Feature","properties":{"NAME":"縣府路","PSTART":"無名路","PEND":"無名路","SW_DIRECT":"1","SW_LENG":57.32,"SW_WTH":1.86,"SWW_WTH":1.86,"SW_RAMP":2,"COUNTY_NA":"桃園市","VILL_NAME":"桃園區"},"geometry":{"type":"MultiPolygon","coordinates":[[[[121.30054,24.993622],[121.300126,24.993605],[121.300121,24.993607],[121.300118,24.993609],[121.300115,24.993612],[121.300112,24.993615],[121.300109,24.993621],[121.300399,24.993633],[121.300567,24.993641],[121.300685,24.993647],[121.300683,24.993641],[121.300678,24.993633],[121.300674,24.993629],[121.300659,24.993625],[121.30054,24.993622]]]]}},{"type":"Feature","properties":{"NAME":"縣府路","PSTART":"無名路","PEND":"無名路","SW_DIRECT":"1","SW_LENG":55.29,"SW_WTH":1.87,"SWW_WTH":1.87,"SW_RAMP":2,"COUNTY_NA":"桃園市","VILL_NAME":"桃園區"},"geometry":{"type":"MultiPolygon","coordinates":[[[[121.299847,24.993595],[121.299514,24.993585],[121.299505,24.993586],[121.299499,24.993588],[121.299495,24.99359],[121.299518,24.993603],[121.299547,24.993605],[121.299845,24.993611],[121.300055,24.99362],[121.300054,24.993613],[121.300052,24.993607],[121.300048,24.993603],[121.300046,24.993602],[121.299847,24.993595]]]]}},{"type":"Feature","properties":{"NAME":"縣府路","PSTART":"縣府路","PEND":"縣府路13","SW_DIRECT":"1","SW_LENG":30.34,"SW_WTH":3.35,"SWW_WTH":3.35,"SW_RAMP":2,"COUNTY_NA":"桃園市","VILL_NAME":"桃園區"},"geometry":{"type":"MultiPolygon","coordinates":[[[[121.301164,24.994827],[121.30115,24.994808],[121.301107,24.994827],[121.301038,24.994858],[121.300942,24.994893],[121.300928,24.994899],[121.3009,24.99491],[121.300894,24.994912],[121.300885,24.994921],[121.30088,24.994929],[121.300876,24.994939],[121.301006,24.994905],[121.301082,24.994872],[121.30117,24.994838],[121.301164,24.994827]]]]}},{"type":"Feature","properties":{"NAME":"縣府路","PSTART":"無名路","PEND":"無名路","SW_DIRECT":"1","SW_LENG":64.22,"SW_WTH":3.96,"SWW_WTH":3.96,"SW_RAMP":2,"COUNTY_NA":"桃園市","VILL_NAME":"桃園區"},"geometry":{"type":"MultiPolygon","coordinates":[[[[121.301811,24.994514],[121.301795,24.994514],[121.301548,24.994627],[121.301425,24.99469],[121.301303,24.994744],[121.301283,24.994753],[121.301275,24.994756],[121.301266,24.994767],[121.301261,24.994777],[121.301257,24.994788],[121.301255,24.994803],[121.301293,24.994787],[121.301428,24.994726],[121.301544,24.994672],[121.301661,24.994615],[121.301854,24.994534],[121.301811,24.994514]]]]}},{"type":"Feature","properties":{"NAME":"埔新路_1","PSTART":"埔新路_1A","PEND":"埔新路_1B","SW_DIRECT":"1","SW_LENG":158.66,"SW_WTH":3.99,"SWW_WTH":3.99,"SW_RAMP":2,"COUNTY_NA":"桃園市","VILL_NAME":"桃園區"},"geometry":{"type":"MultiPolygon","coordinates":[[[[121.307655,24.998555],[121.307624,24.998539],[121.307388,24.998917],[121.307145,24.999311],[121.306948,24.999629],[121.30687,24.999753],[121.306853,24.999759],[121.306862,24.999811],[121.306884,24.999799],[121.306893,24.999793],[121.306907,24.999767],[121.306993,24.99963],[121.307199,24.999297],[121.307505,24.998803],[121.307617,24.998617],[121.307645,24.99857],[121.307655,24.998555]]]]}},{"type":"Feature","properties":{"NAME":"中正三街","PSTART":"中正三街","PEND":"中正三街","SW_DIRECT":"1","SW_LENG":54.5,"SW_WTH":4.23,"SWW_WTH":4.23,"SW_RAMP":2,"COUNTY_NA":"桃園市","VILL_NAME":"桃園區"},"geometry":{"type":"MultiPolygon","coordinates":[[[[121.306592,24.999605],[121.306414,24.999503],[121.306392,24.999534],[121.306526,24.999612],[121.306673,24.999697],[121.306829,24.99979],[121.306862,24.999811],[121.306853,24.999759],[121.306592,24.999605]]]]}},{"type":"Feature","properties":{"NAME":"宏昌六街","PSTART":"宏昌六街","PEND":"宏昌六街","SW_DIRECT":"1","SW_LENG":102.63,"SW_WTH":1.39,"SWW_WTH":1.39,"SW_RAMP":2,"COUNTY_NA":"桃園市","VILL_NAME":"桃園區"},"geometry":{"type":"MultiPolygon","coordinates":[[[[121.298919,24.988833],[121.29862,24.988743],[121.298604,24.988744],[121.298604,24.98875],[121.298915,24.988844],[121.299055,24.988888],[121.299327,24.98897],[121.299548,24.989037],[121.299577,24.989046],[121.299565,24.98903],[121.299527,24.989018],[121.299331,24.988958],[121.299059,24.988876],[121.298919,24.988833]]]]}},{"type":"Feature","properties":{"NAME":"大同路","PSTART":"南山街","PEND":"大同路","SW_DIRECT":"1","SW_LENG":13.03,"SW_WTH":2.72,"SWW_WTH":2.72,"SW_RAMP":2,"COUNTY_NA":"桃園市","VILL_NAME":"桃園區"},"geometry":{"type":"MultiPolygon","coordinates":[[[[121.304218,24.988181],[121.304206,24.988172],[121.304202,24.988173],[121.3042,24.988175],[121.304197,24.988177],[121.30419,24.988182],[121.304187,24.988185],[121.304183,24.988188],[121.304178,24.988192],[121.304173,24.988197],[121.304169,24.988202],[121.304164,24.988206],[121.304167,24.988257],[121.304168,24.988265],[121.30417,24.988275],[121.304195,24.988287],[121.30419,24.988209],[121.304218,24.988181]]]]}},{"type":"Feature","properties":{"NAME":"大同路","PSTART":"南山街","PEND":"大同路","SW_DIRECT":"2","SW_LENG":148.42,"SW_WTH":0.98,"SWW_WTH":0.98,"SW_RAMP":2,"COUNTY_NA":"桃園市","VILL_NAME":"桃園區"},"geometry":{"type":"MultiPolygon","coordinates":[[[[121.305283,24.988099],[121.305297,24.988099],[121.305367,24.9881],[121.305414,24.988103],[121.305445,24.988106],[121.305568,24.988132],[121.305578,24.988129],[121.305628,24.98814],[121.305626,24.988145],[121.305669,24.988158],[121.30567,24.988155],[121.305668,24.988155],[121.305658,24.98815],[121.305644,24.988144],[121.305629,24.988138],[121.305541,24.988116],[121.305495,24.988105],[121.305471,24.9881],[121.305444,24.988096],[121.305401,24.988093],[121.305337,24.988089],[121.305291,24.988088],[121.305268,24.988088],[121.305208,24.988093],[121.305127,24.988099],[121.304999,24.98811],[121.304837,24.988123],[121.304669,24.988136],[121.304367,24.988159],[121.304217,24.98817],[121.304206,24.988172],[121.304218,24.988181],[121.304685,24.988143],[121.304974,24.988121],[121.305283,24.988099]]]]}},{"type":"Feature","properties":{"NAME":"中山路","PSTART":"中山路","PEND":"中山路112","SW_DIRECT":"1","SW_LENG":35.76,"SW_WTH":5.0,"SWW_WTH":5.0,"SW_RAMP":2,"COUNTY_NA":"桃園市","VILL_NAME":"桃園區"},"geometry":{"type":"MultiPolygon","coordinates":[[[[121.305538,24.992496],[121.305535,24.992495],[121.305528,24.992498],[121.30552,24.992507],[121.305516,24.992514],[121.305513,24.992523],[121.30551,24.992534],[121.305518,24.992536],[121.30578,24.992597],[121.305841,24.992675],[121.305843,24.99262],[121.305846,24.992572],[121.305821,24.992559],[121.305794,24.992553],[121.305783,24.992551],[121.305653,24.992521],[121.305538,24.992496]]]]}},{"type":"Feature","properties":{"NAME":"成功路三段","PSTART":"長壽路","PEND":"公園路","SW_DIRECT":"2","SW_LENG":112.89,"SW_WTH":1.65,"SWW_WTH":1.65,"SW_RAMP":2,"COUNTY_NA":"桃園市","VILL_NAME":"桃園區"},"geometry":{"type":"MultiPolygon","coordinates":[[[[121.324547,24.997131],[121.324543,24.99713],[121.324538,24.997131],[121.32453,24.997132],[121.324538,24.997141],[121.324554,24.997159],[121.32457,24.997177],[121.324591,24.997199],[121.324605,24.997215],[121.324627,24.997238],[121.324651,24.997265],[121.324671,24.997286],[121.324699,24.997317],[121.324721,24.997341],[121.324744,24.997367],[121.324779,24.997405],[121.324811,24.99744],[121.324839,24.997471],[121.324863,24.997497],[121.324879,24.997515],[121.324899,24.997537],[121.324925,24.997566],[121.324946,24.997588],[121.324964,24.997608],[121.324984,24.99763],[121.325001,24.997649],[121.325027,24.997677],[121.325081,24.997737],[121.32511,24.997769],[121.325127,24.997787],[121.325154,24.997817],[121.325181,24.997846],[121.325199,24.997866],[121.32522,24.997889],[121.32524,24.99791],[121.325248,24.997919],[121.325261,24.99791],[121.325252,24.997901],[121.325233,24.99788],[121.325212,24.997856],[121.325194,24.997837],[121.325166,24.997807],[121.325139,24.997778],[121.325123,24.997759],[121.325094,24.997728],[121.325039,24.997668],[121.325013,24.997639],[121.324997,24.997621],[121.324976,24.997598],[121.324958,24.997579],[121.324937,24.997556],[121.324912,24.997527],[121.324891,24.997505],[121.324875,24.997488],[121.324851,24.997461],[121.324823,24.997431],[121.324791,24.997395],[121.324757,24.997358],[121.324733,24.997332],[121.324711,24.997307],[121.324683,24.997277],[121.324664,24.997256],[121.324639,24.997229],[121.324618,24.997205],[121.324603,24.997189],[121.324583,24.997167],[121.324567,24.997149],[121.324551,24.997132],[121.32455,24.997131],[121.324547,24.997131]]]]}},{"type":"Feature","properties":{"NAME":"縣府路","PSTART":"縣府路","PEND":"縣府路12","SW_DIRECT":"1","SW_LENG":8.22,"SW_WTH":3.22,"SWW_WTH":3.22,"SW_RAMP":2,"COUNTY_NA":"桃園市","VILL_NAME":"桃園區"},"geometry":{"type":"MultiPolygon","coordinates":[[[[121.302326,24.992874],[121.302267,24.992821],[121.302246,24.992842],[121.302262,24.992857],[121.302301,24.992894],[121.302302,24.992895],[121.302326,24.992874]]]]}},{"type":"Feature","properties":{"NAME":"日光路","PSTART":"日光路8巷","PEND":"三民路二段","SW_DIRECT":"2","SW_LENG":38.15,"SW_WTH":4.0,"SWW_WTH":4.0,"SW_RAMP":0,"COUNTY_NA":"桃園市","VILL_NAME":"桃園區"},"geometry":{"type":"MultiPolygon","coordinates":[[[[121.311771,25.00038],[121.311718,25.000407],[121.311614,25.000727],[121.311622,25.000746],[121.311656,25.000744],[121.311641,25.000722],[121.311745,25.000431],[121.311781,25.000416],[121.311771,25.00038]]]]}},{"type":"Feature","properties":{"NAME":"青溪一路36巷","PSTART":"青溪二路","PEND":"青溪一路","SW_DIRECT":"2","SW_LENG":58.17,"SW_WTH":3.9,"SWW_WTH":3.9,"SW_RAMP":0,"COUNTY_NA":"桃園市","VILL_NAME":"桃園區"},"geometry":{"type":"MultiPolygon","coordinates":[[[[121.314279,25.002729],[121.314084,25.003279],[121.314126,25.003296],[121.314316,25.002739],[121.314279,25.002729]]]]}},{"type":"Feature","properties":{"NAME":"三民路一段","PSTART":"鎮撫街","PEND":"成功路","SW_DIRECT":"2","SW_LENG":118.44,"SW_WTH":2.03,"SWW_WTH":2.03,"SW_RAMP":2,"COUNTY_NA":"桃園市","VILL_NAME":"桃園區"},"geometry":{"type":"MultiPolygon","coordinates":[[[[121.32304,24.996168],[121.323024,24.996163],[121.32295,24.996227],[121.322874,24.996286],[121.322779,24.996361],[121.322597,24.996506],[121.322584,24.996515],[121.322573,24.996522],[121.32256,24.996529],[121.322548,24.996537],[121.322506,24.996571],[121.322395,24.99666],[121.322276,24.996754],[121.322205,24.99681],[121.322141,24.99686],[121.322154,24.996874],[121.322218,24.996823],[121.32229,24.996767],[121.322408,24.996673],[121.322519,24.996584],[121.322561,24.996551],[121.322571,24.996544],[121.322583,24.996538],[121.322596,24.99653],[121.32261,24.99652],[121.322793,24.996375],[121.322888,24.9963],[121.322963,24.99624],[121.32302,24.996196],[121.323032,24.996184],[121.323037,24.996177],[121.32304,24.996168]]]]}},{"type":"Feature","properties":{"NAME":"三民路一段","PSTART":"三元街","PEND":"鎮撫街","SW_DIRECT":"2","SW_LENG":37.83,"SW_WTH":3.97,"SWW_WTH":3.97,"SW_RAMP":2,"COUNTY_NA":"桃園市","VILL_NAME":"桃園區"},"geometry":{"type":"MultiPolygon","coordinates":[[[[121.320284,24.999899],[121.320253,24.999883],[121.32022,24.999942],[121.320183,25.000004],[121.320171,25.000024],[121.320118,25.000103],[121.32009,25.000142],[121.320073,25.000163],[121.320068,25.000168],[121.320069,25.000177],[121.320094,25.000197],[121.320122,25.000162],[121.320151,25.000122],[121.320205,25.000042],[121.320217,25.000022],[121.320253,24.999959],[121.320284,24.999899]]]]}},{"type":"Feature","properties":{"NAME":"三民路三段","PSTART":"永安路","PEND":"中正路","SW_DIRECT":"2","SW_LENG":4.21,"SW_WTH":3.18,"SWW_WTH":3.18,"SW_RAMP":2,"COUNTY_NA":"桃園市","VILL_NAME":"桃園區"},"geometry":{"type":"MultiPolygon","coordinates":[[[[121.308051,24.998708],[121.308023,24.998692],[121.308022,24.998692],[121.30802,24.998693],[121.308019,24.998694],[121.308003,24.998716],[121.308041,24.998735],[121.308056,24.99871],[121.308051,24.998708]]]]}},{"type":"Feature","properties":{"NAME":"三民路三段","PSTART":"永安路","PEND":"中正路","SW_DIRECT":"1","SW_LENG":8.13,"SW_WTH":1.55,"SWW_WTH":1.55,"SW_RAMP":2,"COUNTY_NA":"桃園市","VILL_NAME":"桃園區"},"geometry":{"type":"MultiPolygon","coordinates":[[[[121.307341,24.997983],[121.307338,24.997982],[121.307336,24.997986],[121.307334,24.997989],[121.307333,24.997994],[121.307333,24.997999],[121.307333,24.998019],[121.307333,24.998039],[121.307335,24.998048],[121.307337,24.998057],[121.30734,24.998063],[121.307351,24.998053],[121.307362,24.998042],[121.307358,24.998039],[121.307354,24.998036],[121.307351,24.99803],[121.307348,24.998024],[121.307347,24.998019],[121.307342,24.997999],[121.30734,24.997994],[121.30734,24.997987],[121.307341,24.997983]]]]}},{"type":"Feature","properties":{"NAME":"三民路三段","PSTART":"永安路","PEND":"中正路","SW_DIRECT":"1","SW_LENG":8.65,"SW_WTH":3.09,"SWW_WTH":3.09,"SW_RAMP":2,"COUNTY_NA":"桃園市","VILL_NAME":"桃園區"},"geometry":{"type":"MultiPolygon","coordinates":[[[[121.30727,24.997935],[121.307277,24.997927],[121.307251,24.997929],[121.307223,24.997933],[121.307219,24.997933],[121.307192,24.997911],[121.307168,24.997934],[121.30719,24.997951],[121.307205,24.997958],[121.307217,24.997961],[121.307226,24.997959],[121.307233,24.997957],[121.307249,24.997949],[121.307263,24.99794],[121.30727,24.997935]]]]}},{"type":"Feature","properties":{"NAME":"三民路三段","PSTART":"永安路","PEND":"中正路","SW_DIRECT":"2","SW_LENG":4.48,"SW_WTH":3.85,"SWW_WTH":3.85,"SW_RAMP":2,"COUNTY_NA":"桃園市","VILL_NAME":"桃園區"},"geometry":{"type":"MultiPolygon","coordinates":[[[[121.306543,24.997481],[121.306537,24.997471],[121.306516,24.997484],[121.306518,24.997487],[121.306517,24.997488],[121.306513,24.997499],[121.306509,24.997516],[121.306505,24.997526],[121.306504,24.99753],[121.306518,24.997523],[121.306533,24.997513],[121.306538,24.997509],[121.306542,24.997504],[121.306544,24.997499],[121.306545,24.997495],[121.306546,24.997493],[121.306545,24.99749],[121.306545,24.997488],[121.306543,24.997481]]]]}},{"type":"Feature","properties":{"NAME":"三民路三段","PSTART":"永安路","PEND":"中正路","SW_DIRECT":"2","SW_LENG":8.76,"SW_WTH":3.38,"SWW_WTH":3.38,"SW_RAMP":2,"COUNTY_NA":"桃園市","VILL_NAME":"桃園區"},"geometry":{"type":"MultiPolygon","coordinates":[[[[121.306293,24.997134],[121.306267,24.997133],[121.306256,24.997135],[121.306251,24.997141],[121.306244,24.99715],[121.306254,24.997154],[121.306283,24.997161],[121.306304,24.997166],[121.306313,24.997175],[121.306314,24.997177],[121.306327,24.997171],[121.30634,24.997165],[121.306332,24.997152],[121.306329,24.997149],[121.306324,24.997145],[121.306309,24.997137],[121.306293,24.997134]]]]}},{"type":"Feature","properties":{"NAME":"民權路","PSTART":"民權路","PEND":"民權路_4B","SW_DIRECT":"1","SW_LENG":33.61,"SW_WTH":4.17,"SWW_WTH":4.17,"SW_RAMP":2,"COUNTY_NA":"桃園市","VILL_NAME":"桃園區"},"geometry":{"type":"MultiPolygon","coordinates":[[[[121.310972,24.992416],[121.310998,24.99235],[121.310936,24.992396],[121.310923,24.992431],[121.310904,24.992478],[121.310885,24.992527],[121.310864,24.992582],[121.310841,24.992641],[121.310854,24.992657],[121.310859,24.992662],[121.310864,24.992667],[121.310868,24.99267],[121.310873,24.992671],[121.310918,24.992555],[121.310972,24.992416]]]]}},{"type":"Feature","properties":{"NAME":"東國街","PSTART":"東國街","PEND":"東國街11","SW_DIRECT":"1","SW_LENG":82.14,"SW_WTH":1.88,"SWW_WTH":1.88,"SW_RAMP":2,"COUNTY_NA":"桃園市","VILL_NAME":"桃園區"},"geometry":{"type":"MultiPolygon","coordinates":[[[[121.314889,24.994663],[121.314875,24.99466],[121.314856,24.994715],[121.314829,24.994791],[121.314799,24.994877],[121.314776,24.994943],[121.314758,24.994992],[121.314726,24.995081],[121.314709,24.995131],[121.314694,24.995173],[121.314677,24.995221],[121.314642,24.995331],[121.31463,24.995366],[121.314642,24.99537],[121.314672,24.995287],[121.314696,24.995217],[121.314723,24.995144],[121.314742,24.995092],[121.314763,24.995032],[121.314788,24.994962],[121.314798,24.994934],[121.31481,24.994901],[121.314832,24.994838],[121.31485,24.994785],[121.314864,24.994746],[121.314876,24.99471],[121.314889,24.994673],[121.314891,24.994668],[121.31489,24.994666],[121.314889,24.994663]]]]}},{"type":"Feature","properties":{"NAME":"三民路二段","PSTART":"民生路","PEND":"公六街1","SW_DIRECT":"1","SW_LENG":26.06,"SW_WTH":2.68,"SWW_WTH":2.68,"SW_RAMP":2,"COUNTY_NA":"桃園市","VILL_NAME":"桃園區"},"geometry":{"type":"MultiPolygon","coordinates":[[[[121.312282,25.000236],[121.312251,25.000228],[121.312253,25.000255],[121.312322,25.000271],[121.312395,25.000289],[121.312447,25.000302],[121.312502,25.000312],[121.312502,25.000286],[121.31248,25.000282],[121.312457,25.000279],[121.312434,25.000274],[121.312423,25.000271],[121.312406,25.000267],[121.312378,25.00026],[121.312346,25.000252],[121.312314,25.000244],[121.312282,25.000236]]]]}},{"type":"Feature","properties":{"NAME":"三民路二段","PSTART":"民生路","PEND":"朝陽街1","SW_DIRECT":"2","SW_LENG":28.93,"SW_WTH":2.7,"SWW_WTH":2.7,"SW_RAMP":2,"COUNTY_NA":"桃園市","VILL_NAME":"桃園區"},"geometry":{"type":"MultiPolygon","coordinates":[[[[121.312385,25.00051],[121.312273,25.000482],[121.312274,25.000507],[121.312284,25.00051],[121.312319,25.000519],[121.312355,25.000528],[121.312401,25.00054],[121.312487,25.000561],[121.312527,25.000571],[121.312543,25.000575],[121.312546,25.00058],[121.312553,25.000552],[121.312511,25.000541],[121.31245,25.000526],[121.312385,25.00051]]]]}},{"type":"Feature","properties":{"NAME":"大誠路","PSTART":"桃鶯路","PEND":"大誠路","SW_DIRECT":"1","SW_LENG":63.87,"SW_WTH":2.79,"SWW_WTH":2.79,"SW_RAMP":2,"COUNTY_NA":"桃園市","VILL_NAME":"桃園區"},"geometry":{"type":"MultiPolygon","coordinates":[[[[121.322736,24.983386],[121.322712,24.983371],[121.322711,24.983379],[121.322712,24.983385],[121.322714,24.983392],[121.32272,24.983406],[121.322802,24.983456],[121.322959,24.983552],[121.323064,24.983617],[121.32322,24.983712],[121.323233,24.983708],[121.323242,24.983704],[121.323248,24.983699],[121.323235,24.983691],[121.323235,24.983691],[121.323079,24.983596],[121.322974,24.983531],[121.322817,24.983435],[121.322736,24.983386]]]]}},{"type":"Feature","properties":{"NAME":"大誠路","PSTART":"桃鶯路","PEND":"大誠路","SW_DIRECT":"1","SW_LENG":39.34,"SW_WTH":2.6,"SWW_WTH":2.6,"SW_RAMP":2,"COUNTY_NA":"桃園市","VILL_NAME":"桃園區"},"geometry":{"type":"MultiPolygon","coordinates":[[[[121.322293,24.98325],[121.322259,24.98323],[121.322246,24.983223],[121.322234,24.98322],[121.322219,24.983218],[121.32219,24.983216],[121.322175,24.983217],[121.32216,24.983222],[121.322171,24.983248],[121.322185,24.983244],[121.322203,24.983241],[121.322221,24.983242],[121.322233,24.983244],[121.322253,24.983255],[121.322279,24.98327],[121.322492,24.9834],[121.322494,24.983401],[121.322506,24.983381],[121.322293,24.98325]]]]}},{"type":"Feature","properties":{"NAME":"大誠路","PSTART":"桃鶯路","PEND":"大誠路","SW_DIRECT":"1","SW_LENG":14.13,"SW_WTH":2.79,"SWW_WTH":2.79,"SW_RAMP":2,"COUNTY_NA":"桃園市","VILL_NAME":"桃園區"},"geometry":{"type":"MultiPolygon","coordinates":[[[[121.322349,24.983148],[121.32234,24.983143],[121.322336,24.983149],[121.322333,24.983157],[121.322332,24.983163],[121.322332,24.983167],[121.322333,24.983169],[121.322333,24.983169],[121.322425,24.983226],[121.322449,24.983226],[121.32246,24.983223],[121.322466,24.983221],[121.322441,24.983205],[121.322349,24.983148]]]]}},{"type":"Feature","properties":{"NAME":"大誠路","PSTART":"桃鶯路","PEND":"大誠路","SW_DIRECT":"1","SW_LENG":20.58,"SW_WTH":2.49,"SWW_WTH":2.49,"SW_RAMP":2,"COUNTY_NA":"桃園市","VILL_NAME":"桃園區"},"geometry":{"type":"MultiPolygon","coordinates":[[[[121.321909,24.983019],[121.321897,24.983019],[121.321888,24.983021],[121.321879,24.983024],[121.321907,24.983041],[121.321986,24.983089],[121.32202,24.983112],[121.322022,24.98314],[121.322043,24.983139],[121.322043,24.983133],[121.322038,24.983105],[121.322032,24.983094],[121.322027,24.983089],[121.322,24.983071],[121.321921,24.983023],[121.321909,24.983019]]]]}},{"type":"Feature","properties":{"NAME":"大誠路","PSTART":"桃鶯路","PEND":"無名路","SW_DIRECT":"1","SW_LENG":51.78,"SW_WTH":2.79,"SWW_WTH":2.79,"SW_RAMP":2,"COUNTY_NA":"桃園市","VILL_NAME":"桃園區"},"geometry":{"type":"MultiPolygon","coordinates":[[[[121.321858,24.982845],[121.321839,24.982834],[121.321834,24.982843],[121.321835,24.982853],[121.321838,24.982859],[121.321842,24.982866],[121.321948,24.982932],[121.32212,24.983038],[121.322243,24.983114],[121.322248,24.983114],[121.322252,24.983112],[121.322257,24.983107],[121.322265,24.983096],[121.322259,24.983093],[121.322136,24.983017],[121.321964,24.982911],[121.321858,24.982845]]]]}},{"type":"Feature","properties":{"NAME":"大誠路","PSTART":"桃鶯路","PEND":"無名路","SW_DIRECT":"1","SW_LENG":27.98,"SW_WTH":2.79,"SWW_WTH":2.79,"SW_RAMP":2,"COUNTY_NA":"桃園市","VILL_NAME":"桃園區"},"geometry":{"type":"MultiPolygon","coordinates":[[[[121.321543,24.982664],[121.321533,24.982659],[121.321531,24.982665],[121.321527,24.982678],[121.321527,24.982682],[121.321528,24.982686],[121.321662,24.982759],[121.321695,24.982777],[121.321742,24.982804],[121.321749,24.982805],[121.32176,24.982805],[121.321764,24.982803],[121.321771,24.982798],[121.321774,24.982794],[121.321774,24.982794],[121.321757,24.982783],[121.321709,24.982755],[121.321676,24.982737],[121.321543,24.982664]]]]}},{"type":"Feature","properties":{"NAME":"大誠路","PSTART":"桃鶯路","PEND":"無名路","SW_DIRECT":"1","SW_LENG":37.11,"SW_WTH":2.79,"SWW_WTH":2.79,"SW_RAMP":2,"COUNTY_NA":"桃園市","VILL_NAME":"桃園區"},"geometry":{"type":"MultiPolygon","coordinates":[[[[121.321229,24.982497],[121.321095,24.982425],[121.321101,24.982446],[121.321107,24.982456],[121.321117,24.982466],[121.321215,24.982519],[121.321327,24.982578],[121.321403,24.982619],[121.321409,24.982616],[121.321418,24.982609],[121.321423,24.982601],[121.321341,24.982557],[121.321229,24.982497]]]]}},{"type":"Feature","properties":{"NAME":"三民路三段","PSTART":"永安路","PEND":"中正路","SW_DIRECT":"1","SW_LENG":82.15,"SW_WTH":3.54,"SWW_WTH":3.54,"SW_RAMP":2,"COUNTY_NA":"桃園市","VILL_NAME":"桃園區"},"geometry":{"type":"MultiPolygon","coordinates":[[[[121.307458,24.998099],[121.307362,24.998042],[121.30734,24.998063],[121.307342,24.998065],[121.307344,24.998067],[121.307369,24.998084],[121.307419,24.998115],[121.307467,24.998141],[121.307527,24.998174],[121.307587,24.998206],[121.307647,24.998238],[121.307719,24.998277],[121.30779,24.998315],[121.30782,24.998332],[121.307851,24.998349],[121.307877,24.998363],[121.307911,24.998382],[121.307949,24.998402],[121.308017,24.998439],[121.308038,24.99845],[121.308053,24.998426],[121.30787,24.998326],[121.307814,24.998294],[121.307776,24.998274],[121.307715,24.998237],[121.30767,24.998214],[121.307564,24.998157],[121.307458,24.998099]]]]}},{"type":"Feature","properties":{"NAME":"三民路三段","PSTART":"永安路","PEND":"中正路","SW_DIRECT":"2","SW_LENG":39.46,"SW_WTH":2.88,"SWW_WTH":2.88,"SW_RAMP":2,"COUNTY_NA":"桃園市","VILL_NAME":"桃園區"},"geometry":{"type":"MultiPolygon","coordinates":[[[[121.30635,24.997179],[121.30634,24.997165],[121.306314,24.997177],[121.306322,24.997189],[121.306348,24.99723],[121.306372,24.997267],[121.306399,24.997311],[121.306424,24.997345],[121.306449,24.997384],[121.306484,24.997436],[121.306506,24.997468],[121.306516,24.997484],[121.306526,24.997478],[121.306537,24.997471],[121.306528,24.997456],[121.306515,24.997436],[121.306488,24.997394],[121.306461,24.997351],[121.306437,24.997315],[121.306411,24.997275],[121.306382,24.997229],[121.306372,24.997214],[121.30635,24.997179]]]]}},{"type":"Feature","properties":{"NAME":"三民路三段","PSTART":"永安路","PEND":"中正路","SW_DIRECT":"1","SW_LENG":44.27,"SW_WTH":3.11,"SWW_WTH":3.11,"SW_RAMP":2,"COUNTY_NA":"桃園市","VILL_NAME":"桃園區"},"geometry":{"type":"MultiPolygon","coordinates":[[[[121.306981,24.997678],[121.306931,24.997597],[121.306918,24.997604],[121.306905,24.997612],[121.30692,24.997635],[121.306941,24.997669],[121.306954,24.997691],[121.306973,24.997719],[121.306997,24.997751],[121.307039,24.997803],[121.307089,24.997859],[121.307136,24.997906],[121.307168,24.997934],[121.30718,24.997922],[121.307192,24.997911],[121.307151,24.997876],[121.307107,24.997833],[121.307073,24.997795],[121.307026,24.997742],[121.306981,24.997678]]]]}},{"type":"Feature","properties":{"NAME":"三民路三段","PSTART":"永安路","PEND":"中正路","SW_DIRECT":"1","SW_LENG":70.84,"SW_WTH":2.98,"SWW_WTH":2.98,"SW_RAMP":2,"COUNTY_NA":"桃園市","VILL_NAME":"桃園區"},"geometry":{"type":"MultiPolygon","coordinates":[[[[121.306556,24.997019],[121.306537,24.996989],[121.306512,24.997002],[121.306536,24.997041],[121.306563,24.997082],[121.306586,24.997118],[121.306614,24.997161],[121.306644,24.997207],[121.306658,24.997229],[121.306687,24.997274],[121.306707,24.997306],[121.306742,24.997361],[121.306781,24.99742],[121.306803,24.997455],[121.306811,24.997468],[121.306868,24.997553],[121.306894,24.997539],[121.306864,24.997492],[121.306837,24.997456],[121.30681,24.997413],[121.306787,24.997379],[121.306738,24.997297],[121.306694,24.997231],[121.306652,24.997166],[121.306606,24.997094],[121.306556,24.997019]]]]}},{"type":"Feature","properties":{"NAME":"三民路三段","PSTART":"永安路","PEND":"中正路","SW_DIRECT":"2","SW_LENG":5.67,"SW_WTH":6.03,"SWW_WTH":6.03,"SW_RAMP":2,"COUNTY_NA":"桃園市","VILL_NAME":"桃園區"},"geometry":{"type":"MultiPolygon","coordinates":[[[[121.307604,24.998466],[121.30759,24.998458],[121.307563,24.998507],[121.307611,24.998532],[121.307639,24.998485],[121.307633,24.998482],[121.307604,24.998466]]]]}},{"type":"Feature","properties":{"NAME":"三民路三段","PSTART":"永安路","PEND":"中正路","SW_DIRECT":"2","SW_LENG":17.17,"SW_WTH":2.73,"SWW_WTH":2.73,"SW_RAMP":2,"COUNTY_NA":"桃園市","VILL_NAME":"桃園區"},"geometry":{"type":"MultiPolygon","coordinates":[[[[121.307804,24.998574],[121.30779,24.998566],[121.307776,24.998588],[121.307843,24.998624],[121.307883,24.998644],[121.307924,24.998665],[121.307936,24.998645],[121.307896,24.998623],[121.307804,24.998574]]]]}},{"type":"Feature","properties":{"NAME":"三民路三段","PSTART":"永安路","PEND":"中正路","SW_DIRECT":"2","SW_LENG":25.11,"SW_WTH":3.07,"SWW_WTH":3.07,"SW_RAMP":2,"COUNTY_NA":"桃園市","VILL_NAME":"桃園區"},"geometry":{"type":"MultiPolygon","coordinates":[[[[121.308102,24.998735],[121.308056,24.99871],[121.308041,24.998735],[121.308099,24.998767],[121.308166,24.998802],[121.308201,24.998821],[121.308253,24.998852],[121.30827,24.998827],[121.308227,24.998804],[121.308168,24.998771],[121.308102,24.998735]]]]}},{"type":"Feature","properties":{"NAME":"三民路三段","PSTART":"永安路","PEND":"中正路","SW_DIRECT":"1","SW_LENG":32.06,"SW_WTH":2.6,"SWW_WTH":2.6,"SW_RAMP":2,"COUNTY_NA":"桃園市","VILL_NAME":"桃園區"},"geometry":{"type":"MultiPolygon","coordinates":[[[[121.308189,24.998503],[121.308144,24.99848],[121.30813,24.998499],[121.308155,24.998513],[121.308202,24.998539],[121.308254,24.998567],[121.308321,24.998603],[121.308363,24.998626],[121.308402,24.998647],[121.308403,24.998648],[121.308411,24.998636],[121.308418,24.998624],[121.308388,24.998608],[121.308372,24.998601],[121.308348,24.998589],[121.30829,24.998559],[121.308248,24.998536],[121.308189,24.998503]]]]}},{"type":"Feature","properties":{"NAME":"興隆路","PSTART":"興隆路","PEND":"興隆路","SW_DIRECT":"1","SW_LENG":39.21,"SW_WTH":3.04,"SWW_WTH":3.04,"SW_RAMP":2,"COUNTY_NA":"桃園市","VILL_NAME":"桃園區"},"geometry":{"type":"MultiPolygon","coordinates":[[[[121.322171,24.983248],[121.32216,24.983222],[121.322133,24.983235],[121.32212,24.983244],[121.322114,24.98325],[121.322101,24.983266],[121.322053,24.983332],[121.321928,24.9835],[121.321928,24.9835],[121.321927,24.983505],[121.321932,24.983512],[121.321936,24.983517],[121.321947,24.983524],[121.322077,24.983348],[121.322124,24.983284],[121.322138,24.983267],[121.322151,24.983257],[121.322171,24.983248]]]]}},{"type":"Feature","properties":{"NAME":"興邦路","PSTART":"興邦路","PEND":"興邦路","SW_DIRECT":"1","SW_LENG":70.56,"SW_WTH":2.99,"SWW_WTH":2.99,"SW_RAMP":2,"COUNTY_NA":"桃園市","VILL_NAME":"桃園區"},"geometry":{"type":"MultiPolygon","coordinates":[[[[121.323302,24.983916],[121.3233,24.983908],[121.32327,24.983912],[121.323271,24.98394],[121.32327,24.98395],[121.323268,24.983956],[121.323266,24.983965],[121.323262,24.983979],[121.323254,24.983996],[121.323179,24.984097],[121.323109,24.984192],[121.322989,24.984355],[121.322927,24.984438],[121.322922,24.984445],[121.32293,24.98445],[121.32294,24.984452],[121.322952,24.984453],[121.323014,24.98437],[121.323134,24.984207],[121.323204,24.984112],[121.323278,24.984011],[121.32329,24.983994],[121.323296,24.983984],[121.323304,24.983962],[121.323304,24.983953],[121.323305,24.983944],[121.323304,24.98393],[121.323302,24.983916]]]]}},{"type":"Feature","properties":{"NAME":"大誠路","PSTART":"桃鶯路","PEND":"無名路","SW_DIRECT":"1","SW_LENG":58.26,"SW_WTH":2.6,"SWW_WTH":2.6,"SW_RAMP":2,"COUNTY_NA":"桃園市","VILL_NAME":"桃園區"},"geometry":{"type":"MultiPolygon","coordinates":[[[[121.322963,24.98366],[121.32285,24.983591],[121.322838,24.983593],[121.322823,24.983603],[121.322836,24.983611],[121.322948,24.983679],[121.323083,24.983763],[121.323182,24.983823],[121.323215,24.983844],[121.323245,24.983862],[121.323251,24.983872],[121.323257,24.98388],[121.323263,24.983889],[121.323268,24.983899],[121.32327,24.983912],[121.3233,24.983908],[121.323292,24.983886],[121.323286,24.983873],[121.32328,24.983866],[121.323268,24.983853],[121.323251,24.983839],[121.32323,24.983825],[121.323196,24.983804],[121.323098,24.983743],[121.322963,24.98366]]]]}},{"type":"Feature","properties":{"NAME":"大誠路","PSTART":"桃鶯路","PEND":"無名路","SW_DIRECT":"1","SW_LENG":7.48,"SW_WTH":2.6,"SWW_WTH":2.6,"SW_RAMP":2,"COUNTY_NA":"桃園市","VILL_NAME":"桃園區"},"geometry":{"type":"MultiPolygon","coordinates":[[[[121.322735,24.983523],[121.322726,24.983522],[121.322719,24.983525],[121.322712,24.983535],[121.322728,24.983545],[121.322766,24.983568],[121.322777,24.983575],[121.32278,24.983565],[121.32278,24.983548],[121.322742,24.983526],[121.322735,24.983523]]]]}},{"type":"Feature","properties":{"NAME":"大誠路","PSTART":"桃鶯路","PEND":"無名路","SW_DIRECT":"1","SW_LENG":15.92,"SW_WTH":2.6,"SWW_WTH":2.6,"SW_RAMP":2,"COUNTY_NA":"桃園市","VILL_NAME":"桃園區"},"geometry":{"type":"MultiPolygon","coordinates":[[[[121.322678,24.983485],[121.322559,24.983413],[121.322542,24.983431],[121.322544,24.983432],[121.322663,24.983505],[121.322674,24.983512],[121.322681,24.983503],[121.322682,24.983496],[121.322678,24.983485]]]]}},{"type":"Feature","properties":{"NAME":"大誠路","PSTART":"無名路","PEND":"無名路","SW_DIRECT":"1","SW_LENG":72.46,"SW_WTH":2.49,"SWW_WTH":2.49,"SW_RAMP":2,"COUNTY_NA":"桃園市","VILL_NAME":"桃園區"},"geometry":{"type":"MultiPolygon","coordinates":[[[[121.321193,24.982615],[121.321181,24.982614],[121.321158,24.982619],[121.321191,24.982637],[121.321205,24.982645],[121.321237,24.982662],[121.321319,24.982705],[121.321432,24.982766],[121.321549,24.982828],[121.321623,24.982867],[121.321666,24.982893],[121.32174,24.982939],[121.32176,24.98295],[121.321795,24.982972],[121.321792,24.982957],[121.321788,24.982947],[121.321784,24.982942],[121.321773,24.982932],[121.321754,24.98292],[121.32168,24.982874],[121.321636,24.982848],[121.321562,24.982808],[121.321445,24.982746],[121.321331,24.982686],[121.321249,24.982642],[121.321217,24.982625],[121.321204,24.982619],[121.321193,24.982615]]]]}},{"type":"Feature","properties":{"NAME":"建國路","PSTART":"建國路","PEND":"建國路_1B","SW_DIRECT":"1","SW_LENG":5.89,"SW_WTH":5.5,"SWW_WTH":5.5,"SW_RAMP":2,"COUNTY_NA":"桃園市","VILL_NAME":"桃園區"},"geometry":{"type":"MultiPolygon","coordinates":[[[[121.304812,24.984886],[121.304778,24.984882],[121.304777,24.984884],[121.304811,24.984936],[121.304838,24.984938],[121.30485,24.984939],[121.304852,24.984921],[121.304853,24.984897],[121.304853,24.984894],[121.304852,24.984892],[121.304851,24.984891],[121.304849,24.98489],[121.304847,24.984889],[121.304816,24.984886],[121.304812,24.984886]]]]}},{"type":"Feature","properties":{"NAME":"建國路","PSTART":"建國路","PEND":"建國路_5B","SW_DIRECT":"1","SW_LENG":76.87,"SW_WTH":5.36,"SWW_WTH":5.36,"SW_RAMP":2,"COUNTY_NA":"桃園市","VILL_NAME":"桃園區"},"geometry":{"type":"MultiPolygon","coordinates":[[[[121.304931,24.984898],[121.304927,24.984898],[121.304925,24.984898],[121.304922,24.984899],[121.304919,24.984901],[121.304917,24.984903],[121.304914,24.984905],[121.304912,24.984907],[121.304911,24.98491],[121.304906,24.984944],[121.305156,24.984969],[121.3056,24.985014],[121.305662,24.98502],[121.30567,24.984972],[121.305617,24.984967],[121.305492,24.984954],[121.305422,24.984947],[121.305332,24.984938],[121.305286,24.984933],[121.305253,24.98493],[121.305154,24.98492],[121.305074,24.984912],[121.305028,24.984908],[121.304931,24.984898]]]]}},{"type":"Feature","properties":{"NAME":"民權路","PSTART":"三民路二段","PEND":"大同路5","SW_DIRECT":"1","SW_LENG":62.0,"SW_WTH":1.8,"SWW_WTH":1.8,"SW_RAMP":2,"COUNTY_NA":"桃園市","VILL_NAME":"桃園區"},"geometry":{"type":"MultiPolygon","coordinates":[[[[121.311147,24.991945],[121.311115,24.991936],[121.311106,24.991959],[121.311087,24.992009],[121.31112,24.992019],[121.311147,24.991945]]]]}},{"type":"Feature","properties":{"NAME":"民權路","PSTART":"民權路","PEND":"民權路_9B","SW_DIRECT":"1","SW_LENG":61.85,"SW_WTH":3.57,"SWW_WTH":3.57,"SW_RAMP":2,"COUNTY_NA":"桃園市","VILL_NAME":"桃園區"},"geometry":{"type":"MultiPolygon","coordinates":[[[[121.310842,24.99272],[121.310837,24.992719],[121.310821,24.992726],[121.310804,24.992733],[121.310759,24.99285],[121.310738,24.992904],[121.310715,24.992962],[121.310689,24.993031],[121.31067,24.993083],[121.310652,24.993128],[121.31062,24.99321],[121.310605,24.993249],[121.310601,24.99326],[121.310598,24.993274],[121.310648,24.993234],[121.310694,24.993115],[121.310732,24.993016],[121.31077,24.992917],[121.31079,24.992866],[121.310825,24.992774],[121.310839,24.992736],[121.310842,24.99272]]]]}},{"type":"Feature","properties":{"NAME":"三民路二段","PSTART":"民生路","PEND":"中正路","SW_DIRECT":"2","SW_LENG":8.4,"SW_WTH":4.2,"SWW_WTH":4.2,"SW_RAMP":2,"COUNTY_NA":"桃園市","VILL_NAME":"桃園區"},"geometry":{"type":"MultiPolygon","coordinates":[[[[121.310689,24.999837],[121.31068,24.999842],[121.310672,24.999848],[121.310665,24.999856],[121.310662,24.999866],[121.310661,24.999876],[121.310663,24.999884],[121.310665,24.999889],[121.310669,24.999894],[121.310674,24.999899],[121.31068,24.999903],[121.310777,24.99994],[121.310847,24.999957],[121.310849,24.999958],[121.310856,24.999959],[121.310863,24.999958],[121.310871,24.999955],[121.310879,24.999949],[121.310886,24.999941],[121.310889,24.999932],[121.31089,24.999922],[121.310888,24.999912],[121.310858,24.999921],[121.310792,24.999904],[121.310702,24.999871],[121.310689,24.999837]]]]}},{"type":"Feature","properties":{"NAME":"三民路三段","PSTART":"永安路","PEND":"中正路","SW_DIRECT":"1","SW_LENG":2.44,"SW_WTH":3.12,"SWW_WTH":3.12,"SW_RAMP":2,"COUNTY_NA":"桃園市","VILL_NAME":"桃園區"},"geometry":{"type":"MultiPolygon","coordinates":[[[[121.306906,24.997558],[121.306894,24.997539],[121.306868,24.997553],[121.30687,24.997557],[121.30688,24.997573],[121.306906,24.997558]]]]}},{"type":"Feature","properties":{"NAME":"三民路三段","PSTART":"永安路","PEND":"中正路","SW_DIRECT":"1","SW_LENG":6.63,"SW_WTH":2.14,"SWW_WTH":2.14,"SW_RAMP":2,"COUNTY_NA":"桃園市","VILL_NAME":"桃園區"},"geometry":{"type":"MultiPolygon","coordinates":[[[[121.306542,24.99694],[121.30654,24.996939],[121.30653,24.996947],[121.306524,24.996953],[121.306517,24.996962],[121.306513,24.996971],[121.306511,24.99698],[121.30651,24.996984],[121.306509,24.996988],[121.306509,24.996991],[121.306509,24.996993],[121.30651,24.996996],[121.306511,24.996999],[121.306512,24.997002],[121.306537,24.996989],[121.306534,24.996984],[121.30653,24.996978],[121.306533,24.996976],[121.306542,24.99694]]]]}},{"type":"Feature","properties":{"NAME":"三民路一段","PSTART":"鎮撫街","PEND":"成功路","SW_DIRECT":"2","SW_LENG":27.1,"SW_WTH":2.37,"SWW_WTH":2.37,"SW_RAMP":2,"COUNTY_NA":"桃園市","VILL_NAME":"桃園區"},"geometry":{"type":"MultiPolygon","coordinates":[[[[121.321943,24.997039],[121.321929,24.997034],[121.321843,24.997103],[121.321735,24.997189],[121.321745,24.997209],[121.321867,24.997113],[121.321952,24.997044],[121.321943,24.997039]]]]}},{"type":"Feature","properties":{"NAME":"東國街","PSTART":"東國街","PEND":"東國街2","SW_DIRECT":"1","SW_LENG":27.48,"SW_WTH":1.56,"SWW_WTH":1.56,"SW_RAMP":2,"COUNTY_NA":"桃園市","VILL_NAME":"桃園區"},"geometry":{"type":"MultiPolygon","coordinates":[[[[121.315025,24.994288],[121.315015,24.994284],[121.315005,24.994312],[121.314995,24.99434],[121.314965,24.99442],[121.314929,24.99452],[121.314941,24.994523],[121.314943,24.994524],[121.31496,24.994478],[121.314969,24.994454],[121.314987,24.994405],[121.314996,24.994381],[121.315009,24.994344],[121.315005,24.994343],[121.315015,24.994315],[121.315025,24.994288]]]]}},{"type":"Feature","properties":{"NAME":"三民路三段","PSTART":"永安路","PEND":"中正路","SW_DIRECT":"2","SW_LENG":4.34,"SW_WTH":5.72,"SWW_WTH":5.72,"SW_RAMP":2,"COUNTY_NA":"桃園市","VILL_NAME":"桃園區"},"geometry":{"type":"MultiPolygon","coordinates":[[[[121.307653,24.998494],[121.307639,24.998485],[121.307611,24.998532],[121.307623,24.998539],[121.307655,24.998555],[121.307663,24.998527],[121.307665,24.998512],[121.307665,24.998505],[121.307664,24.998502],[121.30766,24.998498],[121.307653,24.998494]]]]}},{"type":"Feature","properties":{"NAME":"三民路三段","PSTART":"永安路","PEND":"中正路","SW_DIRECT":"1","SW_LENG":2.19,"SW_WTH":3.07,"SWW_WTH":3.07,"SW_RAMP":2,"COUNTY_NA":"桃園市","VILL_NAME":"桃園區"},"geometry":{"type":"MultiPolygon","coordinates":[[[[121.308072,24.998436],[121.308053,24.998426],[121.308046,24.998438],[121.308038,24.99845],[121.308054,24.998458],[121.308057,24.998459],[121.308072,24.998436]]]]}},{"type":"Feature","properties":{"NAME":"三民路三段","PSTART":"永安路","PEND":"中正路","SW_DIRECT":"2","SW_LENG":4.76,"SW_WTH":2.43,"SWW_WTH":2.43,"SW_RAMP":2,"COUNTY_NA":"桃園市","VILL_NAME":"桃園區"},"geometry":{"type":"MultiPolygon","coordinates":[[[[121.307939,24.998647],[121.307936,24.998645],[121.307924,24.998665],[121.307932,24.998669],[121.307965,24.998686],[121.307977,24.998668],[121.30797,24.998664],[121.307939,24.998647]]]]}},{"type":"Feature","properties":{"NAME":"三民路三段","PSTART":"永安路","PEND":"中正路","SW_DIRECT":"2","SW_LENG":3.28,"SW_WTH":2.75,"SWW_WTH":2.75,"SW_RAMP":2,"COUNTY_NA":"桃園市","VILL_NAME":"桃園區"},"geometry":{"type":"MultiPolygon","coordinates":[[[[121.30777,24.998556],[121.307764,24.998556],[121.30776,24.998557],[121.307757,24.99856],[121.307755,24.998562],[121.307752,24.998566],[121.30775,24.998569],[121.307747,24.998572],[121.307776,24.998588],[121.30779,24.998566],[121.307778,24.99856],[121.30777,24.998556]]]]}},{"type":"Feature","properties":{"NAME":"三民路三段","PSTART":"永安路","PEND":"中正路","SW_DIRECT":"2","SW_LENG":7.18,"SW_WTH":3.15,"SWW_WTH":3.15,"SW_RAMP":2,"COUNTY_NA":"桃園市","VILL_NAME":"桃園區"},"geometry":{"type":"MultiPolygon","coordinates":[[[[121.308274,24.998829],[121.30827,24.998827],[121.308253,24.998852],[121.308276,24.998864],[121.308289,24.998882],[121.308301,24.998901],[121.308306,24.998896],[121.30831,24.998887],[121.308311,24.998882],[121.308312,24.998875],[121.308312,24.998871],[121.308312,24.998864],[121.308309,24.998859],[121.308305,24.998852],[121.308301,24.998847],[121.308295,24.998841],[121.30829,24.998837],[121.308274,24.998829]]]]}},{"type":"Feature","properties":{"NAME":"三民路一段","PSTART":"鎮撫街","PEND":"中山東路","SW_DIRECT":"1","SW_LENG":21.45,"SW_WTH":2.7,"SWW_WTH":2.7,"SW_RAMP":2,"COUNTY_NA":"桃園市","VILL_NAME":"桃園區"},"geometry":{"type":"MultiPolygon","coordinates":[[[[121.320457,24.999543],[121.320433,24.999532],[121.320386,24.999623],[121.320342,24.999708],[121.320367,24.999718],[121.320411,24.999632],[121.320457,24.999543]]]]}},{"type":"Feature","properties":{"NAME":"三民路三段","PSTART":"永安路","PEND":"中正路","SW_DIRECT":"1","SW_LENG":2.66,"SW_WTH":2.5,"SWW_WTH":2.5,"SW_RAMP":2,"COUNTY_NA":"桃園市","VILL_NAME":"桃園區"},"geometry":{"type":"MultiPolygon","coordinates":[[[[121.308144,24.99848],[121.30812,24.998468],[121.308114,24.998478],[121.30811,24.998484],[121.308111,24.998487],[121.308114,24.99849],[121.30813,24.998499],[121.308137,24.998489],[121.308144,24.99848]]]]}},{"type":"Feature","properties":{"NAME":"三民路三段","PSTART":"永安路","PEND":"中正路","SW_DIRECT":"1","SW_LENG":8.18,"SW_WTH":3.63,"SWW_WTH":3.63,"SW_RAMP":2,"COUNTY_NA":"桃園市","VILL_NAME":"桃園區"},"geometry":{"type":"MultiPolygon","coordinates":[[[[121.308467,24.998636],[121.308485,24.998617],[121.308482,24.998615],[121.30848,24.998614],[121.308475,24.998612],[121.308438,24.998622],[121.308432,24.998632],[121.308418,24.998624],[121.308403,24.998648],[121.308419,24.998654],[121.308424,24.998655],[121.308429,24.998656],[121.308435,24.998656],[121.308441,24.998656],[121.308444,24.998654],[121.308448,24.998652],[121.308455,24.998647],[121.308467,24.998636]]]]}},{"type":"Feature","properties":{"NAME":"三民路二段","PSTART":"民生路","PEND":"朝陽街5","SW_DIRECT":"2","SW_LENG":4.18,"SW_WTH":3.14,"SWW_WTH":3.14,"SW_RAMP":2,"COUNTY_NA":"桃園市","VILL_NAME":"桃園區"},"geometry":{"type":"MultiPolygon","coordinates":[[[[121.311414,25.000267],[121.311405,25.000264],[121.3114,25.00027],[121.311392,25.000284],[121.311392,25.00029],[121.311432,25.000301],[121.31144,25.000273],[121.31144,25.000273],[121.311414,25.000267]]]]}},{"type":"Feature","properties":{"NAME":"延平路","PSTART":"延平路","PEND":"延平路","SW_DIRECT":"1","SW_LENG":111.02,"SW_WTH":2.04,"SWW_WTH":2.04,"SW_RAMP":2,"COUNTY_NA":"桃園市","VILL_NAME":"桃園區"},"geometry":{"type":"MultiPolygon","coordinates":[[[[121.314632,24.978297],[121.314646,24.977627],[121.314627,24.977628],[121.314625,24.977708],[121.314619,24.977951],[121.314613,24.978194],[121.314611,24.978316],[121.314608,24.978451],[121.314605,24.97863],[121.314627,24.97863],[121.314628,24.978585],[121.314632,24.978297]]]]}},{"type":"Feature","properties":{"NAME":"建成街","PSTART":"建成街","PEND":"建成街_5B","SW_DIRECT":"1","SW_LENG":94.5,"SW_WTH":1.25,"SWW_WTH":1.25,"SW_RAMP":2,"COUNTY_NA":"桃園市","VILL_NAME":"桃園區"},"geometry":{"type":"MultiPolygon","coordinates":[[[[121.315904,24.98692],[121.315713,24.986898],[121.315713,24.986916],[121.315936,24.986939],[121.316166,24.98696],[121.316637,24.987012],[121.31665,24.987002],[121.316647,24.987002],[121.316379,24.986973],[121.315904,24.98692]]]]}},{"type":"Feature","properties":{"NAME":"建成街","PSTART":"建成街","PEND":"建成街_3B","SW_DIRECT":"1","SW_LENG":29.78,"SW_WTH":3.86,"SWW_WTH":3.86,"SW_RAMP":2,"COUNTY_NA":"桃園市","VILL_NAME":"桃園區"},"geometry":{"type":"MultiPolygon","coordinates":[[[[121.3155,24.986766],[121.3155,24.986734],[121.315445,24.986737],[121.315449,24.986748],[121.315475,24.986819],[121.315491,24.986853],[121.315509,24.986884],[121.315529,24.98691],[121.315551,24.986932],[121.315576,24.986954],[121.315611,24.98698],[121.315614,24.986983],[121.315618,24.986939],[121.315613,24.986935],[121.315598,24.986924],[121.315579,24.986908],[121.315559,24.986887],[121.315542,24.986867],[121.315534,24.986852],[121.315524,24.986836],[121.315517,24.986818],[121.315507,24.986794],[121.3155,24.986766]]]]}},{"type":"Feature","properties":{"NAME":"建成街","PSTART":"建成街","PEND":"建成街_1B","SW_DIRECT":"1","SW_LENG":17.34,"SW_WTH":4.95,"SWW_WTH":4.95,"SW_RAMP":2,"COUNTY_NA":"桃園市","VILL_NAME":"桃園區"},"geometry":{"type":"MultiPolygon","coordinates":[[[[121.317838,24.987201],[121.317698,24.987186],[121.317691,24.987231],[121.317872,24.987248],[121.317872,24.987231],[121.317842,24.987202],[121.317838,24.987201]]]]}},{"type":"Feature","properties":{"NAME":"桃鶯路","PSTART":"桃鶯路","PEND":"桃鶯路","SW_DIRECT":"1","SW_LENG":138.74,"SW_WTH":4.0,"SWW_WTH":4.0,"SW_RAMP":2,"COUNTY_NA":"桃園市","VILL_NAME":"桃園區"},"geometry":{"type":"MultiPolygon","coordinates":[[[[121.317872,24.987248],[121.317805,24.987242],[121.31776,24.9881],[121.31775,24.988485],[121.317792,24.988497],[121.317811,24.9885],[121.317834,24.988502],[121.317841,24.988342],[121.317845,24.988117],[121.317853,24.987914],[121.317863,24.987521],[121.317872,24.987248]]]]}},{"type":"Feature","properties":{"NAME":"長壽街","PSTART":"長壽街","PEND":"長壽街","SW_DIRECT":"1","SW_LENG":343.51,"SW_WTH":2.57,"SWW_WTH":2.57,"SW_RAMP":2,"COUNTY_NA":"桃園市","VILL_NAME":"桃園區"},"geometry":{"type":"MultiPolygon","coordinates":[[[[121.310486,24.988277],[121.310547,24.988266],[121.310554,24.988261],[121.310559,24.988248],[121.310576,24.988253],[121.310683,24.988288],[121.310692,24.988266],[121.310682,24.988263],[121.310665,24.988256],[121.310643,24.98825],[121.310602,24.988237],[121.31058,24.988231],[121.310564,24.988226],[121.310533,24.988243],[121.310446,24.988259],[121.310373,24.988272],[121.310234,24.988246],[121.310065,24.988214],[121.309851,24.988175],[121.309673,24.988143],[121.309504,24.988115],[121.309438,24.988104],[121.309357,24.98809],[121.309277,24.988078],[121.309192,24.988064],[121.309097,24.988047],[121.309032,24.988037],[121.308981,24.988028],[121.308934,24.98802],[121.308864,24.988008],[121.308805,24.987998],[121.308727,24.987985],[121.308676,24.987976],[121.308629,24.987969],[121.308587,24.987962],[121.308537,24.987954],[121.308455,24.98794],[121.308304,24.987916],[121.308219,24.987901],[121.308138,24.987887],[121.308087,24.987877],[121.307978,24.987859],[121.307835,24.987835],[121.307698,24.987812],[121.307558,24.987789],[121.307456,24.987772],[121.307454,24.987779],[121.307392,24.987769],[121.307372,24.987765],[121.307354,24.987762],[121.307352,24.987778],[121.307391,24.987785],[121.307476,24.987798],[121.307529,24.987807],[121.307653,24.987829],[121.307785,24.987851],[121.307921,24.987873],[121.308046,24.987895],[121.308111,24.987905],[121.308193,24.987919],[121.308262,24.987931],[121.308365,24.987949],[121.308507,24.987973],[121.308639,24.987994],[121.308752,24.988013],[121.308851,24.98803],[121.308944,24.988045],[121.30913,24.988077],[121.309334,24.988111],[121.309431,24.988128],[121.309625,24.98816],[121.309772,24.988185],[121.309896,24.988208],[121.310007,24.988228],[121.310122,24.98825],[121.310208,24.988266],[121.310278,24.988279],[121.310376,24.988298],[121.310422,24.988289],[121.310486,24.988277]]]]}},{"type":"Feature","properties":{"NAME":"民權路","PSTART":"民權路","PEND":"民權路_5B","SW_DIRECT":"1","SW_LENG":34.98,"SW_WTH":1.28,"SWW_WTH":1.28,"SW_RAMP":0,"COUNTY_NA":"桃園市","VILL_NAME":"桃園區"},"geometry":{"type":"MultiPolygon","coordinates":[[[[121.310869,24.992341],[121.310858,24.992337],[121.310852,24.992352],[121.310833,24.992401],[121.310822,24.992426],[121.310797,24.992489],[121.310782,24.992529],[121.31077,24.992557],[121.310761,24.992581],[121.310747,24.992583],[121.31074,24.992602],[121.310729,24.992632],[121.310755,24.992638],[121.310763,24.992615],[121.310789,24.992546],[121.310807,24.992498],[121.310815,24.992478],[121.310825,24.992452],[121.310844,24.992405],[121.310862,24.992357],[121.310869,24.992341]]]]}},{"type":"Feature","properties":{"NAME":"東國街","PSTART":"東國街","PEND":"東國街10","SW_DIRECT":"1","SW_LENG":9.62,"SW_WTH":1.6,"SWW_WTH":1.6,"SW_RAMP":2,"COUNTY_NA":"桃園市","VILL_NAME":"桃園區"},"geometry":{"type":"MultiPolygon","coordinates":[[[[121.31463,24.995404],[121.314616,24.9954],[121.314603,24.995434],[121.314586,24.995483],[121.314599,24.995486],[121.314609,24.995462],[121.314618,24.995438],[121.31463,24.995404]]]]}},{"type":"Feature","properties":{"NAME":"縣府路","PSTART":"法務部調查局","PEND":"桃園幼兒園","SW_DIRECT":"2","SW_LENG":122.0,"SW_WTH":1.2,"SWW_WTH":1.2,"SW_RAMP":3,"COUNTY_NA":"桃園市","VILL_NAME":"桃園區"},"geometry":{"type":"MultiPolygon","coordinates":[[[[121.300754,24.9943],[121.300809,24.994281],[121.301803,24.994303],[121.301808,24.994286],[121.300807,24.994264],[121.300736,24.994288],[121.300754,24.9943]]]]}},{"type":"Feature","properties":{"NAME":"昆明路","PSTART":"大林路","PEND":"建國路","SW_DIRECT":"3","SW_LENG":176.0,"SW_WTH":1.5,"SWW_WTH":1.5,"SW_RAMP":4,"COUNTY_NA":"桃園市","VILL_NAME":"桃園區"},"geometry":{"type":"MultiPolygon","coordinates":[[[[121.311222,24.986776],[121.311264,24.986791],[121.311801,24.985436],[121.311732,24.985424],[121.311222,24.986776]]]]}},{"type":"Feature","properties":{"NAME":"大林路","PSTART":"昆明路","PEND":"延平路","SW_DIRECT":"3","SW_LENG":300.0,"SW_WTH":1.5,"SWW_WTH":1.5,"SW_RAMP":12,"COUNTY_NA":"桃園市","VILL_NAME":"桃園區"},"geometry":{"type":"MultiPolygon","coordinates":[[[[121.311284,24.986868],[121.314043,24.987558],[121.314059,24.987522],[121.311297,24.986835],[121.311284,24.986868]]]]}},{"type":"Feature","properties":{"NAME":"建國路","PSTART":"昆明路","PEND":"延平路","SW_DIRECT":"3","SW_LENG":267.0,"SW_WTH":1.5,"SWW_WTH":1.5,"SW_RAMP":6,"COUNTY_NA":"桃園市","VILL_NAME":"桃園區"},"geometry":{"type":"MultiPolygon","coordinates":[[[[121.311808,24.985447],[121.314285,24.9857],[121.3143,24.985626],[121.311815,24.985404],[121.311808,24.985447]]]]}},{"type":"Feature","properties":{"NAME":"延平路","PSTART":"大林路","PEND":"建國路","SW_DIRECT":"3","SW_LENG":221.0,"SW_WTH":3.3,"SWW_WTH":3.3,"SW_RAMP":12,"COUNTY_NA":"桃園市","VILL_NAME":"桃園區"},"geometry":{"type":"MultiPolygon","coordinates":[[[[121.314047,24.987554],[121.314092,24.987566],[121.314373,24.985707],[121.314294,24.985695],[121.314047,24.987554]]]]}},{"type":"Feature","properties":{"NAME":"復興路","PSTART":"三民路三段","PEND":"中華路121巷","SW_DIRECT":"1","SW_LENG":23.0,"SW_WTH":1.0,"SWW_WTH":1.0,"SW_RAMP":0,"COUNTY_NA":"桃園市","VILL_NAME":"桃園區"},"geometry":{"type":"MultiPolygon","coordinates":[[[[121.307138,24.989039],[121.307374,24.989017],[121.307369,24.988998],[121.307122,24.989025],[121.307138,24.989039]]]]}},{"type":"Feature","properties":{"NAME":"大同路","PSTART":"民族路","PEND":"中正路","SW_DIRECT":"1","SW_LENG":55.0,"SW_WTH":1.2,"SWW_WTH":1.2,"SW_RAMP":0,"COUNTY_NA":"桃園市","VILL_NAME":"桃園區"},"geometry":{"type":"MultiPolygon","coordinates":[[[[121.312005,24.989382],[121.311997,24.989398],[121.312362,24.989512],[121.312369,24.989496],[121.312005,24.989382]]]]}},{"type":"Feature","properties":{"NAME":"大同路","PSTART":"民族路","PEND":"中正路","SW_DIRECT":"1","SW_LENG":10.0,"SW_WTH":1.2,"SWW_WTH":1.2,"SW_RAMP":0,"COUNTY_NA":"桃園市","VILL_NAME":"桃園區"},"geometry":{"type":"MultiPolygon","coordinates":[[[[121.311764,24.989304],[121.311751,24.989321],[121.311851,24.989354],[121.311861,24.989337],[121.311854,24.989306],[121.311833,24.989301],[121.31183,24.989325],[121.311764,24.989304]]]]}},{"type":"Feature","properties":{"NAME":"介新街","PSTART":"陽明十二街","PEND":"陽明一街","SW_DIRECT":"1","SW_LENG":31.0,"SW_WTH":1.5,"SWW_WTH":1.5,"SW_RAMP":0,"COUNTY_NA":"桃園市","VILL_NAME":"桃園區"},"geometry":{"type":"MultiPolygon","coordinates":[[[[121.307553,24.977638],[121.307508,24.977636],[121.307427,24.977729],[121.307351,24.97782],[121.307354,24.977849],[121.307364,24.97787],[121.307383,24.977863],[121.30737,24.977844],[121.307383,24.977822],[121.307511,24.977667],[121.307545,24.977655],[121.307553,24.977638]]]]}},{"type":"Feature","properties":{"NAME":"東國街","PSTART":"中山東路","PEND":"東國國小附幼","SW_DIRECT":"1","SW_LENG":37.0,"SW_WTH":1.2,"SWW_WTH":1.2,"SW_RAMP":0,"COUNTY_NA":"桃園市","VILL_NAME":"桃園區"},"geometry":{"type":"MultiPolygon","coordinates":[[[[121.314502,24.995761],[121.314601,24.995486],[121.314575,24.995481],[121.314487,24.995758],[121.314502,24.995761]]]]}},{"type":"Feature","properties":{"NAME":"中山東路","PSTART":"中山東路32號","PEND":"東國街","SW_DIRECT":"1","SW_LENG":45.0,"SW_WTH":1.2,"SWW_WTH":1.2,"SW_RAMP":0,"COUNTY_NA":"桃園市","VILL_NAME":"桃園區"},"geometry":{"type":"MultiPolygon","coordinates":[[[[121.313998,24.99565],[121.313988,24.99567],[121.314358,24.995769],[121.314363,24.99575],[121.313998,24.99565]]]]}},{"type":"Feature","properties":{"NAME":"民生路","PSTART":"民生路141號","PEND":"民生路141號","SW_DIRECT":"1","SW_LENG":7.0,"SW_WTH":0.9,"SWW_WTH":0.9,"SW_RAMP":0,"COUNTY_NA":"桃園市","VILL_NAME":"桃園區"},"geometry":{"type":"MultiPolygon","coordinates":[[[[121.313127,24.993382],[121.313117,24.993437],[121.313126,24.99344],[121.313137,24.993385],[121.313127,24.993382]]]]}},{"type":"Feature","properties":{"NAME":"中山路","PSTART":"中山路339號","PEND":"中山路337號","SW_DIRECT":"1","SW_LENG":8.4,"SW_WTH":0.9,"SWW_WTH":0.9,"SW_RAMP":0,"COUNTY_NA":"桃園市","VILL_NAME":"桃園區"},"geometry":{"type":"MultiPolygon","coordinates":[[[[121.302953,24.991818],[121.302951,24.99182],[121.303004,24.991825],[121.303005,24.991818],[121.302953,24.991818]]]]}},{"type":"Feature","properties":{"NAME":"德育街","PSTART":"成功路二段","PEND":"萬壽路二段","SW_DIRECT":"2","SW_LENG":90.0,"SW_WTH":0.9,"SWW_WTH":0.9,"SW_RAMP":0,"COUNTY_NA":"桃園市","VILL_NAME":"桃園區"},"geometry":{"type":"MultiPolygon","coordinates":[[[[121.322049,24.995649],[121.322097,24.995668],[121.322359,24.994957],[121.322314,24.994943],[121.322049,24.995649]]]]}},{"type":"Feature","properties":{"NAME":"德育街","PSTART":"成功路二段","PEND":"萬壽路二段","SW_DIRECT":"2","SW_LENG":230.0,"SW_WTH":0.9,"SWW_WTH":0.9,"SW_RAMP":0,"COUNTY_NA":"桃園市","VILL_NAME":"桃園區"},"geometry":{"type":"MultiPolygon","coordinates":[[[[121.322367,24.99482],[121.322403,24.994836],[121.323118,24.992899],[121.323082,24.992879],[121.322367,24.99482]]]]}},{"type":"Feature","properties":{"NAME":"德育街","PSTART":"成功路二段","PEND":"萬壽路二段","SW_DIRECT":"2","SW_LENG":50.0,"SW_WTH":0.9,"SWW_WTH":0.9,"SW_RAMP":0,"COUNTY_NA":"桃園市","VILL_NAME":"桃園區"},"geometry":{"type":"MultiPolygon","coordinates":[[[[121.323289,24.992345],[121.323123,24.992779],[121.323155,24.992789],[121.323313,24.992357],[121.323289,24.992345]]]]}},{"type":"Feature","properties":{"NAME":"安東街","PSTART":"成功路二段","PEND":"鎮江街","SW_DIRECT":"1","SW_LENG":63.8,"SW_WTH":0.9,"SWW_WTH":0.9,"SW_RAMP":0,"COUNTY_NA":"桃園市","VILL_NAME":"桃園區"},"geometry":{"type":"MultiPolygon","coordinates":[[[[121.315443,24.993563],[121.315524,24.993328],[121.315584,24.993155],[121.315569,24.993153],[121.315535,24.993248],[121.315524,24.993244],[121.315496,24.993319],[121.31551,24.993323],[121.315422,24.993559],[121.315443,24.993563]]]]}},{"type":"Feature","properties":{"NAME":"復興路328巷","PSTART":"復興路","PEND":"三民路三段","SW_DIRECT":"1","SW_LENG":152.0,"SW_WTH":0.9,"SWW_WTH":0.9,"SW_RAMP":0,"COUNTY_NA":"桃園市","VILL_NAME":"桃園區"},"geometry":{"type":"MultiPolygon","coordinates":[[[[121.305924,24.989297],[121.305913,24.989297],[121.305918,24.989334],[121.305925,24.98935],[121.306262,24.989601],[121.306279,24.989621],[121.306279,24.989723],[121.30628,24.989745],[121.30629,24.989784],[121.306333,24.989846],[121.30641,24.989979],[121.306585,24.990221],[121.306632,24.990259],[121.306637,24.99024],[121.306594,24.990205],[121.306343,24.989838],[121.306297,24.989777],[121.306291,24.989745],[121.306291,24.989723],[121.306297,24.989614],[121.306276,24.989592],[121.30593,24.989339],[121.305924,24.989297]]]]}},{"type":"Feature","properties":{"NAME":"民生路","PSTART":"民生路","PEND":"成功路二段1","SW_DIRECT":"2","SW_LENG":7.0,"SW_WTH":0.9,"SWW_WTH":0.9,"SW_RAMP":0,"COUNTY_NA":"桃園市","VILL_NAME":"桃園區"},"geometry":{"type":"MultiPolygon","coordinates":[[[[121.313118,24.993451],[121.31313,24.993455],[121.313144,24.993385],[121.31313,24.993379],[121.313118,24.993451]]]]}},{"type":"Feature","properties":{"NAME":"重慶街","PSTART":"大同路","PEND":"復興路8","SW_DIRECT":"1","SW_LENG":35.0,"SW_WTH":1.2,"SWW_WTH":1.2,"SW_RAMP":0,"COUNTY_NA":"桃園市","VILL_NAME":"桃園區"},"geometry":{"type":"MultiPolygon","coordinates":[[[[121.314473,24.990571],[121.31455,24.990374],[121.31453,24.990367],[121.314456,24.990566],[121.314473,24.990571]]]]}},{"type":"Feature","properties":{"NAME":"延平路","PSTART":"建國路","PEND":"延平路","SW_DIRECT":"1","SW_LENG":216.0,"SW_WTH":1.4,"SWW_WTH":1.2,"SW_RAMP":0,"COUNTY_NA":"桃園市","VILL_NAME":"桃園區"},"geometry":{"type":"MultiPolygon","coordinates":[[[[121.314438,24.98575],[121.314425,24.985747],[121.314423,24.98575],[121.314411,24.985812],[121.314192,24.987482],[121.314192,24.987512],[121.314197,24.987515],[121.314427,24.985814],[121.314438,24.98575]]]]}},{"type":"Feature","properties":{"NAME":"民權路","PSTART":"中華路","PEND":"民權路59號","SW_DIRECT":"1","SW_LENG":54.0,"SW_WTH":0.9,"SWW_WTH":0.9,"SW_RAMP":0,"COUNTY_NA":"桃園市","VILL_NAME":"桃園區"},"geometry":{"type":"MultiPolygon","coordinates":[[[[121.311169,24.991559],[121.311322,24.991153],[121.311316,24.991151],[121.311162,24.991556],[121.311169,24.991559]]]]}},{"type":"Feature","properties":{"NAME":"莒光街","PSTART":"中山北路","PEND":"莒光街711旁","SW_DIRECT":"1","SW_LENG":10.5,"SW_WTH":10.5,"SWW_WTH":0.9,"SW_RAMP":0,"COUNTY_NA":"桃園市","VILL_NAME":"桃園區"},"geometry":{"type":"MultiPolygon","coordinates":[[[[121.303225,24.995276],[121.303223,24.995286],[121.303379,24.995296],[121.30338,24.995285],[121.303225,24.995276]]]]}},{"type":"Feature","properties":{"NAME":"保羅街","PSTART":"建新街","PEND":"保羅街","SW_DIRECT":"1","SW_LENG":12.0,"SW_WTH":0.9,"SWW_WTH":0.9,"SW_RAMP":0,"COUNTY_NA":"桃園市","VILL_NAME":"桃園區"},"geometry":{"type":"MultiPolygon","coordinates":[[[[121.311363,24.981753],[121.311413,24.981746],[121.311466,24.98174],[121.311488,24.981753],[121.311501,24.981762],[121.311503,24.981753],[121.311501,24.98174],[121.311483,24.981722],[121.311457,24.981719],[121.311409,24.981724],[121.311332,24.981739],[121.311363,24.981753]]]]}},{"type":"Feature","properties":{"NAME":"縣府路","PSTART":"仁一街","PEND":"信二街","SW_DIRECT":"1","SW_LENG":49.2,"SW_WTH":0.9,"SWW_WTH":0.9,"SW_RAMP":0,"COUNTY_NA":"桃園市","VILL_NAME":"桃園區"},"geometry":{"type":"MultiPolygon","coordinates":[[[[121.30038,24.994907],[121.300442,24.994928],[121.300499,24.994941],[121.30055,24.994952],[121.300605,24.994959],[121.300656,24.994958],[121.300718,24.994953],[121.300771,24.994954],[121.30077,24.99493],[121.300715,24.994929],[121.300656,24.994932],[121.300607,24.994931],[121.300555,24.994925],[121.300504,24.994915],[121.300448,24.994904],[121.300387,24.99489],[121.30038,24.994907]]]]}},{"type":"Feature","properties":{"NAME":"中山路","PSTART":"民生路","PEND":"福昌街","SW_DIRECT":"1","SW_LENG":38.0,"SW_WTH":1.2,"SWW_WTH":1.2,"SW_RAMP":0,"COUNTY_NA":"桃園市","VILL_NAME":"桃園區"},"geometry":{"type":"MultiPolygon","coordinates":[[[[121.3128,24.995271],[121.312795,24.995285],[121.313079,24.995353],[121.313082,24.995342],[121.3128,24.995271]]]]}},{"type":"Feature","properties":{"NAME":"中山東路","PSTART":"朝陽街一段","PEND":"朝陽街","SW_DIRECT":"1","SW_LENG":27.0,"SW_WTH":1.2,"SWW_WTH":1.2,"SW_RAMP":0,"COUNTY_NA":"桃園市","VILL_NAME":"桃園區"},"geometry":{"type":"MultiPolygon","coordinates":[[[[121.313437,24.995473],[121.313434,24.995478],[121.313666,24.995558],[121.313668,24.995552],[121.313437,24.995473]]]]}},{"type":"Feature","properties":{"NAME":"建新街","PSTART":"昆明路","PEND":"建新街113巷","SW_DIRECT":"1","SW_LENG":125.0,"SW_WTH":1.2,"SWW_WTH":1.2,"SW_RAMP":0,"COUNTY_NA":"桃園市","VILL_NAME":"桃園區"},"geometry":{"type":"MultiPolygon","coordinates":[[[[121.312763,24.984106],[121.312424,24.983557],[121.312198,24.983121],[121.312179,24.983125],[121.312403,24.983562],[121.312745,24.984118],[121.312763,24.984106]]]]}},{"type":"Feature","properties":{"NAME":"昆明路","PSTART":"建新街","PEND":"樹林四街","SW_DIRECT":"1","SW_LENG":80.0,"SW_WTH":1.2,"SWW_WTH":1.2,"SW_RAMP":0,"COUNTY_NA":"桃園市","VILL_NAME":"桃園區"},"geometry":{"type":"MultiPolygon","coordinates":[[[[121.312832,24.984177],[121.313036,24.984031],[121.313255,24.98389],[121.313373,24.983772],[121.313365,24.983756],[121.313242,24.983873],[121.313017,24.984015],[121.312818,24.984158],[121.312832,24.984177]]]]}},{"type":"Feature","properties":{"NAME":"建國路61巷","PSTART":"建國路61巷33弄","PEND":"建國路61巷61弄","SW_DIRECT":"1","SW_LENG":66.0,"SW_WTH":1.2,"SWW_WTH":1.2,"SW_RAMP":0,"COUNTY_NA":"桃園市","VILL_NAME":"桃園區"},"geometry":{"type":"MultiPolygon","coordinates":[[[[121.31562,24.984969],[121.315665,24.98447],[121.315647,24.984468],[121.315596,24.984969],[121.31562,24.984969]]]]}},{"type":"Feature","properties":{"NAME":"建國路61巷","PSTART":"建國路61巷31號","PEND":"建國路61巷33弄","SW_DIRECT":"1","SW_LENG":11.0,"SW_WTH":1.2,"SWW_WTH":1.2,"SW_RAMP":0,"COUNTY_NA":"桃園市","VILL_NAME":"桃園區"},"geometry":{"type":"MultiPolygon","coordinates":[[[[121.315584,24.985165],[121.315594,24.985115],[121.315631,24.985084],[121.315618,24.985067],[121.315573,24.985108],[121.315558,24.985168],[121.315584,24.985165]]]]}},{"type":"Feature","properties":{"NAME":"延平路","PSTART":"福吉二街","PEND":"建國路","SW_DIRECT":"2","SW_LENG":36.0,"SW_WTH":1.2,"SWW_WTH":1.2,"SW_RAMP":0,"COUNTY_NA":"桃園市","VILL_NAME":"桃園區"},"geometry":{"type":"MultiPolygon","coordinates":[[[[121.314247,24.986125],[121.314273,24.986127],[121.314308,24.985728],[121.314287,24.985726],[121.314247,24.986125]]]]}},{"type":"Feature","properties":{"NAME":"中興街","PSTART":"中興街","PEND":"東門街","SW_DIRECT":"2","SW_LENG":3.91,"SW_WTH":1.0,"SWW_WTH":1.0,"SW_RAMP":0,"COUNTY_NA":"桃園市","VILL_NAME":"桃園區"},"geometry":{"type":"MultiPolygon","coordinates":[[[[121.314737,24.99702],[121.314742,24.997013],[121.314697,24.996996],[121.31469,24.997006],[121.314737,24.99702]]]]}},{"type":"Feature","properties":{"NAME":"延平路","PSTART":"金門二街","PEND":"延平路156巷","SW_DIRECT":"2","SW_LENG":60.0,"SW_WTH":0.9,"SWW_WTH":0.9,"SW_RAMP":0,"COUNTY_NA":"桃園市","VILL_NAME":"桃園區"},"geometry":{"type":"MultiPolygon","coordinates":[[[[121.314806,24.982064],[121.314835,24.982057],[121.314792,24.98163],[121.314766,24.98163],[121.314806,24.982064]]]]}},{"type":"Feature","properties":{"NAME":"民生路","PSTART":"民生路45號","PEND":"民生路55巷","SW_DIRECT":"2","SW_LENG":22.0,"SW_WTH":1.2,"SWW_WTH":1.2,"SW_RAMP":0,"COUNTY_NA":"桃園市","VILL_NAME":"桃園區"},"geometry":{"type":"MultiPolygon","coordinates":[[[[121.314462,24.991556],[121.314491,24.991563],[121.314611,24.991429],[121.314583,24.991415],[121.314462,24.991556]]]]}},{"type":"Feature","properties":{"NAME":"萬壽路三段","PSTART":"大同路","PEND":"民生路","SW_DIRECT":"2","SW_LENG":147.0,"SW_WTH":1.2,"SWW_WTH":1.2,"SW_RAMP":0,"COUNTY_NA":"桃園市","VILL_NAME":"桃園區"},"geometry":{"type":"MultiPolygon","coordinates":[[[[121.314634,24.990185],[121.314722,24.989919],[121.314756,24.98989],[121.31565,24.990044],[121.315658,24.990025],[121.314756,24.989871],[121.314701,24.989905],[121.314608,24.990175],[121.314634,24.990185]]]]}},{"type":"Feature","properties":{"NAME":"大同路","PSTART":"三民路三段","PEND":"大同路182號","SW_DIRECT":"2","SW_LENG":23.0,"SW_WTH":1.2,"SWW_WTH":1.2,"SW_RAMP":0,"COUNTY_NA":"桃園市","VILL_NAME":"桃園區"},"geometry":{"type":"MultiPolygon","coordinates":[[[[121.307189,24.988394],[121.307498,24.98842],[121.307501,24.988404],[121.307191,24.988378],[121.307189,24.988394]]]]}},{"type":"Feature","properties":{"NAME":"大同路","PSTART":"民族路","PEND":"中正路","SW_DIRECT":"1","SW_LENG":60.0,"SW_WTH":1.2,"SWW_WTH":1.2,"SW_RAMP":0,"COUNTY_NA":"桃園市","VILL_NAME":"桃園區"},"geometry":{"type":"MultiPolygon","coordinates":[[[[121.310475,24.988887],[121.310465,24.988906],[121.311097,24.989115],[121.311108,24.989094],[121.310475,24.988887]]]]}},{"type":"Feature","properties":{"NAME":"萬壽路三段","PSTART":"萬壽路三段183號","PEND":"萬壽里活動中心","SW_DIRECT":"1","SW_LENG":95.0,"SW_WTH":1.2,"SWW_WTH":1.2,"SW_RAMP":0,"COUNTY_NA":"桃園市","VILL_NAME":"桃園區"},"geometry":{"type":"MultiPolygon","coordinates":[[[[121.317639,24.990328],[121.317634,24.990354],[121.318502,24.990567],[121.31851,24.990544],[121.317639,24.990328]]]]}},{"type":"Feature","properties":{"NAME":"復興路","PSTART":"大同路200巷","PEND":"三民路橋","SW_DIRECT":"1","SW_LENG":78.0,"SW_WTH":1.2,"SWW_WTH":1.2,"SW_RAMP":0,"COUNTY_NA":"桃園市","VILL_NAME":"桃園區"},"geometry":{"type":"MultiPolygon","coordinates":[[[[121.306137,24.989106],[121.306137,24.989125],[121.3069,24.989066],[121.306894,24.989047],[121.306137,24.989106]]]]}},{"type":"Feature","properties":{"NAME":"南山街","PSTART":"復興路","PEND":"南山街30巷","SW_DIRECT":"1","SW_LENG":74.0,"SW_WTH":1.2,"SWW_WTH":1.2,"SW_RAMP":0,"COUNTY_NA":"桃園市","VILL_NAME":"桃園區"},"geometry":{"type":"MultiPolygon","coordinates":[[[[121.304146,24.989838],[121.304114,24.989718],[121.304106,24.989604],[121.3041,24.989496],[121.304108,24.989369],[121.304118,24.989147],[121.304094,24.989147],[121.304087,24.989367],[121.304079,24.989496],[121.304087,24.989604],[121.304093,24.989723],[121.304122,24.98984],[121.304146,24.989838]]]]}},{"type":"Feature","properties":{"NAME":"縣府路","PSTART":"會議廳前","PEND":"文化局","SW_DIRECT":"2","SW_LENG":21.0,"SW_WTH":1.2,"SWW_WTH":1.2,"SW_RAMP":0,"COUNTY_NA":"桃園市","VILL_NAME":"桃園區"},"geometry":{"type":"MultiPolygon","coordinates":[[[[121.300919,24.993665],[121.300914,24.993646],[121.300793,24.993639],[121.300762,24.993666],[121.300775,24.99368],[121.300796,24.993656],[121.300919,24.993665]]]]}},{"type":"Feature","properties":{"NAME":"復興路","PSTART":"復興路470號","PEND":"中山路","SW_DIRECT":"1","SW_LENG":85.0,"SW_WTH":1.2,"SWW_WTH":1.2,"SW_RAMP":0,"COUNTY_NA":"桃園市","VILL_NAME":"桃園區"},"geometry":{"type":"MultiPolygon","coordinates":[[[[121.301569,24.991517],[121.301563,24.991508],[121.301203,24.991714],[121.301191,24.991741],[121.301213,24.991773],[121.301243,24.991775],[121.301243,24.991766],[121.301218,24.991766],[121.301199,24.991737],[121.301213,24.991716],[121.301569,24.991517]]]]}},{"type":"Feature","properties":{"NAME":"中正路","PSTART":"大同路","PEND":"站前圓環1","SW_DIRECT":"1","SW_LENG":5.0,"SW_WTH":1.2,"SWW_WTH":1.2,"SW_RAMP":0,"COUNTY_NA":"桃園市","VILL_NAME":"桃園區"},"geometry":{"type":"MultiPolygon","coordinates":[[[[121.313594,24.989856],[121.313336,24.989805],[121.313328,24.989822],[121.313584,24.989876],[121.313594,24.989856]]]]}},{"type":"Feature","properties":{"NAME":"中正路","PSTART":"長壽街","PEND":"大同路","SW_DIRECT":"1","SW_LENG":26.0,"SW_WTH":1.2,"SWW_WTH":1.2,"SW_RAMP":0,"COUNTY_NA":"桃園市","VILL_NAME":"桃園區"},"geometry":{"type":"MultiPolygon","coordinates":[[[[121.313275,24.989469],[121.313263,24.989466],[121.313164,24.989714],[121.313176,24.989716],[121.313275,24.989469]]]]}},{"type":"Feature","properties":{"NAME":"長壽街","PSTART":"長壽街1號","PEND":"站前圓環","SW_DIRECT":"1","SW_LENG":16.0,"SW_WTH":1.2,"SWW_WTH":1.2,"SW_RAMP":0,"COUNTY_NA":"桃園市","VILL_NAME":"桃園區"},"geometry":{"type":"MultiPolygon","coordinates":[[[[121.313024,24.989198],[121.313266,24.989413],[121.313274,24.989409],[121.313028,24.989192],[121.313024,24.989198]]]]}},{"type":"Feature","properties":{"NAME":"長壽街","PSTART":"大同路","PEND":"中正路","SW_DIRECT":"2","SW_LENG":53.0,"SW_WTH":1.2,"SWW_WTH":1.2,"SW_RAMP":0,"COUNTY_NA":"桃園市","VILL_NAME":"桃園區"},"geometry":{"type":"MultiPolygon","coordinates":[[[[121.312808,24.989607],[121.312814,24.989609],[121.312967,24.989222],[121.31296,24.989219],[121.312808,24.989607]]]]}},{"type":"Feature","properties":{"NAME":"大同路","PSTART":"大同路26號","PEND":"中正路243","SW_DIRECT":"2","SW_LENG":88.0,"SW_WTH":1.2,"SWW_WTH":1.2,"SW_RAMP":0,"COUNTY_NA":"桃園市","VILL_NAME":"桃園區"},"geometry":{"type":"MultiPolygon","coordinates":[[[[121.313928,24.990099],[121.31393,24.990092],[121.313329,24.989897],[121.313327,24.989905],[121.313928,24.990099]]]]}},{"type":"Feature","properties":{"NAME":"民生路","PSTART":"復興路","PEND":"民生路55巷口","SW_DIRECT":"1","SW_LENG":30.0,"SW_WTH":1.2,"SWW_WTH":1.2,"SW_RAMP":0,"COUNTY_NA":"桃園市","VILL_NAME":"桃園區"},"geometry":{"type":"MultiPolygon","coordinates":[[[[121.31527,24.991105],[121.315269,24.991094],[121.315075,24.991104],[121.315015,24.991135],[121.314931,24.991228],[121.314946,24.991237],[121.315027,24.991143],[121.315078,24.991116],[121.31527,24.991105]]]]}},{"type":"Feature","properties":{"NAME":"山鶯路","PSTART":"山鶯路9號","PEND":"萬壽路二段","SW_DIRECT":"1","SW_LENG":52.0,"SW_WTH":1.2,"SWW_WTH":1.2,"SW_RAMP":0,"COUNTY_NA":"桃園市","VILL_NAME":"桃園區"},"geometry":{"type":"MultiPolygon","coordinates":[[[[121.322948,24.991594],[121.322938,24.991591],[121.322821,24.991754],[121.322834,24.991759],[121.322948,24.991594]]]]}},{"type":"Feature","properties":{"NAME":"三民路二段","PSTART":"永安街","PEND":"中正路152","SW_DIRECT":"2","SW_LENG":89.0,"SW_WTH":1.2,"SWW_WTH":1.2,"SW_RAMP":0,"COUNTY_NA":"桃園市","VILL_NAME":"桃園區"},"geometry":{"type":"MultiPolygon","coordinates":[[[[121.308801,24.999111],[121.30878,24.999132],[121.309458,24.999508],[121.309481,24.999475],[121.308801,24.999111]]]]}},{"type":"Feature","properties":{"NAME":"三民路二段","PSTART":"民生路","PEND":"永樂街1","SW_DIRECT":"2","SW_LENG":112.0,"SW_WTH":1.2,"SWW_WTH":1.2,"SW_RAMP":0,"COUNTY_NA":"桃園市","VILL_NAME":"桃園區"},"geometry":{"type":"MultiPolygon","coordinates":[[[[121.309526,24.999503],[121.309507,24.999534],[121.31045,25.000036],[121.310463,25.00002],[121.310458,25.000003],[121.309526,24.999503]]]]}},{"type":"Feature","properties":{"NAME":"桃園國小","PSTART":"民權路65巷","PEND":"民權路65巷","SW_DIRECT":"3","SW_LENG":42.0,"SW_WTH":1.2,"SWW_WTH":1.2,"SW_RAMP":1,"COUNTY_NA":"桃園市","VILL_NAME":"桃園區"},"geometry":{"type":"MultiPolygon","coordinates":[[[[121.311129,24.991659],[121.311133,24.991649],[121.310787,24.991558],[121.310785,24.991566],[121.311129,24.991659]]]]}},{"type":"Feature","properties":{"NAME":"民權路民71巷","PSTART":"民權路","PEND":"民族路","SW_DIRECT":"1","SW_LENG":163.0,"SW_WTH":0.9,"SWW_WTH":0.9,"SW_RAMP":0,"COUNTY_NA":"桃園市","VILL_NAME":"桃園區"},"geometry":{"type":"MultiPolygon","coordinates":[[[[121.31026,24.993565],[121.310267,24.993544],[121.310246,24.993536],[121.31011,24.993421],[121.310114,24.993408],[121.31004,24.99336],[121.310029,24.993339],[121.309902,24.993251],[121.309719,24.993135],[121.309585,24.993047],[121.309419,24.992955],[121.309363,24.992886],[121.309317,24.992846],[121.309192,24.992781],[121.308984,24.992674],[121.308968,24.992697],[121.309088,24.992767],[121.309188,24.992825],[121.309291,24.992882],[121.309335,24.992909],[121.309382,24.992983],[121.309493,24.993035],[121.309687,24.993156],[121.309844,24.993257],[121.310001,24.993364],[121.310114,24.993444],[121.310174,24.993496],[121.31026,24.993565]]]]}},{"type":"Feature","properties":{"NAME":"縣府路","PSTART":"縣府路","PEND":"縣府路1","SW_DIRECT":"1","SW_LENG":198.0,"SW_WTH":1.2,"SWW_WTH":1.2,"SW_RAMP":2,"COUNTY_NA":"桃園市","VILL_NAME":"桃園區"},"geometry":{"type":"MultiPolygon","coordinates":[[[[121.29982,24.994173],[121.299841,24.994136],[121.299818,24.994117],[121.299564,24.993757],[121.299528,24.993664],[121.299517,24.993611],[121.299518,24.993603],[121.300055,24.99362],[121.300054,24.993613],[121.300052,24.993608],[121.300046,24.993602],[121.299514,24.993585],[121.299499,24.993588],[121.299488,24.993595],[121.299482,24.993604],[121.29948,24.99361],[121.29948,24.993622],[121.299482,24.993635],[121.299514,24.993752],[121.299808,24.994157],[121.299812,24.994162],[121.29982,24.994173]]]]}},{"type":"Feature","properties":{"NAME":"大林路","PSTART":"昆明路","PEND":"延平路","SW_DIRECT":"2","SW_LENG":280.0,"SW_WTH":0.9,"SWW_WTH":0.9,"SW_RAMP":0,"COUNTY_NA":"桃園市","VILL_NAME":"桃園區"},"geometry":{"type":"MultiPolygon","coordinates":[[[[121.311229,24.986956],[121.31399,24.987654],[121.314016,24.987685],[121.314011,24.987738],[121.314035,24.987745],[121.314055,24.987683],[121.314025,24.987621],[121.311234,24.986927],[121.311229,24.986956]]]]}},{"type":"Feature","properties":{"NAME":"大林路","PSTART":"延平路","PEND":"吉林路","SW_DIRECT":"2","SW_LENG":130.0,"SW_WTH":3.3,"SWW_WTH":3.3,"SW_RAMP":0,"COUNTY_NA":"桃園市","VILL_NAME":"桃園區"},"geometry":{"type":"MultiPolygon","coordinates":[[[[121.314147,24.987731],[121.314213,24.987718],[121.315477,24.988026],[121.315506,24.988074],[121.315519,24.988038],[121.315498,24.988005],[121.314197,24.987687],[121.314147,24.987731]]]]}},{"type":"Feature","properties":{"NAME":"大林路","PSTART":"吉林路","PEND":"長安街","SW_DIRECT":"2","SW_LENG":136.0,"SW_WTH":3.3,"SWW_WTH":3.3,"SW_RAMP":0,"COUNTY_NA":"桃園市","VILL_NAME":"桃園區"},"geometry":{"type":"MultiPolygon","coordinates":[[[[121.315579,24.988083],[121.315621,24.988071],[121.31699,24.988412],[121.317027,24.988434],[121.317024,24.988398],[121.315634,24.988057],[121.3156,24.988052],[121.315579,24.988083]]]]}},{"type":"Feature","properties":{"NAME":"大林路","PSTART":"長安街","PEND":"桃鶯路","SW_DIRECT":"2","SW_LENG":40.0,"SW_WTH":1.0,"SWW_WTH":1.0,"SW_RAMP":0,"COUNTY_NA":"桃園市","VILL_NAME":"桃園區"},"geometry":{"type":"MultiPolygon","coordinates":[[[[121.317124,24.988456],[121.317533,24.98856],[121.317538,24.988546],[121.317142,24.988442],[121.317124,24.988456]]]]}},{"type":"Feature","properties":{"NAME":"大林路","PSTART":"長安街","PEND":"大林路85巷","SW_DIRECT":"1","SW_LENG":190.0,"SW_WTH":3.0,"SWW_WTH":3.0,"SW_RAMP":0,"COUNTY_NA":"桃園市","VILL_NAME":"桃園區"},"geometry":{"type":"MultiPolygon","coordinates":[[[[121.317154,24.988332],[121.31514,24.98782],[121.315116,24.987775],[121.315108,24.987811],[121.315137,24.987844],[121.317091,24.988344],[121.317128,24.988346],[121.317154,24.988332]]]]}},{"type":"Feature","properties":{"NAME":"大林路","PSTART":"大林路85巷","PEND":"延平路","SW_DIRECT":"1","SW_LENG":90.0,"SW_WTH":3.0,"SWW_WTH":3.0,"SW_RAMP":0,"COUNTY_NA":"桃園市","VILL_NAME":"桃園區"},"geometry":{"type":"MultiPolygon","coordinates":[[[[121.315048,24.98775],[121.314995,24.987781],[121.314248,24.987606],[121.314193,24.987561],[121.31418,24.98753],[121.314156,24.98753],[121.314172,24.987573],[121.31423,24.98762],[121.314987,24.9878],[121.315029,24.987791],[121.315048,24.98775]]]]}},{"type":"Feature","properties":{"NAME":"延平路","PSTART":"大林路","PEND":"建國路","SW_DIRECT":"1","SW_LENG":200.0,"SW_WTH":3.0,"SWW_WTH":1.5,"SW_RAMP":0,"COUNTY_NA":"桃園市","VILL_NAME":"桃園區"},"geometry":{"type":"MultiPolygon","coordinates":[[[[121.31416,24.98753],[121.314183,24.98753],[121.314217,24.987293],[121.314282,24.986978],[121.314312,24.986722],[121.314359,24.986371],[121.314379,24.986163],[121.314436,24.985757],[121.314472,24.985721],[121.314535,24.985725],[121.314535,24.985704],[121.314459,24.985694],[121.314423,24.985726],[121.314337,24.986256],[121.314278,24.98671],[121.314253,24.986978],[121.31416,24.98753]]]]}},{"type":"Feature","properties":{"NAME":"建國路","PSTART":"建新街","PEND":"延平路","SW_DIRECT":"1","SW_LENG":90.0,"SW_WTH":3.0,"SWW_WTH":3.0,"SW_RAMP":0,"COUNTY_NA":"桃園市","VILL_NAME":"桃園區"},"geometry":{"type":"MultiPolygon","coordinates":[[[[121.314325,24.985527],[121.314275,24.985563],[121.313546,24.985492],[121.31347,24.985445],[121.313476,24.985493],[121.313549,24.985524],[121.314257,24.985591],[121.314314,24.985577],[121.314354,24.985531],[121.314325,24.985527]]]]}},{"type":"Feature","properties":{"NAME":"建國路","PSTART":"昆明路","PEND":"建新街","SW_DIRECT":"1","SW_LENG":150.0,"SW_WTH":3.0,"SWW_WTH":1.0,"SW_RAMP":0,"COUNTY_NA":"桃園市","VILL_NAME":"桃園區"},"geometry":{"type":"MultiPolygon","coordinates":[[[[121.313347,24.985474],[121.311856,24.985329],[121.311846,24.985353],[121.313348,24.985498],[121.313347,24.985474]]]]}},{"type":"Feature","properties":{"NAME":"縣府路","PSTART":"中正路","PEND":"縣府路","SW_DIRECT":"3","SW_LENG":22.83,"SW_WTH":1.0,"SWW_WTH":1.0,"SW_RAMP":0,"COUNTY_NA":"桃園市","VILL_NAME":"桃園區"},"geometry":{"type":"MultiPolygon","coordinates":[[[[121.301101,24.992143],[121.301125,24.992141],[121.301125,24.99199],[121.301185,24.991937],[121.301101,24.99194],[121.301101,24.991988],[121.301101,24.992143]]]]}},{"type":"Feature","properties":{"NAME":"青溪一路36巷","PSTART":"青溪二路","PEND":"青溪一路","SW_DIRECT":"2","SW_LENG":52.2,"SW_WTH":0.9,"SWW_WTH":0.9,"SW_RAMP":0,"COUNTY_NA":"桃園市","VILL_NAME":"桃園區"},"geometry":{"type":"MultiPolygon","coordinates":[[[[121.314283,25.002711],[121.314304,25.002726],[121.314455,25.00231],[121.314482,25.002288],[121.314468,25.002272],[121.314434,25.002293],[121.314283,25.002711]]]]}},{"type":"Feature","properties":{"NAME":"縣府路","PSTART":"縣府路","PEND":"縣府路4","SW_DIRECT":"1","SW_LENG":15.2,"SW_WTH":1.8,"SWW_WTH":1.8,"SW_RAMP":0,"COUNTY_NA":"桃園市","VILL_NAME":"桃園區"},"geometry":{"type":"MultiPolygon","coordinates":[[[[121.30091,24.993661],[121.30107,24.993671],[121.30107,24.993644],[121.300912,24.993637],[121.30091,24.993661]]]]}},{"type":"Feature","properties":{"NAME":"春日路","PSTART":"成功路二段","PEND":"鎮江街","SW_DIRECT":"2","SW_LENG":43.0,"SW_WTH":0.9,"SWW_WTH":0.9,"SW_RAMP":0,"COUNTY_NA":"桃園市","VILL_NAME":"桃園區"},"geometry":{"type":"MultiPolygon","coordinates":[[[[121.31669,24.993937],[121.316703,24.993944],[121.316849,24.99353],[121.316833,24.993526],[121.31669,24.993937]]]]}},{"type":"Feature","properties":{"NAME":"民族路","PSTART":"復興路","PEND":"大同路","SW_DIRECT":"2","SW_LENG":68.0,"SW_WTH":1.2,"SWW_WTH":1.2,"SW_RAMP":2,"COUNTY_NA":"桃園市","VILL_NAME":"桃園區"},"geometry":{"type":"MultiPolygon","coordinates":[[[[121.310098,24.989462],[121.310283,24.988948],[121.310254,24.988939],[121.310069,24.989453],[121.310098,24.989462]]]]}},{"type":"Feature","properties":{"NAME":"陽明十二街","PSTART":"陽明十二街","PEND":"陽明十二街","SW_DIRECT":"1","SW_LENG":184.29,"SW_WTH":3.97,"SWW_WTH":3.97,"SW_RAMP":2,"COUNTY_NA":"桃園市","VILL_NAME":"桃園區"},"geometry":{"type":"MultiPolygon","coordinates":[[[[121.309655,24.978134],[121.309615,24.978076],[121.309576,24.978093],[121.309617,24.978152],[121.309618,24.978153],[121.309702,24.978282],[121.30978,24.9784],[121.309793,24.978419],[121.309833,24.978478],[121.309945,24.978646],[121.310026,24.978766],[121.310128,24.978928],[121.31024,24.979097],[121.310292,24.979175],[121.310317,24.979213],[121.310398,24.979336],[121.310478,24.979458],[121.310495,24.979484],[121.310501,24.979493],[121.310552,24.979502],[121.31056,24.979467],[121.310526,24.979461],[121.310512,24.979439],[121.310432,24.979318],[121.31035,24.979195],[121.310325,24.979156],[121.310273,24.979078],[121.310162,24.97891],[121.31006,24.978748],[121.309979,24.978627],[121.309866,24.978459],[121.309827,24.978401],[121.309739,24.978262],[121.309655,24.978134]]]]}},{"type":"Feature","properties":{"NAME":"漢中路","PSTART":"漢中路","PEND":"漢中路","SW_DIRECT":"1","SW_LENG":18.43,"SW_WTH":3.61,"SWW_WTH":3.61,"SW_RAMP":2,"COUNTY_NA":"桃園市","VILL_NAME":"桃園區"},"geometry":{"type":"MultiPolygon","coordinates":[[[[121.303845,24.980418],[121.303825,24.980416],[121.303816,24.98054],[121.303815,24.980568],[121.303849,24.9806],[121.303852,24.980542],[121.30386,24.980432],[121.303858,24.980428],[121.303857,24.980425],[121.303855,24.980424],[121.303854,24.980423],[121.303852,24.980421],[121.30385,24.98042],[121.303848,24.980419],[121.303845,24.980418]]]]}},{"type":"Feature","properties":{"NAME":"漢中路","PSTART":"漢中路","PEND":"漢中路","SW_DIRECT":"1","SW_LENG":172.8,"SW_WTH":3.61,"SWW_WTH":3.61,"SW_RAMP":2,"COUNTY_NA":"桃園市","VILL_NAME":"桃園區"},"geometry":{"type":"MultiPolygon","coordinates":[[[[121.30356,24.978811],[121.303557,24.978811],[121.303553,24.978811],[121.30355,24.978812],[121.303547,24.978813],[121.303541,24.978815],[121.303539,24.978833],[121.303638,24.979053],[121.303702,24.979195],[121.303718,24.979229],[121.303729,24.979261],[121.303745,24.979318],[121.303768,24.979397],[121.30379,24.979469],[121.303817,24.979562],[121.303821,24.979579],[121.303824,24.979602],[121.303825,24.979611],[121.303827,24.979699],[121.303832,24.979803],[121.303837,24.979889],[121.30384,24.979949],[121.303842,24.979988],[121.303844,24.980028],[121.303844,24.980043],[121.303844,24.980056],[121.303836,24.980185],[121.303833,24.980289],[121.303831,24.980324],[121.303848,24.980325],[121.303855,24.980324],[121.303859,24.980323],[121.30386,24.980322],[121.303861,24.980322],[121.303863,24.980321],[121.303864,24.980319],[121.303866,24.980317],[121.303867,24.980311],[121.303868,24.98029],[121.303872,24.980187],[121.303879,24.980058],[121.30388,24.980043],[121.303879,24.980027],[121.303878,24.979987],[121.303875,24.979947],[121.303872,24.979887],[121.303868,24.979802],[121.303863,24.979698],[121.303858,24.979604],[121.303857,24.979575],[121.303851,24.979554],[121.303822,24.979461],[121.303801,24.97939],[121.30378,24.979303],[121.303762,24.979244],[121.303741,24.979197],[121.303735,24.979185],[121.303671,24.97904],[121.303582,24.978846],[121.30358,24.978841],[121.303569,24.978816],[121.303567,24.978814],[121.303564,24.978813],[121.303562,24.978812],[121.30356,24.978811]]]]}},{"type":"Feature","properties":{"NAME":"成功路三段","PSTART":"長壽路","PEND":"公園路","SW_DIRECT":"1","SW_LENG":9.99,"SW_WTH":1.5,"SWW_WTH":1.5,"SW_RAMP":2,"COUNTY_NA":"桃園市","VILL_NAME":"桃園區"},"geometry":{"type":"MultiPolygon","coordinates":[[[[121.325095,24.997469],[121.325074,24.997446],[121.325063,24.997455],[121.325083,24.997477],[121.325123,24.997521],[121.325126,24.997524],[121.325131,24.99752],[121.325137,24.997515],[121.325135,24.997512],[121.325095,24.997469]]]]}},{"type":"Feature","properties":{"NAME":"長沙街","PSTART":"長沙街","PEND":"長沙街","SW_DIRECT":"1","SW_LENG":48.68,"SW_WTH":4.4,"SWW_WTH":4.4,"SW_RAMP":2,"COUNTY_NA":"桃園市","VILL_NAME":"桃園區"},"geometry":{"type":"MultiPolygon","coordinates":[[[[121.310722,24.979624],[121.310716,24.979622],[121.310538,24.979712],[121.310327,24.97982],[121.310318,24.979829],[121.310308,24.979843],[121.310302,24.979859],[121.310302,24.979869],[121.310307,24.979876],[121.31035,24.979855],[121.310663,24.979694],[121.310724,24.979653],[121.310722,24.979631],[121.310722,24.979624]]]]}},{"type":"Feature","properties":{"NAME":"大同路","PSTART":"民族路","PEND":"中正路","SW_DIRECT":"2","SW_LENG":100.0,"SW_WTH":3.5,"SWW_WTH":3.0,"SW_RAMP":2,"COUNTY_NA":"桃園市","VILL_NAME":"桃園區"},"geometry":{"type":"MultiPolygon","coordinates":[[[[121.312607,24.989678],[121.312544,24.989657],[121.312484,24.989638],[121.312436,24.989622],[121.312386,24.989606],[121.312322,24.989586],[121.312262,24.989566],[121.312226,24.989555],[121.312223,24.989555],[121.312222,24.989556],[121.31222,24.989557],[121.312219,24.989559],[121.312214,24.989571],[121.312212,24.989577],[121.312211,24.989582],[121.312211,24.989587],[121.312211,24.989592],[121.312212,24.989595],[121.312213,24.989592],[121.312215,24.989589],[121.312217,24.989587],[121.31222,24.989585],[121.312224,24.989584],[121.312227,24.989584],[121.31223,24.989585],[121.312233,24.989588],[121.312235,24.989591],[121.312236,24.989593],[121.312236,24.989598],[121.312234,24.989601],[121.312231,24.989604],[121.312225,24.989606],[121.312238,24.989621],[121.312252,24.989632],[121.312259,24.989635],[121.31227,24.989638],[121.312284,24.989603],[121.312409,24.989642],[121.312418,24.98966],[121.312455,24.989673],[121.312457,24.989668],[121.312512,24.989685],[121.312999,24.989838],[121.313076,24.989863],[121.313121,24.989876],[121.313166,24.98989],[121.313164,24.989886],[121.313153,24.989866],[121.313144,24.989849],[121.31311,24.989838],[121.313055,24.98982],[121.313015,24.989808],[121.312915,24.989776],[121.312855,24.989758],[121.312742,24.989722],[121.312662,24.989696],[121.312607,24.989678]]]]}},{"type":"Feature","properties":{"NAME":"成功路二段","PSTART":"成功路二段","PEND":"成功路二段22","SW_DIRECT":"1","SW_LENG":112.97,"SW_WTH":4.78,"SWW_WTH":4.78,"SW_RAMP":2,"COUNTY_NA":"桃園市","VILL_NAME":"桃園區"},"geometry":{"type":"MultiPolygon","coordinates":[[[[121.321168,24.995337],[121.321054,24.995298],[121.321018,24.995306],[121.320757,24.995226],[121.320179,24.995044],[121.320171,24.995065],[121.320163,24.995086],[121.320229,24.995106],[121.320418,24.995166],[121.320525,24.995199],[121.320624,24.995229],[121.320818,24.995291],[121.320814,24.995302],[121.320834,24.995308],[121.320989,24.995357],[121.321121,24.995398],[121.321217,24.995429],[121.32123,24.995395],[121.321182,24.99538],[121.321168,24.995337]]]]}},{"type":"Feature","properties":{"NAME":"成功路二段","PSTART":"成功路二段","PEND":"成功路二段30","SW_DIRECT":"1","SW_LENG":64.59,"SW_WTH":2.41,"SWW_WTH":2.41,"SW_RAMP":2,"COUNTY_NA":"桃園市","VILL_NAME":"桃園區"},"geometry":{"type":"MultiPolygon","coordinates":[[[[121.323021,24.995949],[121.322715,24.995852],[121.322636,24.995852],[121.322628,24.995873],[121.322706,24.995873],[121.322996,24.995964],[121.323137,24.996006],[121.323214,24.996029],[121.323232,24.99603],[121.323241,24.996028],[121.323253,24.996025],[121.323214,24.996012],[121.323152,24.995991],[121.323021,24.995949]]]]}},{"type":"Feature","properties":{"NAME":"三民路二段","PSTART":"民生路","PEND":"中正路","SW_DIRECT":"1","SW_LENG":43.95,"SW_WTH":2.72,"SWW_WTH":2.72,"SW_RAMP":2,"COUNTY_NA":"桃園市","VILL_NAME":"桃園區"},"geometry":{"type":"MultiPolygon","coordinates":[[[[121.308536,24.998969],[121.308486,24.998946],[121.308479,24.998944],[121.308474,24.998945],[121.308469,24.998946],[121.308458,24.998949],[121.308448,24.998953],[121.308442,24.998956],[121.308437,24.998959],[121.308423,24.998972],[121.308418,24.998977],[121.308413,24.998986],[121.308442,24.999001],[121.308453,24.998985],[121.308473,24.998968],[121.308476,24.998965],[121.308511,24.998985],[121.308574,24.999019],[121.308627,24.999047],[121.3087,24.999088],[121.308732,24.999106],[121.308786,24.999136],[121.308801,24.999114],[121.308775,24.999099],[121.308663,24.999039],[121.308617,24.999013],[121.308536,24.998969]]]]}},{"type":"Feature","properties":{"NAME":"公六街_1","PSTART":"公六街_1A","PEND":"公六街_1B","SW_DIRECT":"1","SW_LENG":11.02,"SW_WTH":3.9,"SWW_WTH":3.9,"SW_RAMP":2,"COUNTY_NA":"桃園市","VILL_NAME":"桃園區"},"geometry":{"type":"MultiPolygon","coordinates":[[[[121.312451,24.997578],[121.312486,24.997442],[121.312446,24.997461],[121.312431,24.997501],[121.312425,24.997517],[121.312451,24.997578]]]]}},{"type":"Feature","properties":{"NAME":"公六街_4","PSTART":"公六街_4A","PEND":"公六街_4B","SW_DIRECT":"1","SW_LENG":27.89,"SW_WTH":3.66,"SWW_WTH":3.66,"SW_RAMP":2,"COUNTY_NA":"桃園市","VILL_NAME":"桃園區"},"geometry":{"type":"MultiPolygon","coordinates":[[[[121.311877,24.998197],[121.311866,24.998182],[121.311839,24.9982],[121.311799,24.998227],[121.311754,24.998255],[121.311746,24.998261],[121.311731,24.998296],[121.311711,24.99834],[121.311694,24.998379],[121.311727,24.99839],[121.311731,24.998391],[121.311736,24.998378],[121.311771,24.998285],[121.311781,24.998274],[121.311785,24.998271],[121.311835,24.998247],[121.31185,24.998237],[121.311888,24.998213],[121.311877,24.998197]]]]}},{"type":"Feature","properties":{"NAME":"大林路","PSTART":"長安街","PEND":"桃鶯路","SW_DIRECT":"2","SW_LENG":65.0,"SW_WTH":2.0,"SWW_WTH":2.0,"SW_RAMP":3,"COUNTY_NA":"桃園市","VILL_NAME":"桃園區"},"geometry":{"type":"MultiPolygon","coordinates":[[[[121.317525,24.988565],[121.317517,24.988579],[121.317822,24.988662],[121.31782,24.989026],[121.317796,24.989049],[121.317809,24.989057],[121.317841,24.989033],[121.317837,24.98865],[121.317525,24.988565]]]]}},{"type":"Feature","properties":{"NAME":"大林路","PSTART":"桃鶯路","PEND":"長安街","SW_DIRECT":"1","SW_LENG":65.0,"SW_WTH":3.0,"SWW_WTH":3.0,"SW_RAMP":3,"COUNTY_NA":"桃園市","VILL_NAME":"桃園區"},"geometry":{"type":"MultiPolygon","coordinates":[[[[121.317841,24.988498],[121.317843,24.988476],[121.317222,24.988325],[121.317211,24.988339],[121.317841,24.988498]]]]}},{"type":"Feature","properties":{"NAME":"復興路","PSTART":"復興路","PEND":"復興路","SW_DIRECT":"1","SW_LENG":26.22,"SW_WTH":4.16,"SWW_WTH":4.16,"SW_RAMP":2,"COUNTY_NA":"桃園市","VILL_NAME":"桃園區"},"geometry":{"type":"MultiPolygon","coordinates":[[[[121.305366,24.989414],[121.305345,24.989379],[121.30527,24.989411],[121.305213,24.989439],[121.305174,24.989458],[121.305152,24.989469],[121.305119,24.989488],[121.305114,24.989491],[121.305138,24.989521],[121.30516,24.989507],[121.305186,24.989491],[121.305208,24.989479],[121.305342,24.989424],[121.305366,24.989414]]]]}},{"type":"Feature","properties":{"NAME":"復興路","PSTART":"復興路","PEND":"復興路","SW_DIRECT":"1","SW_LENG":75.33,"SW_WTH":3.68,"SWW_WTH":3.68,"SW_RAMP":2,"COUNTY_NA":"桃園市","VILL_NAME":"桃園區"},"geometry":{"type":"MultiPolygon","coordinates":[[[[121.304351,24.989966],[121.304558,24.989848],[121.304769,24.989726],[121.304871,24.989668],[121.304985,24.989606],[121.304964,24.989576],[121.304932,24.989595],[121.304592,24.989788],[121.304542,24.989817],[121.304464,24.989862],[121.304458,24.989865],[121.304458,24.989871],[121.304453,24.989872],[121.304447,24.989872],[121.304386,24.989907],[121.304354,24.989925],[121.304333,24.989938],[121.304351,24.989966]]]]}},{"type":"Feature","properties":{"NAME":"長沙街","PSTART":"長沙街","PEND":"長沙街","SW_DIRECT":"1","SW_LENG":94.04,"SW_WTH":2.53,"SWW_WTH":2.53,"SW_RAMP":2,"COUNTY_NA":"桃園市","VILL_NAME":"桃園區"},"geometry":{"type":"MultiPolygon","coordinates":[[[[121.307395,24.981152],[121.307415,24.981142],[121.307496,24.981099],[121.307515,24.98109],[121.307771,24.980959],[121.308004,24.98084],[121.307992,24.98082],[121.307759,24.980939],[121.307503,24.98107],[121.307484,24.981079],[121.307398,24.981126],[121.307386,24.98113],[121.307362,24.981136],[121.307338,24.981141],[121.30732,24.981144],[121.307295,24.981146],[121.30727,24.981146],[121.307247,24.981145],[121.307225,24.981142],[121.307207,24.981138],[121.307189,24.981133],[121.307165,24.981125],[121.307156,24.981147],[121.307181,24.981155],[121.3072,24.98116],[121.307221,24.981164],[121.307244,24.981168],[121.30727,24.981169],[121.307296,24.981169],[121.307324,24.981167],[121.307344,24.981163],[121.307368,24.981158],[121.307395,24.981152]]]]}},{"type":"Feature","properties":{"NAME":"長沙街","PSTART":"長沙街","PEND":"長沙街","SW_DIRECT":"1","SW_LENG":79.25,"SW_WTH":2.46,"SWW_WTH":2.46,"SW_RAMP":2,"COUNTY_NA":"桃園市","VILL_NAME":"桃園區"},"geometry":{"type":"MultiPolygon","coordinates":[[[[121.308819,24.980418],[121.308807,24.980399],[121.308125,24.980751],[121.308134,24.98077],[121.308143,24.980766],[121.308819,24.980418]]]]}},{"type":"Feature","properties":{"NAME":"長沙街","PSTART":"長沙街","PEND":"長沙街","SW_DIRECT":"1","SW_LENG":73.57,"SW_WTH":2.5,"SWW_WTH":2.5,"SW_RAMP":2,"COUNTY_NA":"桃園市","VILL_NAME":"桃園區"},"geometry":{"type":"MultiPolygon","coordinates":[[[[121.3096,24.980017],[121.30959,24.979996],[121.308955,24.980324],[121.308968,24.980344],[121.308984,24.980336],[121.309073,24.98029],[121.3096,24.980017]]]]}},{"type":"Feature","properties":{"NAME":"長沙街","PSTART":"長沙街","PEND":"長沙街","SW_DIRECT":"1","SW_LENG":81.47,"SW_WTH":2.38,"SWW_WTH":2.38,"SW_RAMP":2,"COUNTY_NA":"桃園市","VILL_NAME":"桃園區"},"geometry":{"type":"MultiPolygon","coordinates":[[[[121.310415,24.979582],[121.310416,24.979575],[121.309706,24.979939],[121.309716,24.979958],[121.310249,24.979685],[121.310402,24.979605],[121.310409,24.979597],[121.310413,24.979589],[121.310415,24.979582]]]]}},{"type":"Feature","properties":{"NAME":"陽明二街","PSTART":"陽明二街","PEND":"陽明二街","SW_DIRECT":"1","SW_LENG":21.08,"SW_WTH":5.22,"SWW_WTH":5.22,"SW_RAMP":2,"COUNTY_NA":"桃園市","VILL_NAME":"桃園區"},"geometry":{"type":"MultiPolygon","coordinates":[[[[121.309167,24.979064],[121.309066,24.978903],[121.309015,24.97892],[121.309124,24.979087],[121.309151,24.979072],[121.309167,24.979064]]]]}},{"type":"Feature","properties":{"NAME":"陽明二街","PSTART":"陽明二街","PEND":"陽明二街","SW_DIRECT":"1","SW_LENG":16.47,"SW_WTH":3.15,"SWW_WTH":3.15,"SW_RAMP":2,"COUNTY_NA":"桃園市","VILL_NAME":"桃園區"},"geometry":{"type":"MultiPolygon","coordinates":[[[[121.309196,24.979143],[121.309151,24.979072],[121.309124,24.979087],[121.309182,24.979175],[121.30923,24.979187],[121.309267,24.979169],[121.309214,24.979149],[121.309196,24.979143]]]]}},{"type":"Feature","properties":{"NAME":"陽明十街","PSTART":"陽明十街","PEND":"陽明十二街","SW_DIRECT":"1","SW_LENG":22.62,"SW_WTH":3.55,"SWW_WTH":3.55,"SW_RAMP":2,"COUNTY_NA":"桃園市","VILL_NAME":"桃園區"},"geometry":{"type":"MultiPolygon","coordinates":[[[[121.309468,24.979066],[121.309451,24.979038],[121.309246,24.979142],[121.309281,24.979161],[121.309468,24.979066]]]]}},{"type":"Feature","properties":{"NAME":"陽明十街","PSTART":"陽明十街","PEND":"陽明十一街","SW_DIRECT":"1","SW_LENG":45.49,"SW_WTH":3.76,"SWW_WTH":3.76,"SW_RAMP":2,"COUNTY_NA":"桃園市","VILL_NAME":"桃園區"},"geometry":{"type":"MultiPolygon","coordinates":[[[[121.3099,24.978845],[121.309906,24.978799],[121.309872,24.978818],[121.309503,24.979012],[121.30952,24.979039],[121.3099,24.978845]]]]}},{"type":"Feature","properties":{"NAME":"陽明九街","PSTART":"陽明九街","PEND":"陽明九街","SW_DIRECT":"1","SW_LENG":78.81,"SW_WTH":3.22,"SWW_WTH":3.22,"SW_RAMP":2,"COUNTY_NA":"桃園市","VILL_NAME":"桃園區"},"geometry":{"type":"MultiPolygon","coordinates":[[[[121.309704,24.978561],[121.309692,24.978535],[121.30937,24.9787],[121.309105,24.978837],[121.309028,24.978876],[121.309015,24.97892],[121.309066,24.978903],[121.30906,24.978893],[121.30912,24.978862],[121.309386,24.978725],[121.309704,24.978561]]]]}},{"type":"Feature","properties":{"NAME":"福豐街","PSTART":"福豐街","PEND":"福豐街","SW_DIRECT":"1","SW_LENG":8.58,"SW_WTH":1.01,"SWW_WTH":1.01,"SW_RAMP":2,"COUNTY_NA":"桃園市","VILL_NAME":"桃園區"},"geometry":{"type":"MultiPolygon","coordinates":[[[[121.311281,24.987418],[121.311268,24.987413],[121.311264,24.987429],[121.311286,24.987433],[121.31127,24.987495],[121.311284,24.987498],[121.311286,24.987487],[121.311289,24.987462],[121.311292,24.987437],[121.311289,24.98743],[121.311286,24.987425],[121.311285,24.987422],[121.311281,24.987418]]]]}},{"type":"Feature","properties":{"NAME":"南山街","PSTART":"南山街","PEND":"南山街_2B","SW_DIRECT":"1","SW_LENG":48.36,"SW_WTH":2.95,"SWW_WTH":2.95,"SW_RAMP":2,"COUNTY_NA":"桃園市","VILL_NAME":"桃園區"},"geometry":{"type":"MultiPolygon","coordinates":[[[[121.304189,24.984865],[121.30414,24.984819],[121.304135,24.984849],[121.304161,24.984877],[121.304157,24.984945],[121.304148,24.985029],[121.304145,24.985076],[121.304137,24.985168],[121.30413,24.985255],[121.304159,24.985258],[121.304162,24.985223],[121.304168,24.985161],[121.304171,24.985118],[121.304176,24.985055],[121.30418,24.985008],[121.304184,24.984947],[121.304189,24.984865]]]]}},{"type":"Feature","properties":{"NAME":"南山街","PSTART":"南山街","PEND":"南山街_5B","SW_DIRECT":"1","SW_LENG":133.36,"SW_WTH":3.54,"SWW_WTH":3.54,"SW_RAMP":2,"COUNTY_NA":"桃園市","VILL_NAME":"桃園區"},"geometry":{"type":"MultiPolygon","coordinates":[[[[121.304155,24.985309],[121.304121,24.985306],[121.304118,24.985342],[121.304116,24.985372],[121.304113,24.98541],[121.304108,24.985473],[121.3041,24.985552],[121.304095,24.985584],[121.304091,24.985636],[121.304082,24.985743],[121.304079,24.985809],[121.304072,24.985869],[121.304069,24.985908],[121.304063,24.986005],[121.304053,24.986129],[121.304049,24.986184],[121.304044,24.986244],[121.304039,24.98631],[121.304031,24.986403],[121.304026,24.986468],[121.304023,24.986512],[121.304027,24.986512],[121.304033,24.986511],[121.304038,24.986509],[121.304043,24.986507],[121.304048,24.986503],[121.304056,24.986497],[121.304057,24.986493],[121.304059,24.986468],[121.304061,24.986427],[121.304068,24.98635],[121.304078,24.986231],[121.304087,24.986132],[121.304089,24.986107],[121.304093,24.986059],[121.304098,24.986005],[121.304101,24.98596],[121.304105,24.985912],[121.30411,24.985856],[121.304117,24.985776],[121.304123,24.985682],[121.304134,24.985561],[121.304142,24.985464],[121.304147,24.985414],[121.304149,24.985385],[121.304154,24.98532],[121.304155,24.985309]]]]}},{"type":"Feature","properties":{"NAME":"建國路","PSTART":"建國路","PEND":"建國路_4B","SW_DIRECT":"1","SW_LENG":24.36,"SW_WTH":3.84,"SWW_WTH":3.84,"SW_RAMP":2,"COUNTY_NA":"桃園市","VILL_NAME":"桃園區"},"geometry":{"type":"MultiPolygon","coordinates":[[[[121.303929,24.984797],[121.303886,24.984794],[121.303908,24.984833],[121.304005,24.98484],[121.304135,24.984849],[121.304138,24.984834],[121.30414,24.984819],[121.304091,24.984814],[121.303929,24.984797]]]]}},{"type":"Feature","properties":{"NAME":"南華街","PSTART":"南華街","PEND":"南華街_3B","SW_DIRECT":"1","SW_LENG":57.98,"SW_WTH":2.0,"SWW_WTH":2.0,"SW_RAMP":2,"COUNTY_NA":"桃園市","VILL_NAME":"桃園區"},"geometry":{"type":"MultiPolygon","coordinates":[[[[121.309008,24.988772],[121.30903,24.988714],[121.309053,24.988655],[121.309066,24.98862],[121.309077,24.988592],[121.30908,24.988585],[121.309077,24.988578],[121.309074,24.988572],[121.309057,24.988551],[121.309046,24.988568],[121.309059,24.988584],[121.309054,24.988597],[121.309039,24.988636],[121.309029,24.988662],[121.309024,24.988676],[121.309021,24.988682],[121.309022,24.988686],[121.309024,24.988693],[121.309023,24.988698],[121.309022,24.988697],[121.309017,24.98871],[121.309009,24.988732],[121.309003,24.988731],[121.308989,24.988767],[121.308976,24.988802],[121.308959,24.988847],[121.308943,24.988889],[121.308926,24.988938],[121.308913,24.988971],[121.308886,24.989056],[121.308904,24.989049],[121.308918,24.989016],[121.308931,24.988981],[121.308946,24.988939],[121.308963,24.988891],[121.308986,24.988831],[121.309008,24.988772]]]]}},{"type":"Feature","properties":{"NAME":"南華街","PSTART":"南華街","PEND":"南華街_1B","SW_DIRECT":"1","SW_LENG":15.64,"SW_WTH":2.58,"SWW_WTH":2.58,"SW_RAMP":2,"COUNTY_NA":"桃園市","VILL_NAME":"桃園區"},"geometry":{"type":"MultiPolygon","coordinates":[[[[121.309025,24.988964],[121.30902,24.988964],[121.309015,24.988965],[121.309011,24.988965],[121.309008,24.988967],[121.309004,24.988977],[121.308992,24.98901],[121.308978,24.98905],[121.30897,24.989072],[121.308969,24.989078],[121.308977,24.989093],[121.308987,24.989112],[121.30901,24.989081],[121.308999,24.989066],[121.309006,24.989044],[121.30902,24.989008],[121.309032,24.988974],[121.309035,24.988966],[121.30903,24.988965],[121.309025,24.988964]]]]}},{"type":"Feature","properties":{"NAME":"大同路","PSTART":"南門街","PEND":"南華街1","SW_DIRECT":"2","SW_LENG":6.35,"SW_WTH":1.77,"SWW_WTH":1.77,"SW_RAMP":2,"COUNTY_NA":"桃園市","VILL_NAME":"桃園區"},"geometry":{"type":"MultiPolygon","coordinates":[[[[121.308168,24.988503],[121.30818,24.988494],[121.308211,24.988497],[121.308211,24.988493],[121.308211,24.988489],[121.30821,24.988486],[121.308208,24.988483],[121.308206,24.98848],[121.30818,24.988478],[121.308165,24.988476],[121.308163,24.988476],[121.308161,24.988476],[121.308158,24.988476],[121.308157,24.988477],[121.30814,24.988491],[121.308168,24.988503]]]]}},{"type":"Feature","properties":{"NAME":"大同路","PSTART":"南門街","PEND":"南華街4","SW_DIRECT":"2","SW_LENG":21.15,"SW_WTH":2.0,"SWW_WTH":2.0,"SW_RAMP":2,"COUNTY_NA":"桃園市","VILL_NAME":"桃園區"},"geometry":{"type":"MultiPolygon","coordinates":[[[[121.308476,24.988522],[121.308468,24.988502],[121.308409,24.988498],[121.308346,24.988492],[121.308271,24.988486],[121.30827,24.988486],[121.308267,24.988489],[121.308264,24.988492],[121.308262,24.988495],[121.308261,24.9885],[121.308259,24.988506],[121.308261,24.988505],[121.308264,24.988504],[121.308266,24.988503],[121.308269,24.988503],[121.308271,24.988503],[121.308273,24.988503],[121.308278,24.988504],[121.308286,24.988507],[121.308287,24.988505],[121.308328,24.988509],[121.308408,24.988516],[121.308453,24.988519],[121.308476,24.988522]]]]}},{"type":"Feature","properties":{"NAME":"大同路","PSTART":"南門街","PEND":"南華街3","SW_DIRECT":"2","SW_LENG":14.57,"SW_WTH":1.97,"SWW_WTH":1.97,"SW_RAMP":2,"COUNTY_NA":"桃園市","VILL_NAME":"桃園區"},"geometry":{"type":"MultiPolygon","coordinates":[[[[121.308675,24.98852],[121.308531,24.988508],[121.308529,24.988509],[121.308528,24.988511],[121.308528,24.988514],[121.30853,24.988516],[121.308531,24.988518],[121.308535,24.988521],[121.308539,24.988524],[121.308542,24.988526],[121.308547,24.988527],[121.308553,24.988528],[121.308594,24.988531],[121.308634,24.988535],[121.308659,24.988537],[121.308662,24.988537],[121.308665,24.988536],[121.308669,24.988534],[121.308671,24.988532],[121.308673,24.98853],[121.308675,24.988528],[121.308676,24.988526],[121.308676,24.988524],[121.308676,24.988522],[121.308675,24.98852]]]]}},{"type":"Feature","properties":{"NAME":"大同路","PSTART":"南門街","PEND":"南華街5","SW_DIRECT":"2","SW_LENG":20.48,"SW_WTH":2.01,"SWW_WTH":2.01,"SW_RAMP":2,"COUNTY_NA":"桃園市","VILL_NAME":"桃園區"},"geometry":{"type":"MultiPolygon","coordinates":[[[[121.308942,24.988559],[121.308939,24.988554],[121.308933,24.988543],[121.308932,24.988542],[121.308929,24.988542],[121.308914,24.98854],[121.308866,24.988536],[121.308803,24.988531],[121.308744,24.988526],[121.308727,24.988543],[121.30879,24.988548],[121.308856,24.988554],[121.308908,24.988558],[121.308925,24.988559],[121.308928,24.988559],[121.308931,24.988559],[121.308933,24.988559],[121.308935,24.988559],[121.308937,24.98856],[121.308938,24.988561],[121.30894,24.988562],[121.308941,24.988562],[121.308942,24.988564],[121.308944,24.988565],[121.308942,24.988559]]]]}},{"type":"Feature","properties":{"NAME":"大同路","PSTART":"南門街","PEND":"南華街2","SW_DIRECT":"2","SW_LENG":6.07,"SW_WTH":1.94,"SWW_WTH":1.94,"SW_RAMP":2,"COUNTY_NA":"桃園市","VILL_NAME":"桃園區"},"geometry":{"type":"MultiPolygon","coordinates":[[[[121.308994,24.988547],[121.308992,24.988546],[121.308992,24.988565],[121.309023,24.988566],[121.309035,24.988567],[121.309046,24.988568],[121.309051,24.98856],[121.309057,24.988551],[121.309056,24.988551],[121.309056,24.988551],[121.308994,24.988547]]]]}},{"type":"Feature","properties":{"NAME":"大同路","PSTART":"南華街","PEND":"民族路","SW_DIRECT":"2","SW_LENG":22.81,"SW_WTH":4.79,"SWW_WTH":4.79,"SW_RAMP":2,"COUNTY_NA":"桃園市","VILL_NAME":"桃園區"},"geometry":{"type":"MultiPolygon","coordinates":[[[[121.310174,24.988918],[121.310178,24.988908],[121.310228,24.988924],[121.310259,24.988908],[121.310233,24.9889],[121.31019,24.988886],[121.310127,24.988866],[121.310102,24.988858],[121.310059,24.988843],[121.310055,24.988842],[121.310052,24.988842],[121.310049,24.988842],[121.310046,24.988843],[121.31004,24.988846],[121.310034,24.988851],[121.310029,24.988856],[121.310024,24.988862],[121.310021,24.98887],[121.310017,24.988881],[121.310107,24.98891],[121.310108,24.988905],[121.310171,24.988926],[121.310174,24.988918]]]]}},{"type":"Feature","properties":{"NAME":"民族路","PSTART":"民族路","PEND":"民族路_8B","SW_DIRECT":"1","SW_LENG":63.2,"SW_WTH":3.31,"SWW_WTH":3.31,"SW_RAMP":2,"COUNTY_NA":"桃園市","VILL_NAME":"桃園區"},"geometry":{"type":"MultiPolygon","coordinates":[[[[121.310269,24.988932],[121.310259,24.988908],[121.310228,24.988924],[121.310237,24.988961],[121.310228,24.988985],[121.310216,24.989019],[121.310201,24.989065],[121.310155,24.9892],[121.310143,24.989233],[121.310128,24.989278],[121.310105,24.989345],[121.310087,24.989397],[121.31004,24.989415],[121.310059,24.989457],[121.310097,24.989438],[121.310103,24.989424],[121.310112,24.9894],[121.31012,24.989379],[121.310129,24.989356],[121.310142,24.989321],[121.310155,24.989288],[121.310166,24.98926],[121.310171,24.989248],[121.310194,24.989188],[121.310206,24.989156],[121.31022,24.98912],[121.310237,24.989076],[121.310256,24.989027],[121.31027,24.988989],[121.310281,24.988961],[121.310281,24.98896],[121.310281,24.988959],[121.310281,24.988958],[121.310276,24.988948],[121.310269,24.988932]]]]}},{"type":"Feature","properties":{"NAME":"南門街_1","PSTART":"南門街_1A","PEND":"南門街_1B","SW_DIRECT":"1","SW_LENG":51.98,"SW_WTH":1.84,"SWW_WTH":1.84,"SW_RAMP":2,"COUNTY_NA":"桃園市","VILL_NAME":"桃園區"},"geometry":{"type":"MultiPolygon","coordinates":[[[[121.308168,24.988503],[121.30814,24.988491],[121.308141,24.988506],[121.30818,24.988899],[121.308182,24.988931],[121.308183,24.988933],[121.308185,24.988935],[121.308221,24.988966],[121.308223,24.988941],[121.3082,24.98892],[121.308195,24.988863],[121.308178,24.988699],[121.308168,24.988562],[121.308168,24.988503]]]]}},{"type":"Feature","properties":{"NAME":"鎮東街","PSTART":"安東街","PEND":"春日路14","SW_DIRECT":"1","SW_LENG":15.15,"SW_WTH":2.15,"SWW_WTH":2.15,"SW_RAMP":2,"COUNTY_NA":"桃園市","VILL_NAME":"桃園區"},"geometry":{"type":"MultiPolygon","coordinates":[[[[121.316479,24.991524],[121.316453,24.991518],[121.31646,24.991528],[121.31648,24.99156],[121.316529,24.991576],[121.316587,24.991595],[121.316594,24.991576],[121.316527,24.991555],[121.316491,24.991544],[121.316479,24.991524]]]]}},{"type":"Feature","properties":{"NAME":"中華路","PSTART":"中華路","PEND":"中華路","SW_DIRECT":"1","SW_LENG":61.31,"SW_WTH":4.0,"SWW_WTH":2.0,"SW_RAMP":2,"COUNTY_NA":"桃園市","VILL_NAME":"桃園區"},"geometry":{"type":"MultiPolygon","coordinates":[[[[121.312052,24.991164],[121.311979,24.99114],[121.311972,24.991143],[121.311965,24.991144],[121.311956,24.991145],[121.311946,24.991144],[121.311934,24.99114],[121.311921,24.991132],[121.311906,24.991116],[121.31192,24.991082],[121.311628,24.99099],[121.31162,24.991003],[121.311606,24.991001],[121.311608,24.990991],[121.311608,24.990986],[121.311607,24.990979],[121.311604,24.990973],[121.311601,24.990966],[121.311596,24.99096],[121.31159,24.990955],[121.311585,24.990952],[121.311577,24.990948],[121.311564,24.990943],[121.311504,24.990923],[121.31147,24.991004],[121.311489,24.991042],[121.311612,24.99108],[121.311901,24.991171],[121.312034,24.991213],[121.312052,24.991164]]]]}},{"type":"Feature","properties":{"NAME":"民權路","PSTART":"民權路","PEND":"民權路_6B","SW_DIRECT":"1","SW_LENG":37.25,"SW_WTH":5.76,"SWW_WTH":5.76,"SW_RAMP":2,"COUNTY_NA":"桃園市","VILL_NAME":"桃園區"},"geometry":{"type":"MultiPolygon","coordinates":[[[[121.31166,24.990158],[121.311644,24.990153],[121.311603,24.990254],[121.311523,24.990465],[121.311498,24.990475],[121.311573,24.990492],[121.31161,24.990395],[121.311639,24.990318],[121.311672,24.990233],[121.311684,24.990199],[121.31166,24.990158]]]]}},{"type":"Feature","properties":{"NAME":"民權路","PSTART":"民權路","PEND":"民權路_7B","SW_DIRECT":"1","SW_LENG":40.57,"SW_WTH":5.6,"SWW_WTH":5.6,"SW_RAMP":2,"COUNTY_NA":"桃園市","VILL_NAME":"桃園區"},"geometry":{"type":"MultiPolygon","coordinates":[[[[121.311691,24.990595],[121.311637,24.990577],[121.311615,24.990633],[121.311595,24.990684],[121.311576,24.990735],[121.311548,24.990806],[121.311537,24.990833],[121.311524,24.990867],[121.311513,24.990897],[121.311508,24.990909],[121.311502,24.990922],[121.311504,24.990923],[121.311554,24.99094],[121.311585,24.990865],[121.311628,24.990752],[121.311678,24.990628],[121.311691,24.990595]]]]}},{"type":"Feature","properties":{"NAME":"大同路","PSTART":"民族路","PEND":"中正路","SW_DIRECT":"2","SW_LENG":8.0,"SW_WTH":3.0,"SWW_WTH":3.0,"SW_RAMP":2,"COUNTY_NA":"桃園市","VILL_NAME":"桃園區"},"geometry":{"type":"MultiPolygon","coordinates":[[[[121.312112,24.98954],[121.312113,24.989536],[121.312114,24.989528],[121.312115,24.989524],[121.312114,24.989522],[121.312113,24.98952],[121.312075,24.989508],[121.312074,24.989508],[121.312073,24.989509],[121.31205,24.98952],[121.312066,24.989544],[121.312077,24.98954],[121.312089,24.989543],[121.312097,24.989546],[121.312102,24.989548],[121.312107,24.989551],[121.312111,24.989548],[121.312112,24.98954]]]]}},{"type":"Feature","properties":{"NAME":"復興路","PSTART":"復興路","PEND":"復興路","SW_DIRECT":"1","SW_LENG":17.54,"SW_WTH":3.96,"SWW_WTH":3.96,"SW_RAMP":2,"COUNTY_NA":"桃園市","VILL_NAME":"桃園區"},"geometry":{"type":"MultiPolygon","coordinates":[[[[121.312596,24.990225],[121.312549,24.99021],[121.312546,24.990217],[121.312534,24.990245],[121.312683,24.990288],[121.3127,24.990294],[121.312713,24.990262],[121.312596,24.990225]]]]}},{"type":"Feature","properties":{"NAME":"復興路","PSTART":"復興路","PEND":"復興路","SW_DIRECT":"1","SW_LENG":115.49,"SW_WTH":3.8,"SWW_WTH":3.8,"SW_RAMP":2,"COUNTY_NA":"桃園市","VILL_NAME":"桃園區"},"geometry":{"type":"MultiPolygon","coordinates":[[[[121.309105,24.989112],[121.30901,24.989081],[121.308998,24.989097],[121.308987,24.989112],[121.308987,24.989112],[121.309007,24.98912],[121.309091,24.989147],[121.309138,24.989162],[121.309251,24.989198],[121.309398,24.989245],[121.30942,24.989251],[121.309479,24.989271],[121.309635,24.989321],[121.309692,24.98934],[121.309836,24.989386],[121.309923,24.989414],[121.310059,24.989457],[121.31004,24.989415],[121.309933,24.989381],[121.309853,24.989355],[121.309695,24.989306],[121.309504,24.989242],[121.309361,24.989194],[121.30921,24.989145],[121.309105,24.989112]]]]}},{"type":"Feature","properties":{"NAME":"復興路","PSTART":"復興路","PEND":"復興路","SW_DIRECT":"1","SW_LENG":15.35,"SW_WTH":6.56,"SWW_WTH":6.56,"SW_RAMP":2,"COUNTY_NA":"桃園市","VILL_NAME":"桃園區"},"geometry":{"type":"MultiPolygon","coordinates":[[[[121.308362,24.988966],[121.308385,24.988943],[121.308398,24.988932],[121.308369,24.988913],[121.308322,24.988909],[121.308251,24.988903],[121.308248,24.988916],[121.308227,24.988943],[121.308223,24.988941],[121.308222,24.988953],[121.308221,24.988966],[121.308332,24.988964],[121.308362,24.988966]]]]}},{"type":"Feature","properties":{"NAME":"大同路","PSTART":"大同路","PEND":"大同路","SW_DIRECT":"2","SW_LENG":33.41,"SW_WTH":3.73,"SWW_WTH":3.73,"SW_RAMP":2,"COUNTY_NA":"桃園市","VILL_NAME":"桃園區"},"geometry":{"type":"MultiPolygon","coordinates":[[[[121.315034,24.99046],[121.315024,24.990457],[121.315012,24.990489],[121.315169,24.99054],[121.315272,24.990572],[121.315337,24.990597],[121.315327,24.990564],[121.315324,24.990558],[121.315322,24.990554],[121.315295,24.990545],[121.315231,24.990524],[121.315186,24.99051],[121.31511,24.990485],[121.315034,24.99046]]]]}},{"type":"Feature","properties":{"NAME":"民族路","PSTART":"民族路","PEND":"民族路_5B","SW_DIRECT":"1","SW_LENG":18.11,"SW_WTH":1.64,"SWW_WTH":1.64,"SW_RAMP":2,"COUNTY_NA":"桃園市","VILL_NAME":"桃園區"},"geometry":{"type":"MultiPolygon","coordinates":[[[[121.309147,24.992278],[121.309142,24.992276],[121.309126,24.992313],[121.30911,24.99235],[121.309094,24.99239],[121.309078,24.992429],[121.309084,24.992431],[121.30909,24.992433],[121.309138,24.992325],[121.309154,24.99228],[121.309154,24.99228],[121.309147,24.992278]]]]}},{"type":"Feature","properties":{"NAME":"東國街","PSTART":"東國街","PEND":"東國街13","SW_DIRECT":"1","SW_LENG":8.88,"SW_WTH":3.48,"SWW_WTH":3.48,"SW_RAMP":2,"COUNTY_NA":"桃園市","VILL_NAME":"桃園區"},"geometry":{"type":"MultiPolygon","coordinates":[[[[121.315007,24.994026],[121.315011,24.994015],[121.315009,24.994016],[121.315007,24.994018],[121.315005,24.99402],[121.315002,24.994022],[121.314999,24.994022],[121.314995,24.994022],[121.314991,24.994022],[121.314983,24.994019],[121.314974,24.994017],[121.31497,24.994029],[121.314947,24.994094],[121.314959,24.994096],[121.314965,24.994098],[121.314972,24.994102],[121.314977,24.994105],[121.314978,24.994109],[121.314991,24.994073],[121.315007,24.994026]]]]}},{"type":"Feature","properties":{"NAME":"忠孝街","PSTART":"忠孝街","PEND":"忠孝街3","SW_DIRECT":"1","SW_LENG":4.98,"SW_WTH":3.54,"SWW_WTH":3.54,"SW_RAMP":2,"COUNTY_NA":"桃園市","VILL_NAME":"桃園區"},"geometry":{"type":"MultiPolygon","coordinates":[[[[121.314852,24.994077],[121.314805,24.994062],[121.314802,24.994071],[121.314801,24.994075],[121.314799,24.994079],[121.314796,24.994084],[121.314793,24.994087],[121.314791,24.994089],[121.314788,24.994089],[121.314784,24.994089],[121.314812,24.994098],[121.314851,24.99411],[121.314849,24.994108],[121.314847,24.994106],[121.314846,24.994102],[121.314845,24.994098],[121.314845,24.994095],[121.314849,24.994086],[121.314852,24.994077]]]]}},{"type":"Feature","properties":{"NAME":"三民路二段","PSTART":"民生路","PEND":"公六街3","SW_DIRECT":"1","SW_LENG":14.51,"SW_WTH":7.09,"SWW_WTH":7.09,"SW_RAMP":2,"COUNTY_NA":"桃園市","VILL_NAME":"桃園區"},"geometry":{"type":"MultiPolygon","coordinates":[[[[121.311184,24.999917],[121.311018,24.999881],[121.311051,24.999953],[121.311163,24.999981],[121.311173,24.999953],[121.311184,24.999917]]]]}},{"type":"Feature","properties":{"NAME":"公六街_3","PSTART":"公六街_3A","PEND":"公六街_3B","SW_DIRECT":"1","SW_LENG":13.9,"SW_WTH":4.3,"SWW_WTH":4.3,"SW_RAMP":2,"COUNTY_NA":"桃園市","VILL_NAME":"桃園區"},"geometry":{"type":"MultiPolygon","coordinates":[[[[121.311086,24.999768],[121.311069,24.99976],[121.311054,24.999792],[121.311034,24.999834],[121.311018,24.999881],[121.311058,24.99989],[121.311077,24.999842],[121.311084,24.999826],[121.311103,24.999775],[121.311086,24.999768]]]]}},{"type":"Feature","properties":{"NAME":"縣府路294巷","PSTART":"縣府路294巷","PEND":"縣府路294巷","SW_DIRECT":"1","SW_LENG":53.94,"SW_WTH":2.27,"SWW_WTH":2.27,"SW_RAMP":2,"COUNTY_NA":"桃園市","VILL_NAME":"桃園區"},"geometry":{"type":"MultiPolygon","coordinates":[[[[121.299709,24.992377],[121.299704,24.992376],[121.299703,24.992382],[121.299683,24.992459],[121.299664,24.992536],[121.299643,24.992619],[121.299619,24.992716],[121.299615,24.992731],[121.299617,24.992734],[121.299618,24.992738],[121.299616,24.99274],[121.299604,24.992788],[121.299592,24.992837],[121.299593,24.992841],[121.299593,24.992846],[121.29959,24.992847],[121.299587,24.992848],[121.299591,24.992854],[121.299594,24.992859],[121.299601,24.992839],[121.299608,24.992819],[121.299617,24.992791],[121.299627,24.992763],[121.299642,24.992717],[121.29967,24.992603],[121.299699,24.992489],[121.29971,24.992444],[121.29972,24.992399],[121.299721,24.992398],[121.299721,24.992397],[121.299721,24.992395],[121.299721,24.992393],[121.299721,24.992391],[121.29972,24.992388],[121.299718,24.992385],[121.299716,24.992382],[121.299714,24.99238],[121.299711,24.992378],[121.299709,24.992377]]]]}},{"type":"Feature","properties":{"NAME":"桃鶯路","PSTART":"桃鶯路","PEND":"桃鶯路","SW_DIRECT":"1","SW_LENG":35.45,"SW_WTH":2.07,"SWW_WTH":2.07,"SW_RAMP":2,"COUNTY_NA":"桃園市","VILL_NAME":"桃園區"},"geometry":{"type":"MultiPolygon","coordinates":[[[[121.31752,24.989189],[121.31778,24.989164],[121.317803,24.989179],[121.317822,24.989174],[121.317787,24.989148],[121.317782,24.989147],[121.317639,24.989159],[121.31747,24.989175],[121.317472,24.989193],[121.31752,24.989189]]]]}},{"type":"Feature","properties":{"NAME":"中正路","PSTART":"中正路","PEND":"中正路115巷","SW_DIRECT":"1","SW_LENG":11.49,"SW_WTH":3.06,"SWW_WTH":3.06,"SW_RAMP":2,"COUNTY_NA":"桃園市","VILL_NAME":"桃園區"},"geometry":{"type":"MultiPolygon","coordinates":[[[[121.310916,24.992744],[121.310842,24.99272],[121.310839,24.992736],[121.310872,24.992747],[121.310868,24.992758],[121.310941,24.992781],[121.310951,24.992755],[121.310916,24.992744]]]]}},{"type":"Feature","properties":{"NAME":"民生路67巷","PSTART":"中正路48巷","PEND":"民生路","SW_DIRECT":"1","SW_LENG":62.0,"SW_WTH":1.3,"SWW_WTH":1.3,"SW_RAMP":2,"COUNTY_NA":"桃園市","VILL_NAME":"桃園區"},"geometry":{"type":"MultiPolygon","coordinates":[[[[121.314229,24.991747],[121.313642,24.991546],[121.313637,24.991559],[121.313777,24.991606],[121.314016,24.991688],[121.314219,24.991756],[121.314223,24.991758],[121.314225,24.991756],[121.314232,24.991748],[121.314229,24.991747]]]]}},{"type":"Feature","properties":{"NAME":"春日路","PSTART":"鎮江街","PEND":"安樂街","SW_DIRECT":"2","SW_LENG":49.7,"SW_WTH":6.0,"SWW_WTH":5.0,"SW_RAMP":2,"COUNTY_NA":"桃園市","VILL_NAME":"桃園區"},"geometry":{"type":"MultiPolygon","coordinates":[[[[121.316873,24.993443],[121.317039,24.992994],[121.316979,24.992975],[121.316804,24.993424],[121.316873,24.993443]]]]}},{"type":"Feature","properties":{"NAME":"春日路","PSTART":"安樂街","PEND":"鎮安街","SW_DIRECT":"2","SW_LENG":49.4,"SW_WTH":5.0,"SWW_WTH":5.0,"SW_RAMP":2,"COUNTY_NA":"桃園市","VILL_NAME":"桃園區"},"geometry":{"type":"MultiPolygon","coordinates":[[[[121.316966,24.992882],[121.317034,24.992899],[121.317076,24.992889],[121.317219,24.99249],[121.3172,24.992454],[121.317116,24.992428],[121.316966,24.992882]]]]}},{"type":"Feature","properties":{"NAME":"春日路","PSTART":"成功路二段","PEND":"鐼安街","SW_DIRECT":"1","SW_LENG":127.0,"SW_WTH":2.0,"SWW_WTH":2.0,"SW_RAMP":2,"COUNTY_NA":"桃園市","VILL_NAME":"桃園區"},"geometry":{"type":"MultiPolygon","coordinates":[[[[121.316833,24.994017],[121.316851,24.994048],[121.317218,24.993044],[121.317291,24.992838],[121.317262,24.992824],[121.317187,24.993025],[121.316833,24.994017]]]]}},{"type":"Feature","properties":{"NAME":"介新街","PSTART":"介壽路","PEND":"陽明五街","SW_DIRECT":"1","SW_LENG":92.24,"SW_WTH":2.7,"SWW_WTH":1.6,"SW_RAMP":2,"COUNTY_NA":"桃園市","VILL_NAME":"桃園區"},"geometry":{"type":"MultiPolygon","coordinates":[[[[121.306088,24.979238],[121.306067,24.979226],[121.305471,24.979961],[121.305495,24.979978],[121.306088,24.979238]]]]}},{"type":"Feature","properties":{"NAME":"介新街","PSTART":"介壽路","PEND":"陽明五街","SW_DIRECT":"2","SW_LENG":76.6,"SW_WTH":2.1,"SWW_WTH":2.1,"SW_RAMP":2,"COUNTY_NA":"桃園市","VILL_NAME":"桃園區"},"geometry":{"type":"MultiPolygon","coordinates":[[[[121.305632,24.979974],[121.305656,24.979998],[121.30615,24.979373],[121.306142,24.979342],[121.305632,24.979974]]]]}},{"type":"Feature","properties":{"NAME":"縣府路","PSTART":"縣府路","PEND":"縣府路3","SW_DIRECT":"3","SW_LENG":74.9,"SW_WTH":1.8,"SWW_WTH":1.8,"SW_RAMP":0,"COUNTY_NA":"桃園市","VILL_NAME":"桃園區"},"geometry":{"type":"MultiPolygon","coordinates":[[[[121.301556,24.992426],[121.301555,24.992832],[121.301584,24.992853],[121.301861,24.992852],[121.301864,24.992884],[121.301906,24.992886],[121.301909,24.992826],[121.30161,24.99282],[121.301581,24.992784],[121.301583,24.992425],[121.301556,24.992426]]]]}},{"type":"Feature","properties":{"NAME":"春日路","PSTART":"青溪一路","PEND":"三民路二段","SW_DIRECT":"3","SW_LENG":101.8,"SW_WTH":2.9,"SWW_WTH":2.9,"SW_RAMP":2,"COUNTY_NA":"桃園市","VILL_NAME":"桃園區"},"geometry":{"type":"MultiPolygon","coordinates":[[[[121.313866,25.001938],[121.313903,25.001928],[121.313889,25.001909],[121.314207,25.001056],[121.31427,25.001032],[121.314259,25.000996],[121.314176,25.001041],[121.313853,25.001914],[121.313866,25.001938]]]]}},{"type":"Feature","properties":{"NAME":"春日路","PSTART":"青溪二路","PEND":"青溪一路","SW_DIRECT":"3","SW_LENG":178.0,"SW_WTH":3.0,"SWW_WTH":3.0,"SW_RAMP":2,"COUNTY_NA":"桃園市","VILL_NAME":"桃園區"},"geometry":{"type":"MultiPolygon","coordinates":[[[[121.312886,25.003647],[121.312941,25.003656],[121.312988,25.003618],[121.313436,25.002361],[121.313428,25.002327],[121.313543,25.002019],[121.313535,25.001985],[121.313511,25.002015],[121.312954,25.003607],[121.312894,25.003625],[121.312886,25.003647]]]]}},{"type":"Feature","properties":{"NAME":"春日路","PSTART":"青溪一路","PEND":"三民路二段","SW_DIRECT":"2","SW_LENG":104.0,"SW_WTH":2.0,"SWW_WTH":2.0,"SW_RAMP":2,"COUNTY_NA":"桃園市","VILL_NAME":"桃園區"},"geometry":{"type":"MultiPolygon","coordinates":[[[[121.313557,25.001848],[121.313568,25.001869],[121.31362,25.00184],[121.313922,25.000975],[121.313914,25.000927],[121.313883,25.000937],[121.313888,25.000977],[121.313597,25.001819],[121.313557,25.001848]]]]}},{"type":"Feature","properties":{"NAME":"縣府路","PSTART":"縣府路","PEND":"縣府路7","SW_DIRECT":"3","SW_LENG":26.9,"SW_WTH":2.0,"SWW_WTH":2.0,"SW_RAMP":1,"COUNTY_NA":"桃園市","VILL_NAME":"桃園區"},"geometry":{"type":"MultiPolygon","coordinates":[[[[121.300421,24.992911],[121.30045,24.992914],[121.300457,24.99266],[121.300444,24.992644],[121.300428,24.992663],[121.300421,24.992911]]]]}},{"type":"Feature","properties":{"NAME":"縣府路","PSTART":"縣府路","PEND":"縣府路5","SW_DIRECT":"3","SW_LENG":48.35,"SW_WTH":1.85,"SWW_WTH":1.85,"SW_RAMP":0,"COUNTY_NA":"桃園市","VILL_NAME":"桃園區"},"geometry":{"type":"MultiPolygon","coordinates":[[[[121.300642,24.994336],[121.300609,24.994819],[121.300635,24.994821],[121.300661,24.994339],[121.300642,24.994336]]]]}},{"type":"Feature","properties":{"NAME":"青溪一路128巷","PSTART":"青溪二路","PEND":"青溪一路","SW_DIRECT":"3","SW_LENG":178.0,"SW_WTH":3.8,"SWW_WTH":3.8,"SW_RAMP":0,"COUNTY_NA":"桃園市","VILL_NAME":"桃園區"},"geometry":{"type":"MultiPolygon","coordinates":[[[[121.312007,25.001509],[121.311557,25.002749],[121.311528,25.002828],[121.311377,25.003137],[121.311369,25.003187],[121.311385,25.003189],[121.311578,25.002804],[121.312036,25.001521],[121.312007,25.001509]]]]}},{"type":"Feature","properties":{"NAME":"縣府路","PSTART":"市府後門","PEND":"文化局","SW_DIRECT":"2","SW_LENG":65.0,"SW_WTH":1.2,"SWW_WTH":1.2,"SW_RAMP":2,"COUNTY_NA":"桃園市","VILL_NAME":"桃園區"},"geometry":{"type":"MultiPolygon","coordinates":[[[[121.300689,24.993659],[121.30066,24.993656],[121.300635,24.994175],[121.300667,24.994175],[121.300689,24.993659]]]]}},{"type":"Feature","properties":{"NAME":"春日路","PSTART":"青溪一路","PEND":"三民路二段","SW_DIRECT":"2","SW_LENG":116.0,"SW_WTH":3.0,"SWW_WTH":3.0,"SW_RAMP":2,"COUNTY_NA":"桃園市","VILL_NAME":"桃園區"},"geometry":{"type":"MultiPolygon","coordinates":[[[[121.313571,25.001837],[121.313579,25.001861],[121.313626,25.001842],[121.313761,25.00145],[121.313912,25.001007],[121.31392,25.000928],[121.313896,25.000936],[121.313891,25.00101],[121.313738,25.001445],[121.3136,25.00183],[121.313571,25.001837]]]]}},{"type":"Feature","properties":{"NAME":"春日路","PSTART":"青溪一路","PEND":"三民路二段","SW_DIRECT":"1","SW_LENG":115.0,"SW_WTH":3.0,"SWW_WTH":3.0,"SW_RAMP":2,"COUNTY_NA":"桃園市","VILL_NAME":"桃園區"},"geometry":{"type":"MultiPolygon","coordinates":[[[[121.313894,25.00193],[121.313883,25.001904],[121.31419,25.00106],[121.314266,25.001017],[121.314253,25.000995],[121.314172,25.001041],[121.313849,25.001913],[121.313867,25.001944],[121.313894,25.00193]]]]}},{"type":"Feature","properties":{"NAME":"春日路","PSTART":"青溪二路","PEND":"青溪一路","SW_DIRECT":"2","SW_LENG":196.0,"SW_WTH":3.0,"SWW_WTH":3.0,"SW_RAMP":2,"COUNTY_NA":"桃園市","VILL_NAME":"桃園區"},"geometry":{"type":"MultiPolygon","coordinates":[[[[121.312891,25.003629],[121.312886,25.003653],[121.312944,25.00365],[121.312991,25.003621],[121.313131,25.00322],[121.313275,25.002811],[121.313407,25.002452],[121.313444,25.002335],[121.313496,25.002187],[121.313556,25.00201],[121.313537,25.001984],[121.313508,25.001994],[121.313522,25.002029],[121.313467,25.002185],[121.31342,25.002321],[121.313381,25.002433],[121.31324,25.002806],[121.313105,25.003213],[121.312965,25.003612],[121.312938,25.003629],[121.312891,25.003629]]]]}},{"type":"Feature","properties":{"NAME":"縣府路","PSTART":"縣府路222之5號","PEND":"文化局前","SW_DIRECT":"2","SW_LENG":83.0,"SW_WTH":1.2,"SWW_WTH":1.2,"SW_RAMP":2,"COUNTY_NA":"桃園市","VILL_NAME":"桃園區"},"geometry":{"type":"MultiPolygon","coordinates":[[[[121.299964,24.994355],[121.299998,24.99429],[121.300641,24.99431],[121.300662,24.994325],[121.300672,24.994313],[121.300651,24.994296],[121.299977,24.994276],[121.299943,24.994355],[121.299964,24.994355]]]]}},{"type":"Feature","properties":{"NAME":"縣府路","PSTART":"縣府路232號","PEND":"文化局前","SW_DIRECT":"1","SW_LENG":86.0,"SW_WTH":1.2,"SWW_WTH":1.2,"SW_RAMP":2,"COUNTY_NA":"桃園市","VILL_NAME":"桃園區"},"geometry":{"type":"MultiPolygon","coordinates":[[[[121.299835,24.994172],[121.299832,24.994199],[121.300645,24.994221],[121.300684,24.994195],[121.300668,24.994183],[121.300642,24.994199],[121.299835,24.994172]]]]}},{"type":"Feature","properties":{"NAME":"萬壽路三段","PSTART":"大同路","PEND":"山鶯路1","SW_DIRECT":"1","SW_LENG":60.0,"SW_WTH":1.0,"SWW_WTH":1.0,"SW_RAMP":0,"COUNTY_NA":"桃園市","VILL_NAME":"桃園區"},"geometry":{"type":"MultiPolygon","coordinates":[[[[121.315921,24.990027],[121.315931,24.989989],[121.315181,24.989845],[121.315179,24.989888],[121.3159,24.990022],[121.315921,24.990027]]]]}},{"type":"Feature","properties":{"NAME":"南山街","PSTART":"大同西路","PEND":"南山街30巷","SW_DIRECT":"1","SW_LENG":68.3,"SW_WTH":1.0,"SWW_WTH":1.0,"SW_RAMP":0,"COUNTY_NA":"桃園市","VILL_NAME":"桃園區"},"geometry":{"type":"MultiPolygon","coordinates":[[[[121.30408,24.988936],[121.304131,24.988375],[121.304092,24.988381],[121.304054,24.988924],[121.30408,24.988936]]]]}},{"type":"Feature","properties":{"NAME":"中山路","PSTART":"縣府路","PEND":"中山路472巷對面1","SW_DIRECT":"1","SW_LENG":32.5,"SW_WTH":0.9,"SWW_WTH":0.9,"SW_RAMP":0,"COUNTY_NA":"桃園市","VILL_NAME":"桃園區"},"geometry":{"type":"MultiPolygon","coordinates":[[[[121.301327,24.991888],[121.301327,24.991891],[121.301542,24.9919],[121.301547,24.991883],[121.30133,24.991874],[121.301327,24.991888]]]]}},{"type":"Feature","properties":{"NAME":"大誠路","PSTART":"桃鶯路","PEND":"興中街","SW_DIRECT":"2","SW_LENG":172.0,"SW_WTH":5.0,"SWW_WTH":4.1,"SW_RAMP":2,"COUNTY_NA":"桃園市","VILL_NAME":"桃園區"},"geometry":{"type":"MultiPolygon","coordinates":[[[[121.319437,24.981487],[121.320067,24.981808],[121.320093,24.981808],[121.319437,24.981475],[121.319437,24.981487]]]]}},{"type":"Feature","properties":{"NAME":"陽明五街","PSTART":"公園","PEND":"介新街","SW_DIRECT":"2","SW_LENG":242.0,"SW_WTH":2.8,"SWW_WTH":2.8,"SW_RAMP":2,"COUNTY_NA":"桃園市","VILL_NAME":"桃園區"},"geometry":{"type":"MultiPolygon","coordinates":[[[[121.307158,24.981328],[121.306967,24.981024],[121.30671,24.980469],[121.306235,24.979186],[121.306209,24.979228],[121.306684,24.980475],[121.306921,24.980983],[121.307145,24.98134],[121.307158,24.981328]]]]}},{"type":"Feature","properties":{"NAME":"福吉二街","PSTART":"延平路","PEND":"無","SW_DIRECT":"2","SW_LENG":88.0,"SW_WTH":1.75,"SWW_WTH":0.85,"SW_RAMP":2,"COUNTY_NA":"桃園市","VILL_NAME":"桃園區"},"geometry":{"type":"MultiPolygon","coordinates":[[[[121.312359,24.986313],[121.312372,24.986313],[121.312417,24.986134],[121.312529,24.986074],[121.313099,24.986121],[121.313118,24.986109],[121.312502,24.986056],[121.312404,24.986122],[121.312359,24.986313]]]]}},{"type":"Feature","properties":{"NAME":"興邦路","PSTART":"興邦路","PEND":"大誠路","SW_DIRECT":"2","SW_LENG":300.0,"SW_WTH":0.9,"SWW_WTH":0.9,"SW_RAMP":2,"COUNTY_NA":"桃園市","VILL_NAME":"桃園區"},"geometry":{"type":"MultiPolygon","coordinates":[[[[121.321703,24.986184],[121.323289,24.98406],[121.323263,24.98406],[121.321702,24.986154],[121.321703,24.986184]]]]}},{"type":"Feature","properties":{"NAME":"復興路","PSTART":"南華街","PEND":"民族路","SW_DIRECT":"1","SW_LENG":116.0,"SW_WTH":1.8,"SWW_WTH":1.8,"SW_RAMP":2,"COUNTY_NA":"桃園市","VILL_NAME":"桃園區"},"geometry":{"type":"MultiPolygon","coordinates":[[[[121.308949,24.989152],[121.310064,24.989514],[121.310064,24.989496],[121.308962,24.989128],[121.308949,24.989152]]]]}},{"type":"Feature","properties":{"NAME":"陽明九街","PSTART":"陽明五街","PEND":"陽明三街1","SW_DIRECT":"2","SW_LENG":46.0,"SW_WTH":2.4,"SWW_WTH":2.4,"SW_RAMP":2,"COUNTY_NA":"桃園市","VILL_NAME":"桃園區"},"geometry":{"type":"MultiPolygon","coordinates":[[[[121.306851,24.979933],[121.307348,24.979664],[121.307343,24.979657],[121.306849,24.979923],[121.306851,24.979933]]]]}},{"type":"Feature","properties":{"NAME":"陽明三街","PSTART":"長沙街","PEND":"陽明八街1","SW_DIRECT":"2","SW_LENG":35.0,"SW_WTH":3.3,"SWW_WTH":2.4,"SW_RAMP":2,"COUNTY_NA":"桃園市","VILL_NAME":"桃園區"},"geometry":{"type":"MultiPolygon","coordinates":[[[[121.307325,24.979657],[121.307128,24.979341],[121.307108,24.979359],[121.307312,24.979663],[121.307325,24.979657]]]]}},{"type":"Feature","properties":{"NAME":"復興路","PSTART":"南門街","PEND":"南華街","SW_DIRECT":"2","SW_LENG":75.0,"SW_WTH":3.0,"SWW_WTH":3.0,"SW_RAMP":2,"COUNTY_NA":"桃園市","VILL_NAME":"桃園區"},"geometry":{"type":"MultiPolygon","coordinates":[[[[121.308104,24.989014],[121.308406,24.989019],[121.308878,24.989125],[121.308891,24.989101],[121.308425,24.989007],[121.308118,24.988996],[121.308104,24.989014]]]]}},{"type":"Feature","properties":{"NAME":"南華街","PSTART":"復興路","PEND":"大同路4","SW_DIRECT":"1","SW_LENG":55.0,"SW_WTH":2.0,"SWW_WTH":2.0,"SW_RAMP":2,"COUNTY_NA":"桃園市","VILL_NAME":"桃園區"},"geometry":{"type":"MultiPolygon","coordinates":[[[[121.3089,24.989151],[121.309098,24.988574],[121.309087,24.988574],[121.308892,24.989146],[121.3089,24.989151]]]]}},{"type":"Feature","properties":{"NAME":"民族路","PSTART":"文化街","PEND":"南海街1","SW_DIRECT":"2","SW_LENG":27.5,"SW_WTH":1.2,"SWW_WTH":1.2,"SW_RAMP":0,"COUNTY_NA":"桃園市","VILL_NAME":"桃園區"},"geometry":{"type":"MultiPolygon","coordinates":[[[[121.309145,24.991928],[121.309184,24.991928],[121.309197,24.991832],[121.309171,24.99182],[121.309145,24.991928]]]]}},{"type":"Feature","properties":{"NAME":"中山東路","PSTART":"三民路一段","PEND":"運動中心1","SW_DIRECT":"2","SW_LENG":45.0,"SW_WTH":2.45,"SWW_WTH":1.55,"SW_RAMP":2,"COUNTY_NA":"桃園市","VILL_NAME":"桃園區"},"geometry":{"type":"MultiPolygon","coordinates":[[[[121.321059,24.997868],[121.320514,24.997708],[121.320514,24.997738],[121.321059,24.997886],[121.321059,24.997868]]]]}},{"type":"Feature","properties":{"NAME":"復興路","PSTART":"無","PEND":"中山路108","SW_DIRECT":"2","SW_LENG":30.0,"SW_WTH":3.5,"SWW_WTH":3.5,"SW_RAMP":2,"COUNTY_NA":"桃園市","VILL_NAME":"桃園區"},"geometry":{"type":"MultiPolygon","coordinates":[[[[121.305918,24.989293],[121.306353,24.989266],[121.306351,24.989252],[121.305929,24.989282],[121.305918,24.989293]]]]}},{"type":"Feature","properties":{"NAME":"復興路","PSTART":"三民路三段","PEND":"復興路256巷1","SW_DIRECT":"1","SW_LENG":37.0,"SW_WTH":1.2,"SWW_WTH":1.2,"SW_RAMP":2,"COUNTY_NA":"桃園市","VILL_NAME":"桃園區"},"geometry":{"type":"MultiPolygon","coordinates":[[[[121.307026,24.989114],[121.307477,24.989079],[121.307472,24.989074],[121.307029,24.989109],[121.307026,24.989114]]]]}},{"type":"Feature","properties":{"NAME":"建國路","PSTART":"建成街","PEND":"延平街1","SW_DIRECT":"2","SW_LENG":28.0,"SW_WTH":1.7,"SWW_WTH":1.7,"SW_RAMP":2,"COUNTY_NA":"桃園市","VILL_NAME":"桃園區"},"geometry":{"type":"MultiPolygon","coordinates":[[[[121.315678,24.985818],[121.315685,24.985842],[121.315953,24.985865],[121.315953,24.985842],[121.315678,24.985818]]]]}},{"type":"Feature","properties":{"NAME":"北新街","PSTART":"民權路","PEND":"中正路14","SW_DIRECT":"1","SW_LENG":7.0,"SW_WTH":1.0,"SWW_WTH":1.0,"SW_RAMP":2,"COUNTY_NA":"桃園市","VILL_NAME":"桃園區"},"geometry":{"type":"MultiPolygon","coordinates":[[[[121.30884,24.99745],[121.309102,24.997592],[121.309188,24.997634],[121.309194,24.997622],[121.308846,24.997438],[121.30884,24.99745]]]]}},{"type":"Feature","properties":{"NAME":"南門街","PSTART":"大同路","PEND":"復興路7","SW_DIRECT":"2","SW_LENG":59.0,"SW_WTH":2.1,"SWW_WTH":2.1,"SW_RAMP":2,"COUNTY_NA":"桃園市","VILL_NAME":"桃園區"},"geometry":{"type":"MultiPolygon","coordinates":[[[[121.308076,24.989018],[121.308084,24.989025],[121.308129,24.98844],[121.308114,24.98844],[121.308076,24.989018]]]]}},{"type":"Feature","properties":{"NAME":"長壽街","PSTART":"民族陸橋","PEND":"長壽街","SW_DIRECT":"1","SW_LENG":246.0,"SW_WTH":1.0,"SWW_WTH":1.0,"SW_RAMP":0,"COUNTY_NA":"桃園市","VILL_NAME":"桃園區"},"geometry":{"type":"MultiPolygon","coordinates":[[[[121.310779,24.988357],[121.310753,24.988405],[121.312995,24.989165],[121.313048,24.989105],[121.310779,24.988357]]]]}},{"type":"Feature","properties":{"NAME":"桃園國小左側","PSTART":"民權路","PEND":"民權路88","SW_DIRECT":"2","SW_LENG":45.0,"SW_WTH":1.0,"SWW_WTH":0.7,"SW_RAMP":0,"COUNTY_NA":"桃園市","VILL_NAME":"桃園區"},"geometry":{"type":"MultiPolygon","coordinates":[[[[121.309443,24.991513],[121.309558,24.991207],[121.309534,24.991209],[121.309441,24.99151],[121.309443,24.991513]]]]}},{"type":"Feature","properties":{"NAME":"桃園國小右側","PSTART":"民權路","PEND":"民權路89","SW_DIRECT":"1","SW_LENG":50.0,"SW_WTH":1.0,"SWW_WTH":0.7,"SW_RAMP":0,"COUNTY_NA":"桃園市","VILL_NAME":"桃園區"},"geometry":{"type":"MultiPolygon","coordinates":[[[[121.309342,24.991768],[121.309433,24.991534],[121.309417,24.991529],[121.309337,24.991778],[121.309342,24.991768]]]]}},{"type":"Feature","properties":{"NAME":"民權路","PSTART":"中華路","PEND":"民權路","SW_DIRECT":"2","SW_LENG":55.47,"SW_WTH":1.0,"SWW_WTH":0.6,"SW_RAMP":2,"COUNTY_NA":"桃園市","VILL_NAME":"桃園區"},"geometry":{"type":"MultiPolygon","coordinates":[[[[121.30952,24.990933],[121.309522,24.990935],[121.30952,24.990935],[121.30953,24.99094],[121.30965,24.990644],[121.309634,24.990639],[121.30952,24.990933]]]]}},{"type":"Feature","properties":{"NAME":"昆明路","PSTART":"大林路","PEND":"建國路","SW_DIRECT":"2","SW_LENG":130.0,"SW_WTH":2.3,"SWW_WTH":1.5,"SW_RAMP":2,"COUNTY_NA":"桃園市","VILL_NAME":"桃園區"},"geometry":{"type":"MultiPolygon","coordinates":[[[[121.311535,24.985401],[121.311542,24.985407],[121.311204,24.986488],[121.311269,24.986458],[121.311601,24.985419],[121.311535,24.985401]]]]}},{"type":"Feature","properties":{"NAME":"忠二路2巷","PSTART":"忠二路","PEND":"中福街","SW_DIRECT":"2","SW_LENG":68.0,"SW_WTH":2.3,"SWW_WTH":1.5,"SW_RAMP":2,"COUNTY_NA":"桃園市","VILL_NAME":"桃園區"},"geometry":{"type":"MultiPolygon","coordinates":[[[[121.303874,24.996602],[121.303874,24.996604],[121.304029,24.996878],[121.304119,24.996995],[121.304379,24.997248],[121.304387,24.997217],[121.304127,24.996969],[121.304035,24.99685],[121.303903,24.996594],[121.303874,24.996602]]]]}},{"type":"Feature","properties":{"NAME":"建國東路單號","PSTART":"興隆路","PEND":"興邦路3","SW_DIRECT":"2","SW_LENG":112.9,"SW_WTH":1.0,"SWW_WTH":1.0,"SW_RAMP":2,"COUNTY_NA":"桃園市","VILL_NAME":"桃園區"},"geometry":{"type":"MultiPolygon","coordinates":[[[[121.319941,24.986183],[121.321687,24.986282],[121.321648,24.986246],[121.31991,24.986147],[121.319941,24.986178],[121.319941,24.986183]]]]}},{"type":"Feature","properties":{"NAME":"林森路68巷1弄","PSTART":"林森路68巷1弄","PEND":"林森路68巷","SW_DIRECT":"1","SW_LENG":61.0,"SW_WTH":1.0,"SWW_WTH":1.0,"SW_RAMP":2,"COUNTY_NA":"桃園市","VILL_NAME":"桃園區"},"geometry":{"type":"MultiPolygon","coordinates":[[[[121.321003,24.987317],[121.321095,24.987458],[121.321082,24.987508],[121.320543,24.987806],[121.320543,24.987834],[121.321095,24.987527],[121.321119,24.987465],[121.321027,24.987308],[121.321011,24.987313],[121.321003,24.987317]]]]}},{"type":"Feature","properties":{"NAME":"林森路68巷1弄","PSTART":"林森路68巷1弄","PEND":"林森路68巷","SW_DIRECT":"2","SW_LENG":61.0,"SW_WTH":1.0,"SWW_WTH":1.0,"SW_RAMP":2,"COUNTY_NA":"桃園市","VILL_NAME":"桃園區"},"geometry":{"type":"MultiPolygon","coordinates":[[[[121.320942,24.987359],[121.320947,24.987366],[121.320997,24.98745],[121.320981,24.987481],[121.32051,24.987728],[121.320505,24.987759],[121.32101,24.987483],[121.321026,24.98745],[121.320965,24.987347],[121.320942,24.987359]]]]}},{"type":"Feature","properties":{"NAME":"自強路","PSTART":"中山東路","PEND":"園一街","SW_DIRECT":"1","SW_LENG":45.0,"SW_WTH":1.5,"SWW_WTH":1.5,"SW_RAMP":2,"COUNTY_NA":"桃園市","VILL_NAME":"桃園區"},"geometry":{"type":"MultiPolygon","coordinates":[[[[121.318331,24.997588],[121.318334,24.997586],[121.318358,24.997615],[121.318516,24.997187],[121.318482,24.997192],[121.318331,24.997588]]]]}},{"type":"Feature","properties":{"NAME":"自強路","PSTART":"園一街","PEND":"鎮撫街","SW_DIRECT":"1","SW_LENG":160.0,"SW_WTH":1.5,"SWW_WTH":1.5,"SW_RAMP":2,"COUNTY_NA":"桃園市","VILL_NAME":"桃園區"},"geometry":{"type":"MultiPolygon","coordinates":[[[[121.317803,24.999006],[121.317806,24.999003],[121.317822,24.999039],[121.318301,24.997755],[121.318269,24.997758],[121.317803,24.999006]]]]}},{"type":"Feature","properties":{"NAME":"自強路","PSTART":"鎮撫街","PEND":"國光街","SW_DIRECT":"1","SW_LENG":160.0,"SW_WTH":1.5,"SWW_WTH":1.5,"SW_RAMP":2,"COUNTY_NA":"桃園市","VILL_NAME":"桃園區"},"geometry":{"type":"MultiPolygon","coordinates":[[[[121.317256,25.000446],[121.317259,25.000444],[121.317272,25.000485],[121.317751,24.999167],[121.317722,24.999177],[121.317256,25.000446]]]]}},{"type":"Feature","properties":{"NAME":"無名巷","PSTART":"無名巷","PEND":"無名巷11","SW_DIRECT":"1","SW_LENG":100.0,"SW_WTH":2.5,"SWW_WTH":2.5,"SW_RAMP":2,"COUNTY_NA":"桃園市","VILL_NAME":"桃園區"},"geometry":{"type":"MultiPolygon","coordinates":[[[[121.312773,25.001353],[121.312767,25.001353],[121.312767,25.001389],[121.313659,25.00162],[121.313659,25.001572],[121.312773,25.001353]]]]}},{"type":"Feature","properties":{"NAME":"無名巷","PSTART":"無名巷","PEND":"無名巷12","SW_DIRECT":"2","SW_LENG":100.0,"SW_WTH":2.5,"SWW_WTH":2.5,"SW_RAMP":0,"COUNTY_NA":"桃園市","VILL_NAME":"桃園區"},"geometry":{"type":"MultiPolygon","coordinates":[[[[121.312702,25.001526],[121.312708,25.001556],[121.313594,25.001787],[121.313607,25.001745],[121.312702,25.001526]]]]}},{"type":"Feature","properties":{"NAME":"埔新街","PSTART":"中正三街","PEND":"三民路二段","SW_DIRECT":"2","SW_LENG":180.0,"SW_WTH":4.0,"SWW_WTH":3.0,"SW_RAMP":5,"COUNTY_NA":"桃園市","VILL_NAME":"桃園區"},"geometry":{"type":"MultiPolygon","coordinates":[[[[121.306899,24.999822],[121.306918,24.999841],[121.307764,24.998449],[121.307745,24.998438],[121.306899,24.999822]]]]}},{"type":"Feature","properties":{"NAME":"中正路","PSTART":"中正路60號","PEND":"中正路48巷1","SW_DIRECT":"1","SW_LENG":110.0,"SW_WTH":3.0,"SWW_WTH":2.0,"SW_RAMP":1,"COUNTY_NA":"桃園市","VILL_NAME":"桃園區"},"geometry":{"type":"MultiPolygon","coordinates":[[[[121.31256,24.991867],[121.312576,24.991865],[121.312902,24.990964],[121.312946,24.990947],[121.312922,24.99094],[121.312886,24.990959],[121.312563,24.991865],[121.31256,24.991867]]]]}},{"type":"Feature","properties":{"NAME":"育樂街","PSTART":"育樂街","PEND":"育樂街6","SW_DIRECT":"1","SW_LENG":99.28,"SW_WTH":1.74,"SWW_WTH":1.74,"SW_RAMP":2,"COUNTY_NA":"桃園市","VILL_NAME":"桃園區"},"geometry":{"type":"MultiPolygon","coordinates":[[[[121.304094,24.992235],[121.304075,24.992218],[121.304069,24.992234],[121.304108,24.992268],[121.304136,24.992376],[121.304154,24.992438],[121.304169,24.992487],[121.304218,24.992648],[121.304256,24.992781],[121.304301,24.992921],[121.30433,24.99301],[121.304348,24.99307],[121.304356,24.993068],[121.30436,24.993068],[121.304364,24.993067],[121.304367,24.993064],[121.304369,24.993057],[121.304355,24.993015],[121.304329,24.992931],[121.304313,24.99288],[121.304301,24.992843],[121.304282,24.992782],[121.304274,24.992752],[121.304266,24.992727],[121.304241,24.992646],[121.304209,24.992537],[121.304195,24.992495],[121.304169,24.99241],[121.304144,24.992326],[121.304132,24.992292],[121.304126,24.992273],[121.304123,24.99226],[121.30411,24.992248],[121.304094,24.992235]]]]}},{"type":"Feature","properties":{"NAME":"育樂街","PSTART":"育樂街","PEND":"育樂街4","SW_DIRECT":"1","SW_LENG":15.47,"SW_WTH":1.2,"SWW_WTH":1.2,"SW_RAMP":2,"COUNTY_NA":"桃園市","VILL_NAME":"桃園區"},"geometry":{"type":"MultiPolygon","coordinates":[[[[121.304536,24.992795],[121.304504,24.99269],[121.304503,24.992691],[121.304501,24.992693],[121.304499,24.992695],[121.304498,24.992697],[121.304497,24.992699],[121.304497,24.992701],[121.304497,24.992702],[121.304509,24.992742],[121.304534,24.992825],[121.304536,24.992827],[121.304538,24.992828],[121.304546,24.99283],[121.304536,24.992795]]]]}},{"type":"Feature","properties":{"NAME":"中山路","PSTART":"中正路","PEND":"中正路","SW_DIRECT":"1","SW_LENG":26.95,"SW_WTH":2.7,"SWW_WTH":2.7,"SW_RAMP":0,"COUNTY_NA":"桃園市","VILL_NAME":"桃園區"},"geometry":{"type":"MultiPolygon","coordinates":[[[[121.311125,24.994723],[121.311138,24.994707],[121.310981,24.994633],[121.310955,24.994631],[121.310928,24.99464],[121.3109,24.994655],[121.310908,24.994667],[121.310936,24.994652],[121.31096,24.994645],[121.310978,24.99465],[121.311125,24.994723]]]]}},{"type":"Feature","properties":{"NAME":"博愛路","PSTART":"永安路","PEND":"博愛路","SW_DIRECT":"1","SW_LENG":19.48,"SW_WTH":2.46,"SWW_WTH":2.46,"SW_RAMP":0,"COUNTY_NA":"桃園市","VILL_NAME":"桃園區"},"geometry":{"type":"MultiPolygon","coordinates":[[[[121.310241,24.99521],[121.310257,24.99522],[121.310317,24.99516],[121.310309,24.995112],[121.310249,24.995079],[121.310236,24.995089],[121.310296,24.995117],[121.310302,24.995153],[121.310241,24.99521]]]]}},{"type":"Feature","properties":{"NAME":"博愛路","PSTART":"永安路","PEND":"中正路","SW_DIRECT":"1","SW_LENG":48.91,"SW_WTH":2.47,"SWW_WTH":2.47,"SW_RAMP":0,"COUNTY_NA":"桃園市","VILL_NAME":"桃園區"},"geometry":{"type":"MultiPolygon","coordinates":[[[[121.310325,24.995245],[121.310338,24.99525],[121.310401,24.99518],[121.310587,24.99528],[121.31058,24.995311],[121.310588,24.995321],[121.310598,24.995292],[121.310601,24.995278],[121.310396,24.995168],[121.310325,24.995245]]]]}},{"type":"Feature","properties":{"NAME":"博愛路","PSTART":"博愛路69巷","PEND":"中正路","SW_DIRECT":"1","SW_LENG":13.0,"SW_WTH":2.5,"SWW_WTH":2.5,"SW_RAMP":1,"COUNTY_NA":"桃園市","VILL_NAME":"桃園區"},"geometry":{"type":"MultiPolygon","coordinates":[[[[121.310425,24.99508],[121.310425,24.995071],[121.310322,24.995019],[121.31032,24.995028],[121.310425,24.99508]]]]}},{"type":"Feature","properties":{"NAME":"民權路","PSTART":"中山路","PEND":"中正路115巷對面","SW_DIRECT":"2","SW_LENG":142.0,"SW_WTH":2.45,"SWW_WTH":2.45,"SW_RAMP":3,"COUNTY_NA":"桃園市","VILL_NAME":"桃園區"},"geometry":{"type":"MultiPolygon","coordinates":[[[[121.31001,24.993798],[121.310039,24.9938],[121.31007,24.993788],[121.310271,24.993569],[121.310425,24.993382],[121.310545,24.993222],[121.310579,24.993143],[121.31066,24.992901],[121.310731,24.992726],[121.310731,24.9927],[121.31071,24.992719],[121.310642,24.992898],[121.310557,24.993141],[121.310526,24.993213],[121.310406,24.993371],[121.310254,24.993562],[121.310074,24.993758],[121.310053,24.993784],[121.310035,24.993785],[121.310014,24.993785],[121.31001,24.993798]]]]}},{"type":"Feature","properties":{"NAME":"三民路三段","PSTART":"莒光街","PEND":"中山路","SW_DIRECT":"1","SW_LENG":100.65,"SW_WTH":2.8,"SWW_WTH":2.8,"SW_RAMP":2,"COUNTY_NA":"桃園市","VILL_NAME":"桃園區"},"geometry":{"type":"MultiPolygon","coordinates":[[[[121.305695,24.995529],[121.30569,24.995528],[121.305687,24.995559],[121.305687,24.995576],[121.305686,24.995603],[121.305684,24.995646],[121.305683,24.995696],[121.305682,24.995732],[121.305683,24.995758],[121.305684,24.995784],[121.305686,24.995818],[121.305688,24.995852],[121.30569,24.995869],[121.305695,24.995911],[121.305704,24.995963],[121.305711,24.99601],[121.305722,24.996063],[121.305733,24.996111],[121.305745,24.996157],[121.305764,24.996216],[121.305772,24.996239],[121.305782,24.996268],[121.305792,24.996297],[121.305813,24.996349],[121.305828,24.996382],[121.305849,24.996428],[121.305853,24.996426],[121.305859,24.99642],[121.305862,24.996414],[121.305865,24.996407],[121.305865,24.9964],[121.305864,24.996396],[121.305854,24.996372],[121.305839,24.99634],[121.305819,24.996288],[121.305808,24.99626],[121.305798,24.996232],[121.305791,24.996209],[121.305774,24.996155],[121.30576,24.996106],[121.305749,24.996058],[121.305739,24.996006],[121.305731,24.99596],[121.305724,24.995916],[121.305719,24.995871],[121.305714,24.995817],[121.305712,24.995784],[121.305711,24.99573],[121.30571,24.995696],[121.305712,24.995647],[121.305714,24.995605],[121.305717,24.995565],[121.305716,24.995553],[121.305716,24.995548],[121.305714,24.995543],[121.305711,24.995538],[121.305707,24.995535],[121.305705,24.995533],[121.3057,24.995531],[121.305695,24.995529]]]]}},{"type":"Feature","properties":{"NAME":"三民路三段","PSTART":"莒光街","PEND":"中山路","SW_DIRECT":"1","SW_LENG":118.81,"SW_WTH":2.66,"SWW_WTH":2.66,"SW_RAMP":2,"COUNTY_NA":"桃園市","VILL_NAME":"桃園區"},"geometry":{"type":"MultiPolygon","coordinates":[[[[121.305852,24.992576],[121.305846,24.992572],[121.305843,24.99262],[121.305842,24.992638],[121.30584,24.992712],[121.305838,24.992749],[121.305836,24.992806],[121.305833,24.992863],[121.305832,24.99289],[121.305828,24.992977],[121.305826,24.993039],[121.305821,24.993097],[121.305818,24.993159],[121.305815,24.993224],[121.30581,24.993329],[121.305807,24.993329],[121.305801,24.993457],[121.305795,24.993578],[121.305791,24.993645],[121.305791,24.993652],[121.305819,24.993653],[121.305819,24.993651],[121.305826,24.993534],[121.305833,24.993389],[121.305841,24.993223],[121.305844,24.993157],[121.305848,24.993095],[121.305852,24.993036],[121.305855,24.992975],[121.305859,24.992887],[121.30586,24.992859],[121.305862,24.992802],[121.305864,24.992745],[121.305866,24.992708],[121.305869,24.992633],[121.30587,24.992615],[121.305869,24.992609],[121.305869,24.992604],[121.305867,24.992599],[121.305865,24.992593],[121.305862,24.992587],[121.30586,24.992584],[121.305856,24.992579],[121.305852,24.992576]]]]}},{"type":"Feature","properties":{"NAME":"三民路三段","PSTART":"莒光街","PEND":"中山路","SW_DIRECT":"1","SW_LENG":54.46,"SW_WTH":3.1,"SWW_WTH":3.1,"SW_RAMP":2,"COUNTY_NA":"桃園市","VILL_NAME":"桃園區"},"geometry":{"type":"MultiPolygon","coordinates":[[[[121.306111,24.993247],[121.306109,24.993247],[121.306101,24.993247],[121.306091,24.993249],[121.306083,24.993253],[121.306079,24.993257],[121.306078,24.993271],[121.306077,24.993283],[121.30607,24.993407],[121.306063,24.993537],[121.306059,24.993631],[121.306055,24.993722],[121.306055,24.993728],[121.306057,24.993731],[121.306065,24.993736],[121.306069,24.993739],[121.306072,24.993741],[121.306078,24.993743],[121.306085,24.993745],[121.30609,24.993632],[121.306094,24.993538],[121.306101,24.993408],[121.306109,24.99328],[121.306111,24.993247]]]]}},{"type":"Feature","properties":{"NAME":"永安路","PSTART":"永安路","PEND":"永安路_42B","SW_DIRECT":"1","SW_LENG":83.0,"SW_WTH":2.03,"SWW_WTH":2.03,"SW_RAMP":2,"COUNTY_NA":"桃園市","VILL_NAME":"桃園區"},"geometry":{"type":"MultiPolygon","coordinates":[[[[121.306251,24.997141],[121.306256,24.997135],[121.30625,24.997137],[121.306246,24.997138],[121.306231,24.997147],[121.306136,24.9972],[121.305929,24.997314],[121.305727,24.997427],[121.305537,24.997531],[121.305545,24.997545],[121.305569,24.997533],[121.305752,24.997433],[121.305987,24.997303],[121.306236,24.99716],[121.306244,24.99715],[121.306251,24.997141]]]]}},{"type":"Feature","properties":{"NAME":"三民路三段","PSTART":"莒光街","PEND":"中山路","SW_DIRECT":"1","SW_LENG":59.35,"SW_WTH":3.0,"SWW_WTH":3.0,"SW_RAMP":2,"COUNTY_NA":"桃園市","VILL_NAME":"桃園區"},"geometry":{"type":"MultiPolygon","coordinates":[[[[121.306132,24.992755],[121.306136,24.992644],[121.306134,24.992645],[121.306129,24.992649],[121.306123,24.992654],[121.306119,24.992658],[121.306116,24.992662],[121.306113,24.992666],[121.306111,24.99267],[121.306108,24.992676],[121.306107,24.992679],[121.306106,24.992683],[121.306105,24.992691],[121.306103,24.992754],[121.306102,24.992773],[121.306098,24.992856],[121.306098,24.992884],[121.306096,24.992914],[121.306094,24.99297],[121.30609,24.993032],[121.306089,24.993059],[121.306084,24.993164],[121.306085,24.99317],[121.306086,24.993172],[121.306089,24.993176],[121.306092,24.993179],[121.306095,24.993182],[121.306099,24.993184],[121.306112,24.993187],[121.306139,24.993192],[121.306139,24.993192],[121.306139,24.993192],[121.306114,24.993157],[121.306119,24.99306],[121.30612,24.993033],[121.306123,24.992971],[121.306126,24.992915],[121.306127,24.992885],[121.306128,24.992857],[121.306131,24.992774],[121.306132,24.992755]]]]}},{"type":"Feature","properties":{"NAME":"三民路三段","PSTART":"莒光街","PEND":"中山路","SW_DIRECT":"1","SW_LENG":27.97,"SW_WTH":2.99,"SWW_WTH":2.99,"SW_RAMP":2,"COUNTY_NA":"桃園市","VILL_NAME":"桃園區"},"geometry":{"type":"MultiPolygon","coordinates":[[[[121.305799,24.994032],[121.30577,24.994031],[121.305757,24.994281],[121.305757,24.994283],[121.305785,24.994284],[121.305785,24.994282],[121.305788,24.994245],[121.305796,24.994095],[121.305799,24.994036],[121.305799,24.994032]]]]}},{"type":"Feature","properties":{"NAME":"三民路三段","PSTART":"莒光街","PEND":"無名路12","SW_DIRECT":"1","SW_LENG":58.35,"SW_WTH":3.1,"SWW_WTH":3.1,"SW_RAMP":2,"COUNTY_NA":"桃園市","VILL_NAME":"桃園區"},"geometry":{"type":"MultiPolygon","coordinates":[[[[121.306193,24.996936],[121.306191,24.996931],[121.306187,24.996924],[121.306184,24.996918],[121.306176,24.996906],[121.306141,24.996852],[121.306104,24.996794],[121.306082,24.99676],[121.30604,24.996695],[121.306005,24.996641],[121.305986,24.99661],[121.305965,24.996576],[121.305949,24.996552],[121.305921,24.996508],[121.305918,24.996503],[121.305913,24.996498],[121.30591,24.996496],[121.305906,24.996495],[121.305901,24.996493],[121.305895,24.996492],[121.30589,24.996492],[121.305885,24.996493],[121.30588,24.996495],[121.305922,24.996566],[121.305938,24.99659],[121.305959,24.996623],[121.305979,24.996655],[121.306014,24.996709],[121.306056,24.996774],[121.306077,24.996808],[121.306115,24.996866],[121.30615,24.99692],[121.30616,24.996936],[121.306162,24.996934],[121.306167,24.996941],[121.306165,24.99695],[121.306196,24.996951],[121.306195,24.996945],[121.306194,24.99694],[121.306193,24.996936]]]]}},{"type":"Feature","properties":{"NAME":"三民路三段","PSTART":"莒光街","PEND":"中山路","SW_DIRECT":"1","SW_LENG":88.83,"SW_WTH":2.97,"SWW_WTH":2.97,"SW_RAMP":2,"COUNTY_NA":"桃園市","VILL_NAME":"桃園區"},"geometry":{"type":"MultiPolygon","coordinates":[[[[121.306082,24.993812],[121.306078,24.993812],[121.306075,24.993812],[121.306073,24.993812],[121.30607,24.993814],[121.306067,24.993815],[121.306061,24.993818],[121.306058,24.993821],[121.306056,24.993824],[121.306054,24.993826],[121.306052,24.99383],[121.306051,24.993833],[121.30605,24.993859],[121.306048,24.993897],[121.306043,24.993955],[121.30604,24.994016],[121.306034,24.994114],[121.306028,24.994211],[121.306023,24.994304],[121.306019,24.994381],[121.306014,24.994499],[121.306009,24.994558],[121.306008,24.994573],[121.306008,24.994578],[121.306008,24.994582],[121.306008,24.994585],[121.306011,24.994589],[121.306013,24.994592],[121.306015,24.994595],[121.306019,24.994599],[121.306025,24.994604],[121.30603,24.994607],[121.306033,24.994609],[121.306052,24.994613],[121.306066,24.994616],[121.306039,24.994583],[121.306042,24.994515],[121.306043,24.994497],[121.306048,24.994379],[121.306053,24.994302],[121.306058,24.99421],[121.306064,24.994112],[121.306069,24.994014],[121.306073,24.993953],[121.306078,24.993895],[121.30608,24.993858],[121.306081,24.993832],[121.306082,24.993812]]]]}},{"type":"Feature","properties":{"NAME":"育樂街","PSTART":"育樂街","PEND":"育樂街1","SW_DIRECT":"1","SW_LENG":44.97,"SW_WTH":0.73,"SWW_WTH":0.73,"SW_RAMP":2,"COUNTY_NA":"桃園市","VILL_NAME":"桃園區"},"geometry":{"type":"MultiPolygon","coordinates":[[[[121.30437,24.992284],[121.304359,24.992251],[121.304354,24.992251],[121.304365,24.992289],[121.304396,24.992383],[121.304426,24.992477],[121.304468,24.992609],[121.304477,24.992638],[121.304485,24.992636],[121.304477,24.992609],[121.304458,24.992548],[121.304424,24.992444],[121.304399,24.992374],[121.304379,24.99231],[121.30437,24.992284]]]]}},{"type":"Feature","properties":{"NAME":"永安路","PSTART":"永安路","PEND":"永安路_24B1","SW_DIRECT":"1","SW_LENG":51.8,"SW_WTH":1.74,"SWW_WTH":1.74,"SW_RAMP":2,"COUNTY_NA":"桃園市","VILL_NAME":"桃園區"},"geometry":{"type":"MultiPolygon","coordinates":[[[[121.303543,24.998375],[121.303535,24.99836],[121.303291,24.99847],[121.303075,24.998567],[121.303079,24.998574],[121.303083,24.998581],[121.303225,24.998517],[121.303516,24.998386],[121.303543,24.998375]]]]}},{"type":"Feature","properties":{"NAME":"三民路二段","PSTART":"民生路","PEND":"朝陽街3","SW_DIRECT":"2","SW_LENG":42.2,"SW_WTH":2.77,"SWW_WTH":2.77,"SW_RAMP":2,"COUNTY_NA":"桃園市","VILL_NAME":"桃園區"},"geometry":{"type":"MultiPolygon","coordinates":[[[[121.311886,25.000386],[121.311817,25.000367],[121.311814,25.000377],[121.311814,25.00038],[121.31181,25.000393],[121.311852,25.000403],[121.311918,25.00042],[121.311956,25.000429],[121.311996,25.000439],[121.312032,25.000448],[121.312073,25.000458],[121.312108,25.000467],[121.312146,25.000476],[121.312186,25.000487],[121.312213,25.000494],[121.31222,25.000471],[121.312134,25.000449],[121.312061,25.00043],[121.311979,25.000409],[121.311886,25.000386]]]]}},{"type":"Feature","properties":{"NAME":"三民路二段","PSTART":"民生路","PEND":"朝陽街4","SW_DIRECT":"2","SW_LENG":43.65,"SW_WTH":2.73,"SWW_WTH":2.73,"SW_RAMP":2,"COUNTY_NA":"桃園市","VILL_NAME":"桃園區"},"geometry":{"type":"MultiPolygon","coordinates":[[[[121.310677,25.000082],[121.310657,25.000079],[121.31064,25.000081],[121.310629,25.000084],[121.310613,25.000093],[121.310651,25.0001],[121.310708,25.000115],[121.310785,25.000135],[121.310861,25.000153],[121.310929,25.00017],[121.310996,25.000187],[121.311047,25.0002],[121.311055,25.000176],[121.311055,25.000176],[121.31098,25.000157],[121.310911,25.000141],[121.310835,25.000121],[121.310758,25.000102],[121.310698,25.000088],[121.310677,25.000082]]]]}},{"type":"Feature","properties":{"NAME":"三民路二段","PSTART":"民生路","PEND":"朝陽街8","SW_DIRECT":"2","SW_LENG":8.66,"SW_WTH":3.12,"SWW_WTH":3.12,"SW_RAMP":2,"COUNTY_NA":"桃園市","VILL_NAME":"桃園區"},"geometry":{"type":"MultiPolygon","coordinates":[[[[121.311473,25.000282],[121.31144,25.000273],[121.311432,25.000301],[121.311515,25.000322],[121.311523,25.000295],[121.311522,25.000295],[121.311473,25.000282]]]]}},{"type":"Feature","properties":{"NAME":"春日路","PSTART":"春日路","PEND":"春日路22","SW_DIRECT":"1","SW_LENG":77.95,"SW_WTH":3.3,"SWW_WTH":3.3,"SW_RAMP":2,"COUNTY_NA":"桃園市","VILL_NAME":"桃園區"},"geometry":{"type":"MultiPolygon","coordinates":[[[[121.313829,25.00207],[121.313824,25.002063],[121.313805,25.002074],[121.313791,25.002091],[121.313776,25.002109],[121.313753,25.002171],[121.313669,25.002403],[121.313571,25.002666],[121.313558,25.002703],[121.313559,25.002712],[121.313559,25.002718],[121.313562,25.002724],[121.313565,25.002729],[121.31357,25.002734],[121.313577,25.002737],[121.313583,25.002739],[121.313608,25.002665],[121.313614,25.002648],[121.313621,25.002626],[121.313649,25.002552],[121.313702,25.00241],[121.313733,25.002323],[121.313788,25.002174],[121.313805,25.002125],[121.313809,25.002113],[121.313826,25.002104],[121.313843,25.002095],[121.313829,25.00207]]]]}},{"type":"Feature","properties":{"NAME":"延平路","PSTART":"延平路","PEND":"延平路","SW_DIRECT":"1","SW_LENG":115.91,"SW_WTH":4.0,"SWW_WTH":4.0,"SW_RAMP":2,"COUNTY_NA":"桃園市","VILL_NAME":"桃園區"},"geometry":{"type":"MultiPolygon","coordinates":[[[[121.314612,24.975303],[121.314594,24.975299],[121.314593,24.975308],[121.314584,24.975458],[121.314571,24.975677],[121.314559,24.975872],[121.314549,24.976038],[121.314542,24.976164],[121.314531,24.976348],[121.314571,24.976349],[121.314582,24.976166],[121.314589,24.97604],[121.314598,24.975874],[121.31461,24.975679],[121.314623,24.97546],[121.314632,24.975314],[121.314612,24.975303]]]]}},{"type":"Feature","properties":{"NAME":"延平路","PSTART":"延平路","PEND":"延平路","SW_DIRECT":"1","SW_LENG":91.37,"SW_WTH":2.0,"SWW_WTH":2.0,"SW_RAMP":2,"COUNTY_NA":"桃園市","VILL_NAME":"桃園區"},"geometry":{"type":"MultiPolygon","coordinates":[[[[121.314557,24.976573],[121.314538,24.976572],[121.314536,24.976592],[121.314529,24.97671],[121.314515,24.976944],[121.314508,24.977056],[121.314501,24.977172],[121.314496,24.977284],[121.314495,24.977314],[121.314468,24.977333],[121.31444,24.977355],[121.314441,24.977383],[121.31447,24.977362],[121.314486,24.977351],[121.314514,24.97733],[121.314516,24.977285],[121.314521,24.977173],[121.314528,24.977057],[121.314535,24.976945],[121.314549,24.976711],[121.314556,24.976593],[121.314557,24.976573]]]]}},{"type":"Feature","properties":{"NAME":"樹仁二街","PSTART":"建新街","PEND":"桃鶯路","SW_DIRECT":"1","SW_LENG":83.93,"SW_WTH":3.39,"SWW_WTH":3.39,"SW_RAMP":2,"COUNTY_NA":"桃園市","VILL_NAME":"桃園區"},"geometry":{"type":"MultiPolygon","coordinates":[[[[121.313966,24.977275],[121.313619,24.977215],[121.313623,24.977233],[121.31363,24.977243],[121.313641,24.97725],[121.31396,24.977305],[121.314261,24.977356],[121.314429,24.977383],[121.314441,24.977383],[121.31444,24.977355],[121.314267,24.977326],[121.313966,24.977275]]]]}},{"type":"Feature","properties":{"NAME":"樹仁二街","PSTART":"建新街","PEND":"桃鶯路","SW_DIRECT":"1","SW_LENG":16.55,"SW_WTH":3.5,"SWW_WTH":3.5,"SW_RAMP":2,"COUNTY_NA":"桃園市","VILL_NAME":"桃園區"},"geometry":{"type":"MultiPolygon","coordinates":[[[[121.313571,24.977206],[121.313397,24.977176],[121.313403,24.977196],[121.313416,24.977211],[121.313536,24.977232],[121.313548,24.977228],[121.313562,24.977219],[121.313571,24.977206]]]]}},{"type":"Feature","properties":{"NAME":"建國東路","PSTART":"建國東路","PEND":"建國東路_8B","SW_DIRECT":"1","SW_LENG":45.76,"SW_WTH":2.66,"SWW_WTH":2.66,"SW_RAMP":2,"COUNTY_NA":"桃園市","VILL_NAME":"桃園區"},"geometry":{"type":"MultiPolygon","coordinates":[[[[121.319909,24.986186],[121.319679,24.986174],[121.319662,24.986197],[121.319677,24.986198],[121.319908,24.98621],[121.320122,24.986222],[121.320123,24.986206],[121.320119,24.986202],[121.320112,24.986197],[121.319909,24.986186]]]]}},{"type":"Feature","properties":{"NAME":"建國東路","PSTART":"建國東路","PEND":"建國東路_9B","SW_DIRECT":"1","SW_LENG":79.61,"SW_WTH":3.0,"SWW_WTH":3.0,"SW_RAMP":2,"COUNTY_NA":"桃園市","VILL_NAME":"桃園區"},"geometry":{"type":"MultiPolygon","coordinates":[[[[121.320686,24.98623],[121.320371,24.986212],[121.320356,24.986238],[121.320684,24.986257],[121.320976,24.986273],[121.321143,24.986283],[121.321156,24.986284],[121.321145,24.986256],[121.320978,24.986246],[121.320686,24.98623]]]]}},{"type":"Feature","properties":{"NAME":"建國東路","PSTART":"建國東路","PEND":"建國東路_1B","SW_DIRECT":"1","SW_LENG":10.89,"SW_WTH":3.0,"SWW_WTH":3.0,"SW_RAMP":2,"COUNTY_NA":"桃園市","VILL_NAME":"桃園區"},"geometry":{"type":"MultiPolygon","coordinates":[[[[121.3214,24.98627],[121.3213,24.986264],[121.321283,24.98629],[121.321298,24.986291],[121.321398,24.986297],[121.3214,24.98627]]]]}},{"type":"Feature","properties":{"NAME":"建國東路","PSTART":"建國東路","PEND":"建國東路_4B","SW_DIRECT":"1","SW_LENG":23.96,"SW_WTH":3.61,"SWW_WTH":3.61,"SW_RAMP":2,"COUNTY_NA":"桃園市","VILL_NAME":"桃園區"},"geometry":{"type":"MultiPolygon","coordinates":[[[[121.321559,24.986279],[121.32148,24.986274],[121.321478,24.986301],[121.321564,24.986306],[121.321611,24.986316],[121.32163,24.986322],[121.321665,24.986336],[121.321711,24.986347],[121.321708,24.986325],[121.321704,24.986311],[121.321699,24.9863],[121.321666,24.986292],[121.321634,24.986286],[121.321609,24.986283],[121.321559,24.986279]]]]}},{"type":"Feature","properties":{"NAME":"興邦路","PSTART":"興邦路","PEND":"興邦路","SW_DIRECT":"1","SW_LENG":26.28,"SW_WTH":2.99,"SWW_WTH":2.99,"SW_RAMP":2,"COUNTY_NA":"桃園市","VILL_NAME":"桃園區"},"geometry":{"type":"MultiPolygon","coordinates":[[[[121.322058,24.985643],[121.322046,24.985636],[121.322042,24.985642],[121.321909,24.985823],[121.321894,24.985843],[121.321934,24.985838],[121.322064,24.98566],[121.322064,24.985653],[121.322063,24.985648],[121.322058,24.985643]]]]}},{"type":"Feature","properties":{"NAME":"興邦路","PSTART":"興邦路","PEND":"興邦路","SW_DIRECT":"1","SW_LENG":28.05,"SW_WTH":2.99,"SWW_WTH":2.99,"SW_RAMP":2,"COUNTY_NA":"桃園市","VILL_NAME":"桃園區"},"geometry":{"type":"MultiPolygon","coordinates":[[[[121.322302,24.98533],[121.322284,24.985312],[121.322276,24.985323],[121.322252,24.985356],[121.322132,24.985518],[121.322127,24.985525],[121.322143,24.985534],[121.32215,24.985534],[121.322157,24.985533],[121.322276,24.985371],[121.322301,24.985338],[121.322302,24.98533]]]]}},{"type":"Feature","properties":{"NAME":"興邦路","PSTART":"無名路","PEND":"興邦路","SW_DIRECT":"1","SW_LENG":26.27,"SW_WTH":2.99,"SWW_WTH":2.99,"SW_RAMP":2,"COUNTY_NA":"桃園市","VILL_NAME":"桃園區"},"geometry":{"type":"MultiPolygon","coordinates":[[[[121.322469,24.985086],[121.322459,24.985075],[121.322447,24.985091],[121.32233,24.98525],[121.322312,24.985275],[121.32233,24.985288],[121.322339,24.985287],[121.322354,24.985265],[121.322471,24.985106],[121.322471,24.985106],[121.322472,24.985096],[121.322469,24.985086]]]]}},{"type":"Feature","properties":{"NAME":"興邦路","PSTART":"無名路","PEND":"興邦路","SW_DIRECT":"1","SW_LENG":70.26,"SW_WTH":1.8,"SWW_WTH":1.8,"SW_RAMP":2,"COUNTY_NA":"桃園市","VILL_NAME":"桃園區"},"geometry":{"type":"MultiPolygon","coordinates":[[[[121.322828,24.98484],[121.322821,24.984838],[121.322809,24.984841],[121.322799,24.984848],[121.322656,24.985043],[121.322562,24.985172],[121.322453,24.98532],[121.322426,24.985356],[121.322432,24.985365],[121.322437,24.98537],[121.322468,24.985329],[121.322576,24.985181],[121.322671,24.985052],[121.322814,24.984857],[121.322828,24.98484]]]]}},{"type":"Feature","properties":{"NAME":"興邦路","PSTART":"無名路","PEND":"無名路","SW_DIRECT":"1","SW_LENG":66.18,"SW_WTH":2.99,"SWW_WTH":2.99,"SW_RAMP":2,"COUNTY_NA":"桃園市","VILL_NAME":"桃園區"},"geometry":{"type":"MultiPolygon","coordinates":[[[[121.32289,24.984509],[121.32288,24.984503],[121.322872,24.984513],[121.322784,24.984633],[121.322731,24.984706],[121.32268,24.984774],[121.322582,24.984907],[121.322522,24.984988],[121.322513,24.985],[121.322528,24.985007],[121.322539,24.985006],[121.322547,24.985003],[121.322607,24.984923],[121.322705,24.984789],[121.322755,24.984721],[121.322809,24.984648],[121.322897,24.984528],[121.32289,24.984509]]]]}},{"type":"Feature","properties":{"NAME":"興邦路","PSTART":"無名路","PEND":"無名路","SW_DIRECT":"1","SW_LENG":76.51,"SW_WTH":1.8,"SWW_WTH":1.8,"SW_RAMP":2,"COUNTY_NA":"桃園市","VILL_NAME":"桃園區"},"geometry":{"type":"MultiPolygon","coordinates":[[[[121.323285,24.984224],[121.3233,24.984203],[121.32328,24.984207],[121.32327,24.984214],[121.323144,24.984383],[121.323061,24.984496],[121.322968,24.98462],[121.322866,24.984761],[121.322863,24.984768],[121.322865,24.984778],[121.322869,24.984785],[121.32288,24.98477],[121.322983,24.984629],[121.323075,24.984505],[121.323158,24.984392],[121.323285,24.984224]]]]}},{"type":"Feature","properties":{"NAME":"興邦路","PSTART":"無名路","PEND":"無名路","SW_DIRECT":"1","SW_LENG":25.66,"SW_WTH":1.8,"SWW_WTH":1.8,"SW_RAMP":2,"COUNTY_NA":"桃園市","VILL_NAME":"桃園區"},"geometry":{"type":"MultiPolygon","coordinates":[[[[121.323543,24.983872],[121.323533,24.983872],[121.323524,24.983874],[121.323516,24.983879],[121.323478,24.983932],[121.323396,24.984045],[121.323392,24.984064],[121.323394,24.984076],[121.32341,24.984054],[121.323492,24.983941],[121.323532,24.983887],[121.323543,24.983872]]]]}},{"type":"Feature","properties":{"NAME":"大誠路","PSTART":"無名路","PEND":"無名路","SW_DIRECT":"1","SW_LENG":14.43,"SW_WTH":2.27,"SWW_WTH":2.27,"SW_RAMP":2,"COUNTY_NA":"桃園市","VILL_NAME":"桃園區"},"geometry":{"type":"MultiPolygon","coordinates":[[[[121.3234,24.98379],[121.323395,24.983766],[121.323377,24.983768],[121.323366,24.983767],[121.323354,24.983764],[121.323333,24.983753],[121.323299,24.983731],[121.323277,24.983717],[121.323274,24.983721],[121.323267,24.983734],[121.323268,24.983741],[121.323283,24.98375],[121.323348,24.983783],[121.323364,24.98379],[121.323385,24.983791],[121.3234,24.98379]]]]}},{"type":"Feature","properties":{"NAME":"興邦路","PSTART":"無名路","PEND":"無名路","SW_DIRECT":"1","SW_LENG":180.6,"SW_WTH":1.65,"SWW_WTH":1.65,"SW_RAMP":2,"COUNTY_NA":"桃園市","VILL_NAME":"桃園區"},"geometry":{"type":"MultiPolygon","coordinates":[[[[121.324591,24.982449],[121.324579,24.982447],[121.324572,24.982448],[121.324481,24.982572],[121.324298,24.98282],[121.324176,24.982986],[121.323965,24.983271],[121.323873,24.983396],[121.323779,24.983522],[121.323584,24.983788],[121.323583,24.983794],[121.323584,24.9838],[121.323589,24.983808],[121.323795,24.983528],[121.323888,24.983402],[121.323981,24.983278],[121.324191,24.982993],[121.324313,24.982827],[121.324496,24.982578],[121.324591,24.982449]]]]}},{"type":"Feature","properties":{"NAME":"興邦路","PSTART":"無名路","PEND":"無名路","SW_DIRECT":"1","SW_LENG":113.56,"SW_WTH":1.65,"SWW_WTH":1.65,"SW_RAMP":2,"COUNTY_NA":"桃園市","VILL_NAME":"桃園區"},"geometry":{"type":"MultiPolygon","coordinates":[[[[121.325257,24.981551],[121.325267,24.981538],[121.325257,24.981538],[121.325248,24.98154],[121.325242,24.981544],[121.325207,24.981591],[121.32508,24.981761],[121.32496,24.981922],[121.324836,24.98209],[121.324742,24.982217],[121.324627,24.982373],[121.324625,24.982376],[121.324625,24.982383],[121.324628,24.982387],[121.324633,24.982393],[121.324642,24.98238],[121.324758,24.982223],[121.324851,24.982096],[121.324976,24.981928],[121.325095,24.981767],[121.325222,24.981597],[121.325257,24.981551]]]]}},{"type":"Feature","properties":{"NAME":"興邦路","PSTART":"興邦路","PEND":"無名路","SW_DIRECT":"1","SW_LENG":31.58,"SW_WTH":1.65,"SWW_WTH":1.65,"SW_RAMP":2,"COUNTY_NA":"桃園市","VILL_NAME":"桃園區"},"geometry":{"type":"MultiPolygon","coordinates":[[[[121.325492,24.981233],[121.325483,24.981231],[121.325475,24.981232],[121.325471,24.981235],[121.325439,24.981277],[121.325312,24.981449],[121.325308,24.981459],[121.325309,24.981468],[121.325313,24.981474],[121.325327,24.981456],[121.325454,24.981283],[121.325486,24.981241],[121.325492,24.981233]]]]}},{"type":"Feature","properties":{"NAME":"興邦路","PSTART":"興邦路","PEND":"無名路","SW_DIRECT":"1","SW_LENG":33.07,"SW_WTH":1.65,"SWW_WTH":1.65,"SW_RAMP":2,"COUNTY_NA":"桃園市","VILL_NAME":"桃園區"},"geometry":{"type":"MultiPolygon","coordinates":[[[[121.325721,24.98092],[121.325732,24.980905],[121.325721,24.980905],[121.325712,24.98091],[121.325706,24.980914],[121.325614,24.981039],[121.325541,24.981142],[121.32554,24.981146],[121.32554,24.981151],[121.325544,24.981165],[121.325556,24.981148],[121.325629,24.981045],[121.325721,24.98092]]]]}},{"type":"Feature","properties":{"NAME":"興華路","PSTART":"興華路","PEND":"興華路11","SW_DIRECT":"1","SW_LENG":51.19,"SW_WTH":3.44,"SWW_WTH":3.44,"SW_RAMP":2,"COUNTY_NA":"桃園市","VILL_NAME":"桃園區"},"geometry":{"type":"MultiPolygon","coordinates":[[[[121.324091,24.979275],[121.324067,24.979265],[121.324054,24.979268],[121.32404,24.979287],[121.324003,24.979337],[121.323932,24.979433],[121.323865,24.979523],[121.323779,24.979642],[121.323806,24.979661],[121.323894,24.97954],[121.32396,24.97945],[121.324031,24.979354],[121.324068,24.979305],[121.324082,24.979286],[121.324091,24.979275]]]]}},{"type":"Feature","properties":{"NAME":"興華路","PSTART":"興華路","PEND":"興華路8","SW_DIRECT":"1","SW_LENG":51.01,"SW_WTH":3.44,"SWW_WTH":3.44,"SW_RAMP":2,"COUNTY_NA":"桃園市","VILL_NAME":"桃園區"},"geometry":{"type":"MultiPolygon","coordinates":[[[[121.323748,24.979739],[121.323729,24.979728],[121.323713,24.97973],[121.323646,24.979819],[121.323611,24.979868],[121.323537,24.979968],[121.323455,24.98008],[121.323438,24.980103],[121.323465,24.980122],[121.323483,24.980098],[121.323566,24.979985],[121.323639,24.979886],[121.323675,24.979837],[121.323741,24.979747],[121.323748,24.979739]]]]}},{"type":"Feature","properties":{"NAME":"興華路","PSTART":"興華路","PEND":"興華路12","SW_DIRECT":"1","SW_LENG":10.99,"SW_WTH":3.44,"SWW_WTH":3.44,"SW_RAMP":2,"COUNTY_NA":"桃園市","VILL_NAME":"桃園區"},"geometry":{"type":"MultiPolygon","coordinates":[[[[121.323396,24.980179],[121.323384,24.980176],[121.323329,24.980251],[121.323329,24.980252],[121.323329,24.980256],[121.323332,24.98026],[121.323353,24.980275],[121.323358,24.980268],[121.323413,24.980193],[121.323396,24.980179]]]]}},{"type":"Feature","properties":{"NAME":"興華路","PSTART":"興華路","PEND":"興華路13","SW_DIRECT":"1","SW_LENG":16.67,"SW_WTH":3.5,"SWW_WTH":3.5,"SW_RAMP":2,"COUNTY_NA":"桃園市","VILL_NAME":"桃園區"},"geometry":{"type":"MultiPolygon","coordinates":[[[[121.323364,24.980017],[121.323348,24.980007],[121.323347,24.980008],[121.323255,24.980134],[121.32327,24.98014],[121.323289,24.980144],[121.323376,24.980026],[121.323364,24.980017]]]]}},{"type":"Feature","properties":{"NAME":"興華路","PSTART":"興華路","PEND":"興華路14","SW_DIRECT":"1","SW_LENG":43.38,"SW_WTH":3.5,"SWW_WTH":3.5,"SW_RAMP":2,"COUNTY_NA":"桃園市","VILL_NAME":"桃園區"},"geometry":{"type":"MultiPolygon","coordinates":[[[[121.323665,24.979603],[121.323653,24.979593],[121.32365,24.979598],[121.323584,24.979688],[121.323509,24.979789],[121.323415,24.979916],[121.323411,24.979921],[121.323426,24.979928],[121.323443,24.979934],[121.323538,24.979806],[121.323612,24.979706],[121.323679,24.979615],[121.323665,24.979603]]]]}},{"type":"Feature","properties":{"NAME":"興華路","PSTART":"興華路","PEND":"興華路17","SW_DIRECT":"1","SW_LENG":27.6,"SW_WTH":3.5,"SWW_WTH":3.5,"SW_RAMP":2,"COUNTY_NA":"桃園市","VILL_NAME":"桃園區"},"geometry":{"type":"MultiPolygon","coordinates":[[[[121.323881,24.979312],[121.323867,24.979304],[121.323771,24.979435],[121.323716,24.979507],[121.323713,24.979511],[121.323728,24.979518],[121.323745,24.979525],[121.323799,24.979453],[121.323896,24.979321],[121.323881,24.979312]]]]}},{"type":"Feature","properties":{"NAME":"興華路","PSTART":"興華路","PEND":"興華路15","SW_DIRECT":"1","SW_LENG":11.39,"SW_WTH":3.5,"SWW_WTH":3.5,"SW_RAMP":2,"COUNTY_NA":"桃園市","VILL_NAME":"桃園區"},"geometry":{"type":"MultiPolygon","coordinates":[[[[121.324015,24.97916],[121.323986,24.979142],[121.323924,24.979226],[121.323923,24.979229],[121.323953,24.979244],[121.324015,24.97916]]]]}},{"type":"Feature","properties":{"NAME":"桃鶯路","PSTART":"桃鶯路","PEND":"桃鶯路","SW_DIRECT":"1","SW_LENG":7.39,"SW_WTH":3.8,"SWW_WTH":3.8,"SW_RAMP":2,"COUNTY_NA":"桃園市","VILL_NAME":"桃園區"},"geometry":{"type":"MultiPolygon","coordinates":[[[[121.32181,24.978679],[121.321767,24.97867],[121.321725,24.978711],[121.321752,24.978735],[121.32181,24.978679]]]]}},{"type":"Feature","properties":{"NAME":"樹仁二街","PSTART":"建新街","PEND":"桃鶯路","SW_DIRECT":"1","SW_LENG":18.22,"SW_WTH":3.13,"SWW_WTH":3.13,"SW_RAMP":2,"COUNTY_NA":"桃園市","VILL_NAME":"桃園區"},"geometry":{"type":"MultiPolygon","coordinates":[[[[121.314744,24.977412],[121.314728,24.977409],[121.314712,24.977419],[121.314725,24.977431],[121.314734,24.977437],[121.314745,24.97744],[121.314871,24.977461],[121.314888,24.977456],[121.3149,24.977448],[121.314904,24.977438],[121.314744,24.977412]]]]}},{"type":"Feature","properties":{"NAME":"延平路","PSTART":"延平路","PEND":"延平路","SW_DIRECT":"1","SW_LENG":93.12,"SW_WTH":1.8,"SWW_WTH":1.8,"SW_RAMP":2,"COUNTY_NA":"桃園市","VILL_NAME":"桃園區"},"geometry":{"type":"MultiPolygon","coordinates":[[[[121.314777,24.975708],[121.314768,24.975707],[121.314763,24.975781],[121.314756,24.975894],[121.31475,24.976],[121.314743,24.976115],[121.314731,24.976304],[121.314723,24.976433],[121.314716,24.97654],[121.314727,24.976547],[121.314735,24.976549],[121.314742,24.976433],[121.314749,24.976305],[121.314761,24.976116],[121.314767,24.976],[121.314774,24.975895],[121.314781,24.975781],[121.314784,24.975729],[121.314775,24.975728],[121.314777,24.975708]]]]}},{"type":"Feature","properties":{"NAME":"大誠路","PSTART":"無名路","PEND":"無名路","SW_DIRECT":"1","SW_LENG":14.31,"SW_WTH":2.53,"SWW_WTH":2.53,"SW_RAMP":2,"COUNTY_NA":"桃園市","VILL_NAME":"桃園區"},"geometry":{"type":"MultiPolygon","coordinates":[[[[121.320965,24.982486],[121.320885,24.982444],[121.320857,24.982454],[121.320971,24.982516],[121.320997,24.982534],[121.320998,24.982533],[121.320991,24.982515],[121.320984,24.982504],[121.320974,24.982493],[121.320965,24.982486]]]]}},{"type":"Feature","properties":{"NAME":"大誠路","PSTART":"無名路","PEND":"大誠路","SW_DIRECT":"1","SW_LENG":26.44,"SW_WTH":2.52,"SWW_WTH":2.52,"SW_RAMP":2,"COUNTY_NA":"桃園市","VILL_NAME":"桃園區"},"geometry":{"type":"MultiPolygon","coordinates":[[[[121.320549,24.982263],[121.320526,24.98226],[121.320519,24.982272],[121.320544,24.982286],[121.320745,24.982394],[121.320752,24.982398],[121.32075,24.98237],[121.320549,24.982263]]]]}},{"type":"Feature","properties":{"NAME":"大誠路","PSTART":"桃鶯路","PEND":"大誠路","SW_DIRECT":"1","SW_LENG":17.6,"SW_WTH":2.48,"SWW_WTH":2.48,"SW_RAMP":2,"COUNTY_NA":"桃園市","VILL_NAME":"桃園區"},"geometry":{"type":"MultiPolygon","coordinates":[[[[121.320421,24.982193],[121.320323,24.98214],[121.320311,24.982144],[121.320305,24.982147],[121.320299,24.982153],[121.320315,24.982162],[121.320413,24.982215],[121.320443,24.982232],[121.32046,24.982241],[121.320462,24.982237],[121.320459,24.982226],[121.32045,24.98221],[121.320421,24.982193]]]]}},{"type":"Feature","properties":{"NAME":"大誠路","PSTART":"桃鶯路","PEND":"大誠路","SW_DIRECT":"1","SW_LENG":15.22,"SW_WTH":2.56,"SWW_WTH":2.56,"SW_RAMP":2,"COUNTY_NA":"桃園市","VILL_NAME":"桃園區"},"geometry":{"type":"MultiPolygon","coordinates":[[[[121.32022,24.982085],[121.320093,24.982016],[121.32008,24.982036],[121.320212,24.982108],[121.32022,24.982085]]]]}},{"type":"Feature","properties":{"NAME":"大誠路","PSTART":"桃鶯路","PEND":"無名路","SW_DIRECT":"1","SW_LENG":43.94,"SW_WTH":2.56,"SWW_WTH":2.56,"SW_RAMP":2,"COUNTY_NA":"桃園市","VILL_NAME":"桃園區"},"geometry":{"type":"MultiPolygon","coordinates":[[[[121.319518,24.981706],[121.319506,24.981702],[121.31949,24.981697],[121.319474,24.981694],[121.319458,24.981693],[121.319428,24.981699],[121.319429,24.981707],[121.31947,24.981704],[121.319487,24.981707],[121.319498,24.981711],[121.319513,24.981719],[121.319508,24.981727],[121.319518,24.981732],[121.319586,24.981769],[121.319738,24.981851],[121.319802,24.981886],[121.319809,24.98189],[121.319812,24.981864],[121.319747,24.98183],[121.319596,24.981747],[121.319526,24.98171],[121.319518,24.981706]]]]}},{"type":"Feature","properties":{"NAME":"大誠路","PSTART":"桃鶯路","PEND":"無名路","SW_DIRECT":"1","SW_LENG":11.89,"SW_WTH":1.93,"SWW_WTH":1.93,"SW_RAMP":2,"COUNTY_NA":"桃園市","VILL_NAME":"桃園區"},"geometry":{"type":"MultiPolygon","coordinates":[[[[121.319657,24.981657],[121.319572,24.981611],[121.319564,24.981617],[121.319562,24.981623],[121.319563,24.981627],[121.319649,24.981674],[121.319655,24.981674],[121.319662,24.981674],[121.319678,24.981669],[121.319657,24.981657]]]]}},{"type":"Feature","properties":{"NAME":"大誠路","PSTART":"桃鶯路","PEND":"大誠路","SW_DIRECT":"1","SW_LENG":7.61,"SW_WTH":1.78,"SWW_WTH":1.78,"SW_RAMP":2,"COUNTY_NA":"桃園市","VILL_NAME":"桃園區"},"geometry":{"type":"MultiPolygon","coordinates":[[[[121.31952,24.981573],[121.319467,24.981536],[121.319465,24.981543],[121.319465,24.981548],[121.319469,24.981554],[121.319474,24.98156],[121.319511,24.981588],[121.319515,24.981589],[121.31952,24.981589],[121.319532,24.981579],[121.31952,24.981573]]]]}},{"type":"Feature","properties":{"NAME":"陽明十二街","PSTART":"陽明十二街","PEND":"陽明十二街","SW_DIRECT":"1","SW_LENG":38.11,"SW_WTH":4.0,"SWW_WTH":4.0,"SW_RAMP":2,"COUNTY_NA":"桃園市","VILL_NAME":"桃園區"},"geometry":{"type":"MultiPolygon","coordinates":[[[[121.309985,24.978919],[121.309937,24.978909],[121.309951,24.978936],[121.310135,24.97922],[121.310169,24.979202],[121.309985,24.978919]]]]}},{"type":"Feature","properties":{"NAME":"陽明十一街","PSTART":"陽明十一街","PEND":"陽明十二街","SW_DIRECT":"1","SW_LENG":78.12,"SW_WTH":4.85,"SWW_WTH":4.85,"SW_RAMP":2,"COUNTY_NA":"桃園市","VILL_NAME":"桃園區"},"geometry":{"type":"MultiPolygon","coordinates":[[[[121.310135,24.97922],[121.310111,24.979182],[121.309468,24.97951],[121.309428,24.979546],[121.309475,24.979557],[121.310135,24.97922]]]]}},{"type":"Feature","properties":{"NAME":"陽明二街","PSTART":"陽明二街","PEND":"陽明二街","SW_DIRECT":"1","SW_LENG":13.31,"SW_WTH":6.37,"SWW_WTH":6.37,"SW_RAMP":2,"COUNTY_NA":"桃園市","VILL_NAME":"桃園區"},"geometry":{"type":"MultiPolygon","coordinates":[[[[121.309473,24.979508],[121.309425,24.979427],[121.309387,24.979451],[121.309375,24.979433],[121.309357,24.979442],[121.309428,24.979546],[121.309468,24.97951],[121.309473,24.979508]]]]}},{"type":"Feature","properties":{"NAME":"陽明十街","PSTART":"陽明十街","PEND":"陽明十二街","SW_DIRECT":"1","SW_LENG":29.29,"SW_WTH":3.52,"SWW_WTH":3.52,"SW_RAMP":2,"COUNTY_NA":"桃園市","VILL_NAME":"桃園區"},"geometry":{"type":"MultiPolygon","coordinates":[[[[121.309937,24.978909],[121.309935,24.978908],[121.309915,24.978919],[121.309683,24.979038],[121.3097,24.979066],[121.309951,24.978937],[121.309951,24.978936],[121.309937,24.978909]]]]}},{"type":"Feature","properties":{"NAME":"陽明十一街","PSTART":"陽明十一街","PEND":"陽明十二街","SW_DIRECT":"1","SW_LENG":34.4,"SW_WTH":4.0,"SWW_WTH":4.0,"SW_RAMP":2,"COUNTY_NA":"桃園市","VILL_NAME":"桃園區"},"geometry":{"type":"MultiPolygon","coordinates":[[[[121.30974,24.978547],[121.309692,24.978535],[121.309704,24.978561],[121.309706,24.978566],[121.309782,24.978679],[121.309872,24.978818],[121.309906,24.978799],[121.309816,24.97866],[121.309814,24.978658],[121.30976,24.978577],[121.309756,24.978571],[121.309747,24.978558],[121.30974,24.978547]]]]}},{"type":"Feature","properties":{"NAME":"福吉一街","PSTART":"福吉一街","PEND":"福吉一街","SW_DIRECT":"1","SW_LENG":84.84,"SW_WTH":1.98,"SWW_WTH":1.98,"SW_RAMP":2,"COUNTY_NA":"桃園市","VILL_NAME":"桃園區"},"geometry":{"type":"MultiPolygon","coordinates":[[[[121.312932,24.986676],[121.312906,24.986662],[121.312882,24.986674],[121.312722,24.986649],[121.312456,24.986597],[121.312391,24.986585],[121.312369,24.986559],[121.31242,24.986346],[121.312392,24.986341],[121.312341,24.98656],[121.312342,24.986562],[121.312367,24.986598],[121.312368,24.986599],[121.312507,24.986626],[121.312813,24.986685],[121.312884,24.986699],[121.312888,24.986699],[121.312891,24.986698],[121.312932,24.986676]]]]}},{"type":"Feature","properties":{"NAME":"福吉三街","PSTART":"福吉三街","PEND":"福吉三街","SW_DIRECT":"1","SW_LENG":55.04,"SW_WTH":2.64,"SWW_WTH":2.64,"SW_RAMP":2,"COUNTY_NA":"桃園市","VILL_NAME":"桃園區"},"geometry":{"type":"MultiPolygon","coordinates":[[[[121.313014,24.986346],[121.313054,24.986183],[121.313027,24.986186],[121.313026,24.986194],[121.31294,24.986534],[121.312906,24.986662],[121.312932,24.986676],[121.313014,24.986346]]]]}},{"type":"Feature","properties":{"NAME":"福吉二街","PSTART":"福吉二街","PEND":"福吉二街","SW_DIRECT":"1","SW_LENG":85.08,"SW_WTH":2.08,"SWW_WTH":2.08,"SW_RAMP":2,"COUNTY_NA":"桃園市","VILL_NAME":"桃園區"},"geometry":{"type":"MultiPolygon","coordinates":[[[[121.31246,24.986157],[121.312506,24.98612],[121.313007,24.986163],[121.313027,24.986186],[121.313054,24.986183],[121.313029,24.986147],[121.313026,24.986146],[121.312802,24.986126],[121.312489,24.9861],[121.312486,24.9861],[121.312439,24.986141],[121.312392,24.986341],[121.31242,24.986346],[121.31246,24.986157]]]]}},{"type":"Feature","properties":{"NAME":"萬壽路三段","PSTART":"大同路","PEND":"山鶯路6","SW_DIRECT":"2","SW_LENG":26.19,"SW_WTH":4.37,"SWW_WTH":4.37,"SW_RAMP":2,"COUNTY_NA":"桃園市","VILL_NAME":"桃園區"},"geometry":{"type":"MultiPolygon","coordinates":[[[[121.321412,24.991681],[121.321409,24.991681],[121.321401,24.991682],[121.321396,24.991684],[121.32139,24.991689],[121.321383,24.991699],[121.321377,24.991712],[121.321626,24.991791],[121.32163,24.991774],[121.321631,24.991763],[121.321629,24.991758],[121.321622,24.991748],[121.321453,24.991694],[121.321412,24.991681]]]]}},{"type":"Feature","properties":{"NAME":"萬壽路三段","PSTART":"大同路","PEND":"山鶯路4","SW_DIRECT":"2","SW_LENG":204.16,"SW_WTH":4.21,"SWW_WTH":4.21,"SW_RAMP":2,"COUNTY_NA":"桃園市","VILL_NAME":"桃園區"},"geometry":{"type":"MultiPolygon","coordinates":[[[[121.319415,24.991044],[121.319413,24.991043],[121.319402,24.991046],[121.319395,24.99105],[121.319372,24.991076],[121.319433,24.991088],[121.319563,24.991124],[121.319698,24.991168],[121.319923,24.991238],[121.320145,24.991313],[121.320448,24.991409],[121.32086,24.991544],[121.32117,24.991646],[121.321292,24.991686],[121.321299,24.991661],[121.321301,24.991654],[121.3213,24.991648],[121.321298,24.991644],[121.321205,24.991615],[121.321109,24.991583],[121.320901,24.991516],[121.320612,24.991421],[121.320324,24.991327],[121.320022,24.99123],[121.319684,24.991122],[121.319517,24.991069],[121.319415,24.991044]]]]}},{"type":"Feature","properties":{"NAME":"復興路","PSTART":"復興路","PEND":"復興路","SW_DIRECT":"1","SW_LENG":23.07,"SW_WTH":4.33,"SWW_WTH":4.33,"SW_RAMP":2,"COUNTY_NA":"桃園市","VILL_NAME":"桃園區"},"geometry":{"type":"MultiPolygon","coordinates":[[[[121.318697,24.990944],[121.318696,24.990944],[121.318682,24.990979],[121.318816,24.990991],[121.318912,24.991002],[121.318913,24.991002],[121.318915,24.990989],[121.318914,24.990979],[121.318912,24.990972],[121.318901,24.990962],[121.318897,24.990962],[121.318796,24.99095],[121.318701,24.990944],[121.318697,24.990944]]]]}},{"type":"Feature","properties":{"NAME":"復興路","PSTART":"復興路","PEND":"復興路","SW_DIRECT":"1","SW_LENG":28.52,"SW_WTH":4.32,"SWW_WTH":4.32,"SW_RAMP":2,"COUNTY_NA":"桃園市","VILL_NAME":"桃園區"},"geometry":{"type":"MultiPolygon","coordinates":[[[[121.318999,24.990976],[121.31898,24.990973],[121.318974,24.990974],[121.318967,24.990978],[121.318961,24.990985],[121.318957,24.991008],[121.319021,24.991018],[121.319251,24.991057],[121.319236,24.991023],[121.319231,24.991016],[121.319225,24.991011],[121.319184,24.991004],[121.318999,24.990976]]]]}},{"type":"Feature","properties":{"NAME":"萬壽路三段","PSTART":"大同路","PEND":"山鶯路5","SW_DIRECT":"2","SW_LENG":98.47,"SW_WTH":4.28,"SWW_WTH":4.28,"SW_RAMP":2,"COUNTY_NA":"桃園市","VILL_NAME":"桃園區"},"geometry":{"type":"MultiPolygon","coordinates":[[[[121.321737,24.991785],[121.321715,24.991778],[121.321713,24.991778],[121.321706,24.991778],[121.321701,24.991779],[121.321697,24.991781],[121.321692,24.991785],[121.321678,24.991807],[121.321978,24.991906],[121.322416,24.992052],[121.322512,24.992083],[121.322597,24.992112],[121.322612,24.992075],[121.322526,24.992047],[121.322029,24.991882],[121.321737,24.991785]]]]}},{"type":"Feature","properties":{"NAME":"萬壽路二段","PSTART":"萬壽路二段","PEND":"萬壽路二段","SW_DIRECT":"1","SW_LENG":71.93,"SW_WTH":4.54,"SWW_WTH":4.54,"SW_RAMP":2,"COUNTY_NA":"桃園市","VILL_NAME":"桃園區"},"geometry":{"type":"MultiPolygon","coordinates":[[[[121.322878,24.992163],[121.322612,24.992075],[121.322597,24.992112],[121.322811,24.992184],[121.322993,24.992244],[121.323192,24.992311],[121.323286,24.992341],[121.323276,24.992311],[121.323272,24.992303],[121.323266,24.992295],[121.323255,24.992287],[121.32317,24.99226],[121.322878,24.992163]]]]}},{"type":"Feature","properties":{"NAME":"延平路","PSTART":"延平路","PEND":"延平路","SW_DIRECT":"1","SW_LENG":50.24,"SW_WTH":4.54,"SWW_WTH":4.54,"SW_RAMP":2,"COUNTY_NA":"桃園市","VILL_NAME":"桃園區"},"geometry":{"type":"MultiPolygon","coordinates":[[[[121.314145,24.987915],[121.314101,24.987901],[121.314051,24.988037],[121.313954,24.988305],[121.313944,24.988332],[121.313986,24.988344],[121.314145,24.987915]]]]}},{"type":"Feature","properties":{"NAME":"延平路","PSTART":"延平路","PEND":"延平路","SW_DIRECT":"1","SW_LENG":16.29,"SW_WTH":5.24,"SWW_WTH":5.24,"SW_RAMP":2,"COUNTY_NA":"桃園市","VILL_NAME":"桃園區"},"geometry":{"type":"MultiPolygon","coordinates":[[[[121.314226,24.987722],[121.314205,24.987716],[121.314161,24.987736],[121.314151,24.987764],[121.314121,24.987846],[121.314168,24.98786],[121.314226,24.987722]]]]}},{"type":"Feature","properties":{"NAME":"大林路","PSTART":"大林路","PEND":"大林路","SW_DIRECT":"1","SW_LENG":26.22,"SW_WTH":3.4,"SWW_WTH":3.4,"SW_RAMP":2,"COUNTY_NA":"桃園市","VILL_NAME":"桃園區"},"geometry":{"type":"MultiPolygon","coordinates":[[[[121.314457,24.987782],[121.314226,24.987722],[121.314213,24.987751],[121.314463,24.987815],[121.314468,24.987804],[121.314457,24.987782]]]]}},{"type":"Feature","properties":{"NAME":"南山街","PSTART":"南山街","PEND":"南山街_4B","SW_DIRECT":"1","SW_LENG":121.67,"SW_WTH":2.01,"SWW_WTH":2.01,"SW_RAMP":2,"COUNTY_NA":"桃園市","VILL_NAME":"桃園區"},"geometry":{"type":"MultiPolygon","coordinates":[[[[121.304307,24.984885],[121.304289,24.984884],[121.304283,24.984957],[121.304278,24.985022],[121.304273,24.985067],[121.304269,24.985121],[121.304266,24.985155],[121.304261,24.985216],[121.304256,24.985267],[121.304253,24.985314],[121.304248,24.985364],[121.304245,24.985408],[121.30424,24.985462],[121.304237,24.985497],[121.304235,24.98552],[121.304232,24.985555],[121.304231,24.985574],[121.304228,24.98561],[121.304225,24.985644],[121.304222,24.985669],[121.304219,24.985704],[121.304217,24.985728],[121.304214,24.985765],[121.304209,24.985825],[121.304205,24.985878],[121.304197,24.985969],[121.304196,24.98598],[121.304218,24.985981],[121.30422,24.985952],[121.304222,24.985933],[121.304226,24.985885],[121.304229,24.985841],[121.304231,24.985815],[121.304234,24.985782],[121.304238,24.985737],[121.30424,24.985711],[121.304242,24.985685],[121.304246,24.985633],[121.30425,24.985581],[121.304256,24.985513],[121.304264,24.985419],[121.304264,24.985409],[121.304266,24.985388],[121.304268,24.985362],[121.304272,24.985322],[121.304274,24.985297],[121.304276,24.985267],[121.30428,24.985223],[121.304282,24.985191],[121.304284,24.985167],[121.304287,24.985136],[121.304291,24.985088],[121.304294,24.985048],[121.304298,24.985004],[121.304302,24.984958],[121.304307,24.984885]]]]}},{"type":"Feature","properties":{"NAME":"金華街","PSTART":"金華街","PEND":"金華街","SW_DIRECT":"1","SW_LENG":76.83,"SW_WTH":5.48,"SWW_WTH":5.48,"SW_RAMP":2,"COUNTY_NA":"桃園市","VILL_NAME":"桃園區"},"geometry":{"type":"MultiPolygon","coordinates":[[[[121.30724,24.994323],[121.307057,24.994229],[121.307037,24.99426],[121.307044,24.994264],[121.307041,24.994269],[121.307041,24.994274],[121.307083,24.994296],[121.307137,24.994324],[121.307222,24.994369],[121.307298,24.99441],[121.307385,24.994455],[121.307439,24.994484],[121.307526,24.99453],[121.307602,24.994571],[121.307672,24.994608],[121.307701,24.9946],[121.307704,24.994595],[121.307709,24.994586],[121.307718,24.994573],[121.307612,24.994517],[121.307488,24.994452],[121.307359,24.994384],[121.30729,24.994349],[121.30724,24.994323]]]]}},{"type":"Feature","properties":{"NAME":"民權路","PSTART":"民權路","PEND":"民權路_8B","SW_DIRECT":"1","SW_LENG":51.52,"SW_WTH":1.68,"SWW_WTH":1.68,"SW_RAMP":2,"COUNTY_NA":"桃園市","VILL_NAME":"桃園區"},"geometry":{"type":"MultiPolygon","coordinates":[[[[121.311321,24.991442],[121.311305,24.991437],[121.311281,24.9915],[121.311272,24.991524],[121.311235,24.99162],[121.311198,24.991718],[121.311164,24.991809],[121.311138,24.991876],[121.311167,24.991886],[121.311178,24.991856],[121.311171,24.991835],[121.311194,24.991774],[121.311218,24.991712],[121.311235,24.991666],[121.311247,24.991635],[121.311259,24.991605],[121.31127,24.991574],[121.311282,24.991544],[121.311292,24.991519],[121.31132,24.991445],[121.311321,24.991442]]]]}},{"type":"Feature","properties":{"NAME":"民族路","PSTART":"民族路","PEND":"民族路_3B","SW_DIRECT":"1","SW_LENG":13.42,"SW_WTH":4.0,"SWW_WTH":4.0,"SW_RAMP":2,"COUNTY_NA":"桃園市","VILL_NAME":"桃園區"},"geometry":{"type":"MultiPolygon","coordinates":[[[[121.309127,24.992444],[121.30909,24.992433],[121.309077,24.992458],[121.309048,24.992514],[121.309035,24.992541],[121.309072,24.992557],[121.309115,24.992466],[121.309127,24.992444]]]]}},{"type":"Feature","properties":{"NAME":"朝陽街","PSTART":"鎮撫街","PEND":"三民路二段6","SW_DIRECT":"1","SW_LENG":64.92,"SW_WTH":4.01,"SWW_WTH":4.01,"SW_RAMP":2,"COUNTY_NA":"桃園市","VILL_NAME":"桃園區"},"geometry":{"type":"MultiPolygon","coordinates":[[[[121.31304,24.997617],[121.313031,24.997615],[121.313029,24.997621],[121.313022,24.997641],[121.313028,24.997646],[121.313027,24.997664],[121.313017,24.997698],[121.313013,24.997714],[121.313006,24.997736],[121.312984,24.997806],[121.31297,24.997844],[121.312954,24.99789],[121.312947,24.997913],[121.312942,24.997936],[121.312939,24.997961],[121.312947,24.998012],[121.312952,24.998046],[121.312957,24.998078],[121.312961,24.998109],[121.312967,24.998144],[121.312973,24.998159],[121.312977,24.998198],[121.313018,24.998193],[121.313014,24.998172],[121.313004,24.998124],[121.312997,24.998091],[121.312996,24.998083],[121.312992,24.998047],[121.312989,24.998021],[121.312989,24.998007],[121.312989,24.99799],[121.312991,24.997972],[121.312993,24.997946],[121.312996,24.997925],[121.312999,24.997909],[121.313003,24.997886],[121.313005,24.997872],[121.313007,24.997858],[121.313009,24.997846],[121.313011,24.997834],[121.313018,24.99781],[121.313024,24.997788],[121.313034,24.997755],[121.313042,24.997727],[121.31305,24.9977],[121.313056,24.997678],[121.313062,24.997657],[121.313062,24.997654],[121.31305,24.997634],[121.31304,24.997617]]]]}},{"type":"Feature","properties":{"NAME":"樹仁二街","PSTART":"建新街","PEND":"桃鶯路","SW_DIRECT":"2","SW_LENG":171.8,"SW_WTH":3.2,"SWW_WTH":3.2,"SW_RAMP":2,"COUNTY_NA":"桃園市","VILL_NAME":"桃園區"},"geometry":{"type":"MultiPolygon","coordinates":[[[[121.313297,24.977312],[121.313105,24.977279],[121.312974,24.977257],[121.312965,24.977258],[121.312897,24.97727],[121.31278,24.977294],[121.312773,24.977303],[121.312768,24.977314],[121.312767,24.977327],[121.312904,24.977299],[121.31297,24.977286],[121.312972,24.977286],[121.3131,24.977307],[121.313291,24.97734],[121.313496,24.977375],[121.313751,24.977419],[121.31397,24.977456],[121.314199,24.977495],[121.314353,24.977521],[121.314452,24.97754],[121.314432,24.97751],[121.314421,24.977504],[121.314359,24.977493],[121.314205,24.977467],[121.313976,24.977428],[121.313757,24.97739],[121.313502,24.977347],[121.313297,24.977312]]]]}},{"type":"Feature","properties":{"NAME":"樹仁二街","PSTART":"建新街","PEND":"桃鶯路","SW_DIRECT":"1","SW_LENG":74.28,"SW_WTH":3.51,"SWW_WTH":3.51,"SW_RAMP":2,"COUNTY_NA":"桃園市","VILL_NAME":"桃園區"},"geometry":{"type":"MultiPolygon","coordinates":[[[[121.313193,24.977142],[121.312971,24.977104],[121.312871,24.977123],[121.312715,24.977154],[121.312623,24.977172],[121.312625,24.977177],[121.312627,24.977181],[121.312631,24.977185],[121.312635,24.977189],[121.312639,24.977191],[121.312643,24.977193],[121.312652,24.977196],[121.31266,24.977197],[121.312723,24.977185],[121.312879,24.977154],[121.312972,24.977137],[121.313186,24.977173],[121.313318,24.977195],[121.313318,24.977195],[121.313337,24.977194],[121.313352,24.977183],[121.31336,24.97717],[121.313193,24.977142]]]]}},{"type":"Feature","properties":{"NAME":"樹仁二街","PSTART":"建新街","PEND":"桃鶯路","SW_DIRECT":"2","SW_LENG":233.66,"SW_WTH":3.22,"SWW_WTH":3.22,"SW_RAMP":2,"COUNTY_NA":"桃園市","VILL_NAME":"桃園區"},"geometry":{"type":"MultiPolygon","coordinates":[[[[121.31271,24.977312],[121.312697,24.97731],[121.312616,24.977326],[121.312299,24.977387],[121.312036,24.977437],[121.311787,24.977486],[121.311556,24.977531],[121.311238,24.977593],[121.311087,24.977622],[121.310862,24.977666],[121.310725,24.977692],[121.31054,24.977728],[121.310491,24.977737],[121.310466,24.977749],[121.310458,24.977761],[121.310453,24.977775],[121.310484,24.977769],[121.310553,24.977755],[121.310738,24.977719],[121.310875,24.977693],[121.3111,24.97765],[121.311251,24.97762],[121.311569,24.977558],[121.311801,24.977513],[121.312049,24.977464],[121.312312,24.977414],[121.312629,24.977353],[121.312728,24.977334],[121.312721,24.977322],[121.31271,24.977312]]]]}},{"type":"Feature","properties":{"NAME":"樹仁二街","PSTART":"建新街","PEND":"桃鶯路","SW_DIRECT":"1","SW_LENG":221.23,"SW_WTH":3.35,"SWW_WTH":3.35,"SW_RAMP":2,"COUNTY_NA":"桃園市","VILL_NAME":"桃園區"},"geometry":{"type":"MultiPolygon","coordinates":[[[[121.312573,24.977186],[121.312572,24.977181],[121.312382,24.97722],[121.312108,24.977273],[121.311628,24.977366],[121.311123,24.977464],[121.310934,24.9775],[121.310669,24.977551],[121.310454,24.977592],[121.310437,24.977596],[121.310419,24.977599],[121.310427,24.977612],[121.310438,24.97762],[121.310453,24.977623],[121.310468,24.97762],[121.310683,24.977579],[121.310948,24.977528],[121.311137,24.977492],[121.311642,24.977394],[121.312123,24.977301],[121.312396,24.977248],[121.312547,24.977219],[121.312556,24.977214],[121.31256,24.977211],[121.312563,24.977208],[121.312567,24.977205],[121.312569,24.977201],[121.312571,24.977197],[121.312572,24.977192],[121.312573,24.977186]]]]}},{"type":"Feature","properties":{"NAME":"建國東路","PSTART":"建國東路","PEND":"建國東路_10B","SW_DIRECT":"1","SW_LENG":84.05,"SW_WTH":2.71,"SWW_WTH":2.71,"SW_RAMP":2,"COUNTY_NA":"桃園市","VILL_NAME":"桃園區"},"geometry":{"type":"MultiPolygon","coordinates":[[[[121.319686,24.986039],[121.319488,24.986027],[121.319181,24.98601],[121.319106,24.986004],[121.319102,24.986033],[121.319108,24.986034],[121.319108,24.986034],[121.319161,24.986036],[121.319182,24.986034],[121.319301,24.986041],[121.319627,24.98606],[121.31982,24.98607],[121.319912,24.986074],[121.319919,24.986074],[121.319924,24.986073],[121.319928,24.986069],[121.319933,24.986064],[121.319935,24.986061],[121.319917,24.986049],[121.319816,24.986046],[121.319686,24.986039]]]]}},{"type":"Feature","properties":{"NAME":"建國東路","PSTART":"建國東路","PEND":"建國東路_6B","SW_DIRECT":"1","SW_LENG":34.34,"SW_WTH":2.66,"SWW_WTH":2.66,"SW_RAMP":2,"COUNTY_NA":"桃園市","VILL_NAME":"桃園區"},"geometry":{"type":"MultiPolygon","coordinates":[[[[121.319498,24.986163],[121.319239,24.986148],[121.319236,24.98615],[121.319229,24.986156],[121.319227,24.986161],[121.319227,24.986166],[121.319227,24.98617],[121.319228,24.986172],[121.319496,24.986187],[121.319559,24.98619],[121.319573,24.986191],[121.31956,24.986166],[121.319498,24.986163]]]]}},{"type":"Feature","properties":{"NAME":"樹仁二街","PSTART":"建新街","PEND":"桃鶯路","SW_DIRECT":"1","SW_LENG":76.96,"SW_WTH":2.01,"SWW_WTH":2.01,"SW_RAMP":2,"COUNTY_NA":"桃園市","VILL_NAME":"桃園區"},"geometry":{"type":"MultiPolygon","coordinates":[[[[121.321269,24.978244],[121.32114,24.978228],[121.321142,24.978232],[121.321155,24.978246],[121.321168,24.97825],[121.321268,24.978262],[121.321428,24.978282],[121.321667,24.978312],[121.321879,24.978339],[121.321889,24.978339],[121.321906,24.978337],[121.321902,24.978325],[121.321835,24.978317],[121.321668,24.978294],[121.321429,24.978264],[121.321269,24.978244]]]]}},{"type":"Feature","properties":{"NAME":"樹仁二街","PSTART":"建新街","PEND":"桃鶯路","SW_DIRECT":"1","SW_LENG":14.34,"SW_WTH":1.84,"SWW_WTH":1.84,"SW_RAMP":2,"COUNTY_NA":"桃園市","VILL_NAME":"桃園區"},"geometry":{"type":"MultiPolygon","coordinates":[[[[121.321014,24.978213],[121.320858,24.978194],[121.320861,24.978202],[121.320868,24.978209],[121.320877,24.978213],[121.32099,24.978227],[121.321014,24.978213]]]]}},{"type":"Feature","properties":{"NAME":"樹仁二街","PSTART":"建新街","PEND":"桃鶯路","SW_DIRECT":"1","SW_LENG":13.13,"SW_WTH":2.08,"SWW_WTH":2.08,"SW_RAMP":2,"COUNTY_NA":"桃園市","VILL_NAME":"桃園區"},"geometry":{"type":"MultiPolygon","coordinates":[[[[121.32075,24.978178],[121.320615,24.978162],[121.320615,24.978169],[121.320618,24.978173],[121.320624,24.978179],[121.320628,24.978181],[121.320634,24.978183],[121.320734,24.978195],[121.320743,24.978189],[121.320748,24.978184],[121.32075,24.978178]]]]}},{"type":"Feature","properties":{"NAME":"樹仁二街","PSTART":"建新街","PEND":"桃鶯路","SW_DIRECT":"1","SW_LENG":15.67,"SW_WTH":2.0,"SWW_WTH":2.0,"SW_RAMP":2,"COUNTY_NA":"桃園市","VILL_NAME":"桃園區"},"geometry":{"type":"MultiPolygon","coordinates":[[[[121.320037,24.978092],[121.320025,24.978091],[121.320032,24.978103],[121.320041,24.978111],[121.320182,24.978127],[121.320185,24.97811],[121.320037,24.978092]]]]}},{"type":"Feature","properties":{"NAME":"樹仁二街","PSTART":"建新街","PEND":"桃鶯路","SW_DIRECT":"1","SW_LENG":13.43,"SW_WTH":1.95,"SWW_WTH":1.95,"SW_RAMP":2,"COUNTY_NA":"桃園市","VILL_NAME":"桃園區"},"geometry":{"type":"MultiPolygon","coordinates":[[[[121.320392,24.978134],[121.320255,24.978118],[121.320253,24.978135],[121.320377,24.97815],[121.320387,24.978141],[121.320392,24.978134]]]]}},{"type":"Feature","properties":{"NAME":"興隆路","PSTART":"興隆路","PEND":"興隆路","SW_DIRECT":"1","SW_LENG":45.26,"SW_WTH":2.24,"SWW_WTH":2.24,"SW_RAMP":2,"COUNTY_NA":"桃園市","VILL_NAME":"桃園區"},"geometry":{"type":"MultiPolygon","coordinates":[[[[121.32018,24.985718],[121.320169,24.985711],[121.320166,24.985715],[121.320157,24.985728],[121.3201,24.985805],[121.320035,24.985894],[121.319983,24.985964],[121.319953,24.986004],[121.319917,24.986049],[121.319935,24.986061],[121.319971,24.986015],[121.320001,24.985975],[121.320053,24.985905],[121.320119,24.985816],[121.320176,24.985738],[121.320184,24.985727],[121.320184,24.985722],[121.32018,24.985718]]]]}},{"type":"Feature","properties":{"NAME":"興隆路","PSTART":"興隆路","PEND":"興隆路","SW_DIRECT":"1","SW_LENG":68.08,"SW_WTH":2.3,"SWW_WTH":2.3,"SW_RAMP":2,"COUNTY_NA":"桃園市","VILL_NAME":"桃園區"},"geometry":{"type":"MultiPolygon","coordinates":[[[[121.320448,24.985515],[121.32044,24.985514],[121.320432,24.985516],[121.320342,24.985638],[121.320328,24.985657],[121.320224,24.985797],[121.320163,24.985879],[121.320149,24.9859],[121.320142,24.985914],[121.320136,24.985933],[121.320133,24.985948],[121.320133,24.985965],[121.320134,24.985988],[121.32014,24.986014],[121.320146,24.986028],[121.320155,24.986042],[121.320183,24.986043],[121.320168,24.986014],[121.320159,24.985987],[121.320157,24.985968],[121.320156,24.98595],[121.320159,24.985937],[121.320164,24.985921],[121.320169,24.985909],[121.320182,24.985891],[121.320243,24.985808],[121.320347,24.985668],[121.320361,24.985649],[121.320451,24.985528],[121.320459,24.985518],[121.320448,24.985515]]]]}},{"type":"Feature","properties":{"NAME":"興邦路","PSTART":"興邦路","PEND":"興邦路","SW_DIRECT":"1","SW_LENG":33.22,"SW_WTH":2.99,"SWW_WTH":2.99,"SW_RAMP":2,"COUNTY_NA":"桃園市","VILL_NAME":"桃園區"},"geometry":{"type":"MultiPolygon","coordinates":[[[[121.321868,24.985926],[121.321857,24.985892],[121.321843,24.985911],[121.321824,24.985938],[121.321778,24.986],[121.321725,24.986072],[121.32171,24.986092],[121.321695,24.986112],[121.321687,24.986121],[121.321681,24.986125],[121.321663,24.986137],[121.321674,24.986159],[121.321697,24.986148],[121.321708,24.98614],[121.321719,24.986128],[121.321734,24.986107],[121.321749,24.986087],[121.321803,24.986015],[121.321848,24.985953],[121.321868,24.985926]]]]}},{"type":"Feature","properties":{"NAME":"興邦路","PSTART":"興邦路","PEND":"興邦路","SW_DIRECT":"1","SW_LENG":105.44,"SW_WTH":1.8,"SWW_WTH":1.8,"SW_RAMP":2,"COUNTY_NA":"桃園市","VILL_NAME":"桃園區"},"geometry":{"type":"MultiPolygon","coordinates":[[[[121.322388,24.98542],[121.322383,24.985419],[121.322377,24.985421],[121.322375,24.985423],[121.322259,24.985581],[121.322133,24.985751],[121.322044,24.985873],[121.321985,24.985952],[121.321924,24.986036],[121.321882,24.986093],[121.321886,24.986126],[121.321897,24.986197],[121.321899,24.986205],[121.321903,24.986212],[121.321919,24.986233],[121.321933,24.986223],[121.321918,24.986203],[121.321916,24.986199],[121.321914,24.986194],[121.321904,24.986124],[121.3219,24.986097],[121.321938,24.986045],[121.322,24.985961],[121.322059,24.985882],[121.322148,24.985761],[121.322274,24.98559],[121.32239,24.985432],[121.322396,24.985425],[121.322388,24.98542]]]]}},{"type":"Feature","properties":{"NAME":"興邦路","PSTART":"興邦路","PEND":"興邦路","SW_DIRECT":"1","SW_LENG":67.74,"SW_WTH":2.79,"SWW_WTH":2.79,"SW_RAMP":2,"COUNTY_NA":"桃園市","VILL_NAME":"桃園區"},"geometry":{"type":"MultiPolygon","coordinates":[[[[121.323796,24.983294],[121.323781,24.983284],[121.323767,24.983303],[121.323743,24.983336],[121.323637,24.98348],[121.323562,24.98358],[121.323503,24.983661],[121.323475,24.983699],[121.323457,24.983723],[121.323444,24.983739],[121.323436,24.983749],[121.323426,24.983755],[121.323405,24.983764],[121.323395,24.983766],[121.3234,24.98379],[121.323408,24.983788],[121.323419,24.983784],[121.323444,24.98377],[121.323452,24.983764],[121.323466,24.983752],[121.323474,24.983744],[121.323497,24.983713],[121.323526,24.983675],[121.323585,24.983594],[121.32366,24.983494],[121.323766,24.98335],[121.32379,24.983317],[121.323795,24.983307],[121.323796,24.983301],[121.323796,24.983294]]]]}},{"type":"Feature","properties":{"NAME":"興邦路","PSTART":"興邦路","PEND":"興邦路","SW_DIRECT":"1","SW_LENG":47.28,"SW_WTH":2.79,"SWW_WTH":2.79,"SW_RAMP":2,"COUNTY_NA":"桃園市","VILL_NAME":"桃園區"},"geometry":{"type":"MultiPolygon","coordinates":[[[[121.325319,24.981233],[121.325306,24.981218],[121.325292,24.981236],[121.325167,24.981406],[121.325049,24.981562],[121.32504,24.981574],[121.325051,24.981581],[121.325064,24.98158],[121.325072,24.981577],[121.32519,24.98142],[121.325311,24.981256],[121.325317,24.981243],[121.325319,24.981233]]]]}},{"type":"Feature","properties":{"NAME":"興邦路","PSTART":"興邦路","PEND":"興邦路","SW_DIRECT":"1","SW_LENG":116.39,"SW_WTH":2.79,"SWW_WTH":2.79,"SW_RAMP":2,"COUNTY_NA":"桃園市","VILL_NAME":"桃園區"},"geometry":{"type":"MultiPolygon","coordinates":[[[[121.325989,24.980315],[121.325986,24.980295],[121.325964,24.980325],[121.325927,24.980376],[121.325463,24.981004],[121.325346,24.981162],[121.325335,24.981177],[121.325352,24.981185],[121.325361,24.981183],[121.325369,24.981176],[121.325486,24.981018],[121.32595,24.98039],[121.325987,24.980339],[121.325989,24.980331],[121.325989,24.980315]]]]}},{"type":"Feature","properties":{"NAME":"樹仁二街","PSTART":"建新街","PEND":"桃鶯路","SW_DIRECT":"2","SW_LENG":37.53,"SW_WTH":1.8,"SWW_WTH":1.8,"SW_RAMP":2,"COUNTY_NA":"桃園市","VILL_NAME":"桃園區"},"geometry":{"type":"MultiPolygon","coordinates":[[[[121.321609,24.97845],[121.321394,24.978424],[121.321383,24.97843],[121.321374,24.978438],[121.321606,24.978466],[121.32165,24.978472],[121.321675,24.978475],[121.321678,24.978475],[121.321679,24.978476],[121.321682,24.978479],[121.321689,24.978486],[121.321697,24.978496],[121.321708,24.978509],[121.321719,24.978521],[121.321725,24.978515],[121.321726,24.97851],[121.321725,24.978503],[121.321713,24.978488],[121.321704,24.978477],[121.321696,24.978468],[121.32169,24.978463],[121.321685,24.97846],[121.321679,24.978459],[121.321653,24.978456],[121.321609,24.97845]]]]}},{"type":"Feature","properties":{"NAME":"樹仁二街","PSTART":"建新街","PEND":"桃鶯路","SW_DIRECT":"2","SW_LENG":29.96,"SW_WTH":1.8,"SWW_WTH":1.8,"SW_RAMP":2,"COUNTY_NA":"桃園市","VILL_NAME":"桃園區"},"geometry":{"type":"MultiPolygon","coordinates":[[[[121.321304,24.978414],[121.321017,24.978378],[121.321014,24.978394],[121.32131,24.978431],[121.321309,24.978423],[121.321304,24.978414]]]]}},{"type":"Feature","properties":{"NAME":"樹仁二街","PSTART":"建新街","PEND":"桃鶯路","SW_DIRECT":"2","SW_LENG":52.28,"SW_WTH":1.8,"SWW_WTH":1.8,"SW_RAMP":2,"COUNTY_NA":"桃園市","VILL_NAME":"桃園區"},"geometry":{"type":"MultiPolygon","coordinates":[[[[121.320131,24.978266],[121.320064,24.978259],[121.320048,24.978273],[121.320128,24.978282],[121.320375,24.978313],[121.320571,24.978338],[121.320569,24.97833],[121.320563,24.97832],[121.320377,24.978296],[121.320131,24.978266]]]]}},{"type":"Feature","properties":{"NAME":"樹仁二街","PSTART":"建新街","PEND":"桃鶯路","SW_DIRECT":"2","SW_LENG":25.24,"SW_WTH":1.8,"SWW_WTH":1.8,"SW_RAMP":2,"COUNTY_NA":"桃園市","VILL_NAME":"桃園區"},"geometry":{"type":"MultiPolygon","coordinates":[[[[121.320852,24.978357],[121.320685,24.978336],[121.320679,24.978346],[121.320678,24.978351],[121.32085,24.978373],[121.32093,24.978383],[121.320929,24.978377],[121.320924,24.978366],[121.320852,24.978357]]]]}},{"type":"Feature","properties":{"NAME":"樹仁二街","PSTART":"建新街","PEND":"桃鶯路","SW_DIRECT":"1","SW_LENG":189.5,"SW_WTH":3.49,"SWW_WTH":3.49,"SW_RAMP":2,"COUNTY_NA":"桃園市","VILL_NAME":"桃園區"},"geometry":{"type":"MultiPolygon","coordinates":[[[[121.318255,24.978016],[121.318062,24.977993],[121.318044,24.978004],[121.318033,24.978021],[121.318249,24.978047],[121.31855,24.978085],[121.318794,24.978116],[121.319192,24.978164],[121.319357,24.978185],[121.319595,24.978215],[121.319707,24.97823],[121.319801,24.97824],[121.319909,24.978253],[121.319903,24.978234],[121.319896,24.978226],[121.319886,24.978221],[121.319873,24.978217],[121.319806,24.978209],[121.319713,24.978199],[121.319601,24.978184],[121.319363,24.978154],[121.319198,24.978133],[121.3188,24.978085],[121.318556,24.978054],[121.318255,24.978016]]]]}},{"type":"Feature","properties":{"NAME":"樹仁二街","PSTART":"建新街","PEND":"桃鶯路","SW_DIRECT":"1","SW_LENG":223.6,"SW_WTH":3.45,"SWW_WTH":3.45,"SW_RAMP":2,"COUNTY_NA":"桃園市","VILL_NAME":"桃園區"},"geometry":{"type":"MultiPolygon","coordinates":[[[[121.317818,24.977812],[121.317663,24.977793],[121.317668,24.977805],[121.31768,24.977821],[121.317688,24.977828],[121.317814,24.977844],[121.318062,24.977875],[121.31824,24.977897],[121.318455,24.977923],[121.318727,24.977957],[121.318933,24.977983],[121.319255,24.978023],[121.319408,24.978042],[121.319624,24.978069],[121.319843,24.978095],[121.319851,24.978093],[121.31986,24.978088],[121.319866,24.978084],[121.319873,24.978076],[121.319876,24.978069],[121.319631,24.978038],[121.319415,24.978011],[121.319261,24.977992],[121.31894,24.977952],[121.318734,24.977927],[121.318461,24.977893],[121.318243,24.977865],[121.318068,24.977844],[121.317818,24.977812]]]]}},{"type":"Feature","properties":{"NAME":"樹仁二街","PSTART":"建新街","PEND":"桃鶯路","SW_DIRECT":"1","SW_LENG":263.87,"SW_WTH":3.3,"SWW_WTH":3.3,"SW_RAMP":2,"COUNTY_NA":"桃園市","VILL_NAME":"桃園區"},"geometry":{"type":"MultiPolygon","coordinates":[[[[121.31511,24.977472],[121.315018,24.977456],[121.315021,24.97747],[121.315027,24.977481],[121.315038,24.97749],[121.315105,24.977502],[121.315164,24.977512],[121.315183,24.977515],[121.315256,24.977524],[121.315335,24.977533],[121.315584,24.977564],[121.31582,24.977593],[121.316172,24.977635],[121.316314,24.977653],[121.316674,24.977698],[121.316822,24.977716],[121.31701,24.97774],[121.317263,24.977773],[121.317418,24.977793],[121.317573,24.977813],[121.317589,24.977813],[121.317604,24.977807],[121.317613,24.977799],[121.317617,24.977789],[121.317423,24.977764],[121.317268,24.977743],[121.317015,24.97771],[121.316827,24.977687],[121.316679,24.977669],[121.31632,24.977624],[121.316178,24.977606],[121.315825,24.977564],[121.31559,24.977535],[121.31534,24.977504],[121.315262,24.977494],[121.315188,24.977485],[121.31517,24.977482],[121.31511,24.977472]]]]}},{"type":"Feature","properties":{"NAME":"樹仁二街","PSTART":"建新街","PEND":"桃鶯路","SW_DIRECT":"2","SW_LENG":250.79,"SW_WTH":3.5,"SWW_WTH":3.5,"SW_RAMP":2,"COUNTY_NA":"桃園市","VILL_NAME":"桃園區"},"geometry":{"type":"MultiPolygon","coordinates":[[[[121.314746,24.977559],[121.314735,24.977557],[121.314717,24.97756],[121.314687,24.977581],[121.314734,24.977587],[121.314916,24.97762],[121.315094,24.97765],[121.315179,24.977664],[121.315376,24.977688],[121.315631,24.977719],[121.316125,24.977782],[121.316397,24.977815],[121.316721,24.977855],[121.317168,24.977911],[121.317163,24.977902],[121.317156,24.97789],[121.317145,24.977877],[121.31712,24.977873],[121.316725,24.977824],[121.316401,24.977784],[121.31613,24.97775],[121.315635,24.977688],[121.31538,24.977657],[121.315183,24.977633],[121.3151,24.97762],[121.314923,24.97759],[121.314746,24.977559]]]]}},{"type":"Feature","properties":{"NAME":"樹仁二街","PSTART":"建新街","PEND":"桃鶯路","SW_DIRECT":"1","SW_LENG":73.54,"SW_WTH":3.48,"SWW_WTH":3.48,"SW_RAMP":2,"COUNTY_NA":"桃園市","VILL_NAME":"桃園區"},"geometry":{"type":"MultiPolygon","coordinates":[[[[121.317518,24.977922],[121.317274,24.977892],[121.317261,24.977896],[121.317248,24.977904],[121.317245,24.977908],[121.317242,24.977914],[121.317241,24.97792],[121.317516,24.977954],[121.317754,24.977985],[121.317974,24.978012],[121.317973,24.978003],[121.317965,24.97799],[121.317959,24.977984],[121.317949,24.977977],[121.317755,24.977953],[121.317518,24.977922]]]]}},{"type":"Feature","properties":{"NAME":"延平路","PSTART":"延平路","PEND":"延平路","SW_DIRECT":"1","SW_LENG":81.19,"SW_WTH":1.92,"SWW_WTH":1.92,"SW_RAMP":2,"COUNTY_NA":"桃園市","VILL_NAME":"桃園區"},"geometry":{"type":"MultiPolygon","coordinates":[[[[121.31472,24.976696],[121.314707,24.976696],[121.314704,24.976772],[121.3147,24.976843],[121.314695,24.976922],[121.314692,24.976986],[121.314683,24.977127],[121.314675,24.977265],[121.314668,24.977368],[121.31471,24.977417],[121.314712,24.977419],[121.314728,24.977409],[121.314687,24.977367],[121.314694,24.977266],[121.314702,24.977128],[121.314711,24.976987],[121.314714,24.976923],[121.314719,24.976844],[121.314723,24.976773],[121.314727,24.976703],[121.31472,24.976696]]]]}},{"type":"Feature","properties":{"NAME":"大誠路","PSTART":"桃鶯路","PEND":"無名路","SW_DIRECT":"1","SW_LENG":17.0,"SW_WTH":2.77,"SWW_WTH":2.77,"SW_RAMP":2,"COUNTY_NA":"桃園市","VILL_NAME":"桃園區"},"geometry":{"type":"MultiPolygon","coordinates":[[[[121.320839,24.982287],[121.320832,24.982283],[121.320825,24.982295],[121.320825,24.982306],[121.320826,24.982309],[121.320918,24.982358],[121.320952,24.982376],[121.320964,24.982375],[121.320975,24.982372],[121.320986,24.982366],[121.320931,24.982336],[121.320839,24.982287]]]]}},{"type":"Feature","properties":{"NAME":"大誠路","PSTART":"桃鶯路","PEND":"無名路","SW_DIRECT":"1","SW_LENG":18.75,"SW_WTH":2.77,"SWW_WTH":2.77,"SW_RAMP":2,"COUNTY_NA":"桃園市","VILL_NAME":"桃園區"},"geometry":{"type":"MultiPolygon","coordinates":[[[[121.320586,24.98215],[121.32057,24.982141],[121.320569,24.982151],[121.32057,24.982162],[121.320573,24.982172],[121.320573,24.982172],[121.320656,24.982217],[121.320718,24.98225],[121.320725,24.982247],[121.32073,24.982243],[121.320737,24.982231],[121.320731,24.982228],[121.320669,24.982195],[121.320586,24.98215]]]]}},{"type":"Feature","properties":{"NAME":"大誠路","PSTART":"桃鶯路","PEND":"無名路","SW_DIRECT":"1","SW_LENG":33.67,"SW_WTH":2.77,"SWW_WTH":2.77,"SW_RAMP":2,"COUNTY_NA":"桃園市","VILL_NAME":"桃園區"},"geometry":{"type":"MultiPolygon","coordinates":[[[[121.320203,24.981944],[121.320183,24.981933],[121.320186,24.981954],[121.32019,24.981966],[121.320315,24.982033],[121.320449,24.982105],[121.320475,24.982101],[121.32048,24.982093],[121.320462,24.982083],[121.320327,24.982011],[121.320203,24.981944]]]]}},{"type":"Feature","properties":{"NAME":"大誠路","PSTART":"桃鶯路","PEND":"無名路","SW_DIRECT":"1","SW_LENG":39.81,"SW_WTH":2.77,"SWW_WTH":2.77,"SW_RAMP":2,"COUNTY_NA":"桃園市","VILL_NAME":"桃園區"},"geometry":{"type":"MultiPolygon","coordinates":[[[[121.319838,24.981746],[121.319813,24.981733],[121.319812,24.981742],[121.319815,24.981754],[121.319821,24.981764],[121.319825,24.981768],[121.320044,24.981887],[121.320146,24.981942],[121.320159,24.98192],[121.320057,24.981865],[121.319838,24.981746]]]]}},{"type":"Feature","properties":{"NAME":"興隆路","PSTART":"興隆路","PEND":"興隆路","SW_DIRECT":"1","SW_LENG":67.64,"SW_WTH":2.24,"SWW_WTH":2.24,"SW_RAMP":2,"COUNTY_NA":"桃園市","VILL_NAME":"桃園區"},"geometry":{"type":"MultiPolygon","coordinates":[[[[121.320616,24.985146],[121.320614,24.985111],[121.320597,24.985135],[121.320535,24.985219],[121.320439,24.985349],[121.320342,24.985479],[121.3203,24.985536],[121.320237,24.985619],[121.320229,24.985629],[121.32024,24.985634],[121.32025,24.985634],[121.320255,24.98563],[121.320319,24.985547],[121.320361,24.985491],[121.320457,24.985361],[121.320553,24.98523],[121.320616,24.985146]]]]}},{"type":"Feature","properties":{"NAME":"興隆路","PSTART":"興隆路","PEND":"興隆路","SW_DIRECT":"1","SW_LENG":15.55,"SW_WTH":2.24,"SWW_WTH":2.24,"SW_RAMP":2,"COUNTY_NA":"桃園市","VILL_NAME":"桃園區"},"geometry":{"type":"MultiPolygon","coordinates":[[[[121.320798,24.98488],[121.32079,24.984874],[121.320784,24.984882],[121.32076,24.984915],[121.320714,24.984977],[121.320699,24.984998],[121.320712,24.984996],[121.320726,24.984992],[121.320733,24.984988],[121.320779,24.984926],[121.320802,24.984893],[121.320804,24.984892],[121.320802,24.984884],[121.320798,24.98488]]]]}},{"type":"Feature","properties":{"NAME":"興隆路","PSTART":"興隆路","PEND":"興隆路","SW_DIRECT":"1","SW_LENG":36.84,"SW_WTH":2.24,"SWW_WTH":2.24,"SW_RAMP":2,"COUNTY_NA":"桃園市","VILL_NAME":"桃園區"},"geometry":{"type":"MultiPolygon","coordinates":[[[[121.321042,24.984552],[121.321033,24.984547],[121.321027,24.984555],[121.321015,24.984571],[121.320951,24.984657],[121.320834,24.984816],[121.320828,24.984823],[121.320841,24.984829],[121.320846,24.98483],[121.320851,24.984828],[121.320852,24.984827],[121.32097,24.984668],[121.321034,24.984582],[121.321045,24.984566],[121.321046,24.984565],[121.321042,24.984552]]]]}},{"type":"Feature","properties":{"NAME":"興隆路","PSTART":"興隆路","PEND":"興隆路","SW_DIRECT":"1","SW_LENG":8.59,"SW_WTH":2.24,"SWW_WTH":2.24,"SW_RAMP":2,"COUNTY_NA":"桃園市","VILL_NAME":"桃園區"},"geometry":{"type":"MultiPolygon","coordinates":[[[[121.321349,24.984156],[121.321331,24.984145],[121.32129,24.9842],[121.321282,24.984211],[121.321287,24.984213],[121.321296,24.984214],[121.321306,24.984214],[121.321308,24.984211],[121.321349,24.984156]]]]}},{"type":"Feature","properties":{"NAME":"興隆路","PSTART":"興隆路","PEND":"興隆路","SW_DIRECT":"1","SW_LENG":14.85,"SW_WTH":2.29,"SWW_WTH":2.29,"SW_RAMP":2,"COUNTY_NA":"桃園市","VILL_NAME":"桃園區"},"geometry":{"type":"MultiPolygon","coordinates":[[[[121.321218,24.984303],[121.321214,24.984301],[121.321207,24.98431],[121.321197,24.984324],[121.321135,24.984409],[121.321128,24.984418],[121.321139,24.984421],[121.321152,24.984421],[121.321153,24.98442],[121.321221,24.984329],[121.321226,24.98432],[121.321223,24.984311],[121.321218,24.984303]]]]}},{"type":"Feature","properties":{"NAME":"興隆路","PSTART":"興隆路","PEND":"興隆路","SW_DIRECT":"1","SW_LENG":31.39,"SW_WTH":2.24,"SWW_WTH":2.24,"SW_RAMP":2,"COUNTY_NA":"桃園市","VILL_NAME":"桃園區"},"geometry":{"type":"MultiPolygon","coordinates":[[[[121.321585,24.983812],[121.321582,24.983805],[121.321564,24.983828],[121.321512,24.983901],[121.321407,24.984041],[121.321402,24.984048],[121.321413,24.984054],[121.32142,24.984054],[121.321426,24.984052],[121.32153,24.983912],[121.321583,24.983839],[121.321584,24.983838],[121.321586,24.98383],[121.321586,24.983819],[121.321585,24.983812]]]]}},{"type":"Feature","properties":{"NAME":"興隆路","PSTART":"興隆路","PEND":"興隆路","SW_DIRECT":"1","SW_LENG":78.45,"SW_WTH":2.25,"SWW_WTH":2.25,"SW_RAMP":2,"COUNTY_NA":"桃園市","VILL_NAME":"桃園區"},"geometry":{"type":"MultiPolygon","coordinates":[[[[121.322045,24.98317],[121.322043,24.983139],[121.322022,24.98314],[121.322023,24.98316],[121.322022,24.983189],[121.32202,24.983206],[121.322012,24.983225],[121.322009,24.983231],[121.321945,24.983318],[121.321838,24.983461],[121.32174,24.983592],[121.321646,24.983717],[121.32163,24.983739],[121.321636,24.98374],[121.321648,24.983739],[121.321656,24.983736],[121.321664,24.98373],[121.321665,24.983728],[121.321759,24.983603],[121.321857,24.983472],[121.321963,24.983329],[121.322028,24.983241],[121.322032,24.983235],[121.322037,24.983223],[121.322039,24.983216],[121.322042,24.983202],[121.322045,24.98317]]]]}},{"type":"Feature","properties":{"NAME":"三民路三段","PSTART":"中山路","PEND":"復興路","SW_DIRECT":"1","SW_LENG":121.48,"SW_WTH":1.8,"SWW_WTH":1.8,"SW_RAMP":2,"COUNTY_NA":"桃園市","VILL_NAME":"桃園區"},"geometry":{"type":"MultiPolygon","coordinates":[[[[121.306231,24.991332],[121.306226,24.991326],[121.306216,24.991337],[121.306143,24.991553],[121.306155,24.991608],[121.306143,24.991641],[121.306105,24.991752],[121.306098,24.991773],[121.30608,24.991823],[121.306036,24.991949],[121.306021,24.991991],[121.30599,24.992081],[121.305965,24.992147],[121.305949,24.992197],[121.305932,24.992243],[121.305883,24.992384],[121.305895,24.992377],[121.305901,24.992373],[121.305905,24.992368],[121.305908,24.992362],[121.305914,24.992347],[121.305949,24.992248],[121.305966,24.992202],[121.305982,24.992152],[121.306006,24.992086],[121.306038,24.991996],[121.306053,24.991954],[121.306097,24.991827],[121.306114,24.991778],[121.306122,24.991757],[121.30616,24.991646],[121.306177,24.9916],[121.306177,24.991599],[121.306168,24.991579],[121.306162,24.991558],[121.306191,24.991478],[121.306216,24.991408],[121.306236,24.991348],[121.306235,24.991342],[121.306233,24.991336],[121.306231,24.991332]]]]}},{"type":"Feature","properties":{"NAME":"三民路三段","PSTART":"中山路","PEND":"復興路","SW_DIRECT":"1","SW_LENG":37.14,"SW_WTH":1.95,"SWW_WTH":1.95,"SW_RAMP":2,"COUNTY_NA":"桃園市","VILL_NAME":"桃園區"},"geometry":{"type":"MultiPolygon","coordinates":[[[[121.306419,24.99092],[121.306403,24.990915],[121.306368,24.991009],[121.306331,24.991115],[121.3063,24.991203],[121.306299,24.991206],[121.306285,24.991241],[121.306291,24.991239],[121.306297,24.991237],[121.306301,24.991234],[121.306304,24.991232],[121.306308,24.991228],[121.306311,24.991224],[121.306314,24.991219],[121.306317,24.991213],[121.306319,24.991209],[121.30635,24.99112],[121.306386,24.991014],[121.306419,24.990922],[121.306419,24.99092]]]]}},{"type":"Feature","properties":{"NAME":"三民路三段","PSTART":"中山路","PEND":"復興路","SW_DIRECT":"1","SW_LENG":27.77,"SW_WTH":1.6,"SWW_WTH":1.6,"SW_RAMP":2,"COUNTY_NA":"桃園市","VILL_NAME":"桃園區"},"geometry":{"type":"MultiPolygon","coordinates":[[[[121.306491,24.990666],[121.306453,24.990653],[121.306478,24.990704],[121.306446,24.990797],[121.306411,24.990896],[121.306426,24.990901],[121.306461,24.990801],[121.306501,24.990687],[121.306496,24.990673],[121.306494,24.990669],[121.306491,24.990666]]]]}},{"type":"Feature","properties":{"NAME":"三民路三段","PSTART":"中山路","PEND":"復興路","SW_DIRECT":"1","SW_LENG":32.68,"SW_WTH":1.6,"SWW_WTH":1.6,"SW_RAMP":2,"COUNTY_NA":"桃園市","VILL_NAME":"桃園區"},"geometry":{"type":"MultiPolygon","coordinates":[[[[121.306629,24.990329],[121.306612,24.990323],[121.3066,24.99036],[121.306582,24.990415],[121.306572,24.990443],[121.306555,24.990492],[121.306546,24.990518],[121.306515,24.990605],[121.30653,24.990609],[121.306561,24.990523],[121.30657,24.990497],[121.306587,24.990447],[121.306597,24.99042],[121.30662,24.990354],[121.306629,24.990329]]]]}},{"type":"Feature","properties":{"NAME":"三民路三段","PSTART":"中山路","PEND":"復興路","SW_DIRECT":"1","SW_LENG":65.53,"SW_WTH":1.7,"SWW_WTH":1.7,"SW_RAMP":2,"COUNTY_NA":"桃園市","VILL_NAME":"桃園區"},"geometry":{"type":"MultiPolygon","coordinates":[[[[121.306851,24.9897],[121.306836,24.989694],[121.306807,24.989776],[121.306789,24.989827],[121.306769,24.989882],[121.30675,24.989935],[121.306736,24.989976],[121.306711,24.990044],[121.30669,24.9901],[121.306676,24.990143],[121.306648,24.990222],[121.306635,24.990256],[121.306635,24.990256],[121.30665,24.990262],[121.306664,24.990227],[121.306692,24.990147],[121.306706,24.990105],[121.306727,24.990049],[121.306752,24.989981],[121.306766,24.98994],[121.306785,24.989887],[121.306805,24.989832],[121.306823,24.989781],[121.306851,24.9897]]]]}},{"type":"Feature","properties":{"NAME":"三民路三段","PSTART":"莒光街","PEND":"中山路","SW_DIRECT":"1","SW_LENG":57.48,"SW_WTH":3.05,"SWW_WTH":3.05,"SW_RAMP":2,"COUNTY_NA":"桃園市","VILL_NAME":"桃園區"},"geometry":{"type":"MultiPolygon","coordinates":[[[[121.30603,24.994674],[121.306026,24.994673],[121.306025,24.994674],[121.306023,24.994674],[121.306018,24.994676],[121.306014,24.994678],[121.306011,24.99468],[121.306008,24.994682],[121.306005,24.994685],[121.306003,24.994688],[121.306003,24.994692],[121.306001,24.994713],[121.305996,24.994805],[121.305993,24.99486],[121.305991,24.9949],[121.305988,24.994952],[121.305983,24.995028],[121.305981,24.995059],[121.305978,24.995128],[121.305977,24.995166],[121.305977,24.995169],[121.305978,24.995171],[121.305979,24.995174],[121.305981,24.995175],[121.305983,24.995177],[121.305987,24.995179],[121.30599,24.99518],[121.305996,24.995181],[121.306017,24.995183],[121.306038,24.995184],[121.306005,24.99515],[121.306007,24.995124],[121.306012,24.995055],[121.306014,24.995023],[121.30602,24.994922],[121.306023,24.99487],[121.306023,24.994855],[121.306027,24.9948],[121.306032,24.994706],[121.306057,24.994689],[121.306069,24.994682],[121.306045,24.994677],[121.30603,24.994674]]]]}},{"type":"Feature","properties":{"NAME":"三民路三段","PSTART":"莒光街","PEND":"中山路","SW_DIRECT":"1","SW_LENG":120.44,"SW_WTH":3.0,"SWW_WTH":3.0,"SW_RAMP":2,"COUNTY_NA":"桃園市","VILL_NAME":"桃園區"},"geometry":{"type":"MultiPolygon","coordinates":[[[[121.305782,24.99435],[121.305753,24.994348],[121.305747,24.99446],[121.305744,24.994511],[121.305739,24.994613],[121.305733,24.994726],[121.305729,24.994788],[121.305726,24.994855],[121.305722,24.994929],[121.305719,24.994976],[121.305716,24.995026],[121.305713,24.995076],[121.305707,24.99519],[121.305703,24.995247],[121.305699,24.995334],[121.305696,24.995381],[121.305694,24.995435],[121.305705,24.995435],[121.30571,24.995434],[121.305714,24.995433],[121.305718,24.995432],[121.305721,24.995429],[121.305723,24.995426],[121.305723,24.995422],[121.305724,24.995419],[121.305726,24.995382],[121.305729,24.995335],[121.305733,24.995248],[121.305736,24.995192],[121.30574,24.995138],[121.305743,24.995078],[121.305746,24.995028],[121.305749,24.994978],[121.305751,24.99493],[121.305756,24.994857],[121.305759,24.994789],[121.305763,24.994727],[121.305768,24.994614],[121.305774,24.994512],[121.305777,24.994461],[121.30578,24.994381],[121.305782,24.99435]]]]}},{"type":"Feature","properties":{"NAME":"三民路三段","PSTART":"莒光街","PEND":"中山路","SW_DIRECT":"1","SW_LENG":48.96,"SW_WTH":2.97,"SWW_WTH":2.97,"SW_RAMP":2,"COUNTY_NA":"桃園市","VILL_NAME":"桃園區"},"geometry":{"type":"MultiPolygon","coordinates":[[[[121.306029,24.995247],[121.306006,24.995247],[121.306004,24.995247],[121.306004,24.995247],[121.305996,24.995253],[121.305969,24.995278],[121.305963,24.995391],[121.305961,24.995437],[121.305959,24.995477],[121.305956,24.995513],[121.305954,24.995553],[121.305949,24.995671],[121.305958,24.995679],[121.305978,24.995681],[121.305984,24.995564],[121.305986,24.995524],[121.305988,24.995494],[121.30599,24.99543],[121.305993,24.995403],[121.305997,24.995352],[121.306001,24.995281],[121.306039,24.995248],[121.306029,24.995247]]]]}},{"type":"Feature","properties":{"NAME":"三民路三段","PSTART":"莒光街","PEND":"中山路","SW_DIRECT":"1","SW_LENG":106.59,"SW_WTH":3.62,"SWW_WTH":3.62,"SW_RAMP":2,"COUNTY_NA":"桃園市","VILL_NAME":"桃園區"},"geometry":{"type":"MultiPolygon","coordinates":[[[[121.306342,24.996684],[121.306342,24.996647],[121.306338,24.996647],[121.306332,24.996647],[121.306327,24.996644],[121.306324,24.996642],[121.306322,24.99664],[121.306319,24.996636],[121.306315,24.99663],[121.306305,24.996614],[121.306282,24.996579],[121.306278,24.996572],[121.306269,24.996558],[121.306256,24.996537],[121.306247,24.996524],[121.306228,24.996495],[121.306221,24.996484],[121.306207,24.996463],[121.306196,24.996445],[121.306184,24.996426],[121.306168,24.9964],[121.306154,24.996373],[121.306137,24.996343],[121.30612,24.99631],[121.306111,24.996289],[121.306104,24.996274],[121.306094,24.996251],[121.306088,24.996238],[121.306085,24.996228],[121.306078,24.996211],[121.306063,24.996172],[121.306053,24.996144],[121.306046,24.996121],[121.306038,24.996093],[121.306033,24.996071],[121.306026,24.996045],[121.30602,24.996019],[121.306015,24.995999],[121.306009,24.995971],[121.306004,24.995945],[121.306002,24.995929],[121.305999,24.995912],[121.305998,24.995901],[121.305993,24.995862],[121.30599,24.995843],[121.305989,24.995827],[121.305988,24.995818],[121.305984,24.995817],[121.305993,24.995785],[121.305973,24.995797],[121.305952,24.995809],[121.305951,24.995817],[121.305953,24.99583],[121.305955,24.995846],[121.305957,24.995866],[121.305962,24.995905],[121.305963,24.995915],[121.305966,24.995933],[121.305969,24.99595],[121.305974,24.995977],[121.30598,24.996005],[121.305984,24.996026],[121.305991,24.996052],[121.305997,24.996079],[121.306003,24.996101],[121.306011,24.996129],[121.306019,24.996153],[121.306029,24.996182],[121.306044,24.996222],[121.30605,24.996239],[121.306055,24.99625],[121.30606,24.996263],[121.30607,24.996286],[121.306077,24.996301],[121.306088,24.996325],[121.306107,24.996362],[121.306121,24.996389],[121.306129,24.996402],[121.306134,24.996411],[121.306142,24.996425],[121.306156,24.996448],[121.306176,24.99648],[121.30619,24.996501],[121.306197,24.996512],[121.306216,24.996541],[121.306224,24.996554],[121.306238,24.996575],[121.306246,24.996589],[121.306251,24.996596],[121.306274,24.996631],[121.306285,24.996648],[121.306297,24.996666],[121.306301,24.996672],[121.306308,24.996678],[121.306313,24.996681],[121.30632,24.996684],[121.306326,24.996685],[121.306332,24.996686],[121.306338,24.996686],[121.306342,24.996684]]]]}},{"type":"Feature","properties":{"NAME":"三民路三段","PSTART":"莒光街","PEND":"中山路","SW_DIRECT":"1","SW_LENG":30.89,"SW_WTH":3.22,"SWW_WTH":3.22,"SW_RAMP":2,"COUNTY_NA":"桃園市","VILL_NAME":"桃園區"},"geometry":{"type":"MultiPolygon","coordinates":[[[[121.305817,24.99369],[121.305787,24.993689],[121.305784,24.993769],[121.305777,24.993875],[121.305771,24.993968],[121.3058,24.993969],[121.305802,24.993968],[121.305803,24.993967],[121.305809,24.993879],[121.305815,24.993773],[121.305817,24.99369]]]]}},{"type":"Feature","properties":{"NAME":"三民路三段","PSTART":"中山路","PEND":"復興路","SW_DIRECT":"1","SW_LENG":72.62,"SW_WTH":1.8,"SWW_WTH":1.8,"SW_RAMP":2,"COUNTY_NA":"桃園市","VILL_NAME":"桃園區"},"geometry":{"type":"MultiPolygon","coordinates":[[[[121.306313,24.99176],[121.306296,24.991755],[121.306276,24.99181],[121.306262,24.991851],[121.30624,24.991915],[121.306223,24.991961],[121.306205,24.992013],[121.306191,24.992054],[121.306169,24.992115],[121.306135,24.992211],[121.306113,24.992272],[121.306079,24.992371],[121.306079,24.992376],[121.306082,24.992381],[121.30609,24.992394],[121.30613,24.992277],[121.306152,24.992216],[121.306186,24.99212],[121.306209,24.992054],[121.306223,24.992013],[121.306242,24.991961],[121.306258,24.991915],[121.306281,24.991852],[121.306295,24.991811],[121.306313,24.99176]]]]}},{"type":"Feature","properties":{"NAME":"三民路三段","PSTART":"中山路","PEND":"復興路","SW_DIRECT":"1","SW_LENG":57.04,"SW_WTH":1.7,"SWW_WTH":1.7,"SW_RAMP":2,"COUNTY_NA":"桃園市","VILL_NAME":"桃園區"},"geometry":{"type":"MultiPolygon","coordinates":[[[[121.30701,24.989792],[121.307017,24.989774],[121.307013,24.989775],[121.307007,24.989779],[121.307001,24.989784],[121.306996,24.989787],[121.306991,24.989795],[121.306988,24.989804],[121.306967,24.989861],[121.306931,24.989964],[121.306896,24.990061],[121.306863,24.990153],[121.306822,24.990267],[121.306825,24.990269],[121.306828,24.990271],[121.30683,24.990271],[121.306834,24.990272],[121.306837,24.990273],[121.306841,24.990265],[121.306879,24.990157],[121.306912,24.990066],[121.306947,24.989968],[121.306983,24.989865],[121.307004,24.989809],[121.30701,24.989792]]]]}},{"type":"Feature","properties":{"NAME":"三民路三段","PSTART":"中山路","PEND":"復興路","SW_DIRECT":"1","SW_LENG":33.55,"SW_WTH":1.8,"SWW_WTH":1.8,"SW_RAMP":2,"COUNTY_NA":"桃園市","VILL_NAME":"桃園區"},"geometry":{"type":"MultiPolygon","coordinates":[[[[121.306431,24.991431],[121.306414,24.991425],[121.306414,24.991425],[121.306391,24.991488],[121.306355,24.991591],[121.306313,24.991709],[121.306311,24.991714],[121.306328,24.991719],[121.30633,24.991714],[121.306372,24.991596],[121.306408,24.991493],[121.306431,24.991431]]]]}},{"type":"Feature","properties":{"NAME":"三民路三段","PSTART":"中山路","PEND":"復興路","SW_DIRECT":"1","SW_LENG":34.07,"SW_WTH":1.8,"SWW_WTH":1.8,"SW_RAMP":2,"COUNTY_NA":"桃園市","VILL_NAME":"桃園區"},"geometry":{"type":"MultiPolygon","coordinates":[[[[121.306794,24.990375],[121.306789,24.990375],[121.306784,24.990376],[121.306755,24.990459],[121.306747,24.990482],[121.306728,24.990534],[121.306707,24.990594],[121.306687,24.99065],[121.306687,24.990651],[121.306686,24.990654],[121.306685,24.990658],[121.306686,24.990661],[121.306687,24.990662],[121.30669,24.990663],[121.306693,24.990664],[121.306699,24.990665],[121.306701,24.990666],[121.306702,24.990663],[121.306724,24.990599],[121.306745,24.990539],[121.306764,24.990487],[121.306772,24.990464],[121.306802,24.990377],[121.306794,24.990375]]]]}},{"type":"Feature","properties":{"NAME":"三民路三段","PSTART":"中山路","PEND":"復興路","SW_DIRECT":"1","SW_LENG":13.16,"SW_WTH":1.6,"SWW_WTH":1.6,"SW_RAMP":2,"COUNTY_NA":"桃園市","VILL_NAME":"桃園區"},"geometry":{"type":"MultiPolygon","coordinates":[[[[121.306664,24.990766],[121.306655,24.990754],[121.306651,24.990756],[121.306647,24.990766],[121.306624,24.99083],[121.306613,24.990862],[121.306615,24.990865],[121.306624,24.990879],[121.306662,24.990771],[121.306664,24.990766]]]]}},{"type":"Feature","properties":{"NAME":"中山路","PSTART":"中正路","PEND":"民生路","SW_DIRECT":"1","SW_LENG":8.0,"SW_WTH":1.8,"SWW_WTH":1.8,"SW_RAMP":1,"COUNTY_NA":"桃園市","VILL_NAME":"桃園區"},"geometry":{"type":"MultiPolygon","coordinates":[[[[121.311248,24.994601],[121.311255,24.994599],[121.311232,24.994518],[121.311218,24.994518],[121.311248,24.994601]]]]}},{"type":"Feature","properties":{"NAME":"三民路二段","PSTART":"民生路","PEND":"中正路","SW_DIRECT":"1","SW_LENG":108.09,"SW_WTH":3.24,"SWW_WTH":3.24,"SW_RAMP":2,"COUNTY_NA":"桃園市","VILL_NAME":"桃園區"},"geometry":{"type":"MultiPolygon","coordinates":[[[[121.309492,24.999212],[121.309514,24.999179],[121.30947,24.99919],[121.309454,24.999181],[121.309393,24.999148],[121.309334,24.999116],[121.309305,24.9991],[121.309272,24.999082],[121.309243,24.999067],[121.309169,24.999027],[121.309108,24.998995],[121.309008,24.998948],[121.308946,24.998911],[121.308867,24.99887],[121.308788,24.998826],[121.308637,24.998742],[121.308627,24.998736],[121.308619,24.998715],[121.308611,24.998689],[121.308608,24.998682],[121.308605,24.99869],[121.308604,24.998699],[121.308603,24.998708],[121.308603,24.998718],[121.308604,24.998733],[121.308608,24.998747],[121.308613,24.998757],[121.308621,24.998764],[121.308638,24.998773],[121.308695,24.998804],[121.308773,24.998847],[121.308838,24.998883],[121.308886,24.998909],[121.308967,24.998953],[121.30903,24.998987],[121.309082,24.999015],[121.309139,24.999046],[121.309204,24.99908],[121.309264,24.999113],[121.309329,24.999148],[121.309399,24.999186],[121.309449,24.999211],[121.309465,24.999218],[121.309473,24.999219],[121.309483,24.999217],[121.309492,24.999212]]]]}},{"type":"Feature","properties":{"NAME":"民族路","PSTART":"民族路","PEND":"民族路_10B","SW_DIRECT":"1","SW_LENG":76.74,"SW_WTH":3.6,"SWW_WTH":3.6,"SW_RAMP":2,"COUNTY_NA":"桃園市","VILL_NAME":"桃園區"},"geometry":{"type":"MultiPolygon","coordinates":[[[[121.306784,24.996042],[121.306742,24.99603],[121.306693,24.99612],[121.306669,24.996159],[121.306644,24.996198],[121.306622,24.996233],[121.3066,24.996268],[121.306574,24.996309],[121.306552,24.996345],[121.30653,24.996379],[121.306497,24.996431],[121.306486,24.996443],[121.306437,24.996525],[121.306422,24.996548],[121.306406,24.996574],[121.306393,24.996594],[121.306378,24.996619],[121.306375,24.996623],[121.30637,24.996629],[121.306386,24.996637],[121.306402,24.996646],[121.306409,24.996635],[121.306431,24.9966],[121.306456,24.996561],[121.306486,24.996513],[121.30653,24.996444],[121.306592,24.996347],[121.306637,24.996274],[121.306697,24.99618],[121.306784,24.996042]]]]}},{"type":"Feature","properties":{"NAME":"三民路二段","PSTART":"民生路","PEND":"中正路","SW_DIRECT":"1","SW_LENG":115.27,"SW_WTH":2.49,"SWW_WTH":2.49,"SW_RAMP":2,"COUNTY_NA":"桃園市","VILL_NAME":"桃園區"},"geometry":{"type":"MultiPolygon","coordinates":[[[[121.310551,24.999783],[121.310551,24.999759],[121.310537,24.99976],[121.31053,24.999759],[121.310492,24.999742],[121.310367,24.999676],[121.310259,24.999621],[121.310109,24.999542],[121.309989,24.999476],[121.309883,24.99942],[121.309757,24.99935],[121.309632,24.999279],[121.309609,24.999267],[121.309596,24.999223],[121.309586,24.999239],[121.309576,24.999254],[121.309577,24.999266],[121.309579,24.999271],[121.30958,24.999276],[121.309583,24.999282],[121.309719,24.999358],[121.30977,24.999385],[121.309828,24.999416],[121.309853,24.99943],[121.309878,24.999443],[121.309931,24.999473],[121.31,24.999508],[121.310049,24.999535],[121.310104,24.999565],[121.310151,24.99959],[121.310189,24.999611],[121.310215,24.999625],[121.310295,24.999668],[121.310355,24.9997],[121.310415,24.999733],[121.310481,24.999769],[121.310505,24.999781],[121.310524,24.999788],[121.31053,24.999788],[121.310538,24.999787],[121.310551,24.999783]]]]}},{"type":"Feature","properties":{"NAME":"公六街_5","PSTART":"公六街_5A","PEND":"公六街_5B","SW_DIRECT":"1","SW_LENG":74.43,"SW_WTH":4.23,"SWW_WTH":4.23,"SW_RAMP":2,"COUNTY_NA":"桃園市","VILL_NAME":"桃園區"},"geometry":{"type":"MultiPolygon","coordinates":[[[[121.312438,24.997547],[121.312425,24.997517],[121.312411,24.997552],[121.312398,24.997589],[121.312382,24.997629],[121.312374,24.997648],[121.312362,24.997676],[121.312339,24.997721],[121.312327,24.997742],[121.312318,24.997757],[121.312304,24.997779],[121.312288,24.997806],[121.31227,24.997831],[121.312257,24.99785],[121.312223,24.997892],[121.312183,24.997937],[121.312155,24.997965],[121.312127,24.997991],[121.312106,24.998009],[121.312088,24.998025],[121.312073,24.998038],[121.312056,24.998051],[121.312042,24.998062],[121.312018,24.998081],[121.312046,24.99811],[121.312094,24.998072],[121.312135,24.998036],[121.31218,24.997996],[121.312219,24.997957],[121.312247,24.997926],[121.312276,24.997891],[121.312317,24.997835],[121.312356,24.997775],[121.312374,24.997745],[121.312403,24.997686],[121.312437,24.997609],[121.312451,24.997578],[121.312438,24.997547]]]]}},{"type":"Feature","properties":{"NAME":"公六街_2","PSTART":"公六街_2A","PEND":"公六街_2B","SW_DIRECT":"1","SW_LENG":11.92,"SW_WTH":4.12,"SWW_WTH":4.12,"SW_RAMP":2,"COUNTY_NA":"桃園市","VILL_NAME":"桃園區"},"geometry":{"type":"MultiPolygon","coordinates":[[[[121.311962,24.998127],[121.311958,24.998125],[121.311954,24.998125],[121.311934,24.998137],[121.311902,24.998158],[121.311866,24.998182],[121.311888,24.998213],[121.311923,24.99819],[121.311986,24.998149],[121.31197,24.998131],[121.311962,24.998127]]]]}},{"type":"Feature","properties":{"NAME":"公六街_6","PSTART":"公六街_6A","PEND":"公六街_6B","SW_DIRECT":"1","SW_LENG":165.68,"SW_WTH":3.7,"SWW_WTH":3.7,"SW_RAMP":2,"COUNTY_NA":"桃園市","VILL_NAME":"桃園區"},"geometry":{"type":"MultiPolygon","coordinates":[[[[121.31171,24.998384],[121.311694,24.998379],[121.311685,24.998398],[121.311665,24.998444],[121.311634,24.998511],[121.31162,24.998544],[121.311588,24.998615],[121.311562,24.998672],[121.311557,24.998684],[121.311517,24.998773],[121.31148,24.99885],[121.311464,24.998885],[121.311449,24.998919],[121.311403,24.99902],[121.31138,24.999071],[121.311361,24.999114],[121.311344,24.999152],[121.311326,24.999192],[121.311301,24.999246],[121.311256,24.999348],[121.311235,24.999392],[121.311218,24.999427],[121.311198,24.999472],[121.311181,24.99951],[121.311171,24.999532],[121.311153,24.999571],[121.31111,24.999667],[121.311083,24.999728],[121.311075,24.999747],[121.311069,24.99976],[121.311103,24.999775],[121.311122,24.999735],[121.311144,24.999686],[121.31117,24.999627],[121.311182,24.999602],[121.311194,24.999575],[121.311198,24.999565],[121.311203,24.999554],[121.311246,24.99946],[121.311266,24.999415],[121.311309,24.999319],[121.311333,24.999266],[121.311359,24.999209],[121.311379,24.999165],[121.31139,24.99914],[121.311411,24.999094],[121.311439,24.999031],[121.311448,24.999012],[121.311466,24.998971],[121.311511,24.998872],[121.31153,24.998828],[121.311571,24.99874],[121.311594,24.998686],[121.311601,24.998671],[121.311618,24.998634],[121.311649,24.998564],[121.311698,24.998456],[121.311717,24.998413],[121.311727,24.99839],[121.31171,24.998384]]]]}},{"type":"Feature","properties":{"NAME":"朝陽街","PSTART":"朝陽街43號","PEND":"朝陽街9號","SW_DIRECT":"2","SW_LENG":90.0,"SW_WTH":2.4,"SWW_WTH":2.4,"SW_RAMP":3,"COUNTY_NA":"桃園市","VILL_NAME":"桃園區"},"geometry":{"type":"MultiPolygon","coordinates":[[[[121.313232,24.996789],[121.313256,24.996797],[121.313529,24.996053],[121.313503,24.996044],[121.313232,24.996789]]]]}},{"type":"Feature","properties":{"NAME":"大華二街","PSTART":"正康一街","PEND":"大華二街","SW_DIRECT":"1","SW_LENG":92.0,"SW_WTH":4.5,"SWW_WTH":4.5,"SW_RAMP":3,"COUNTY_NA":"桃園市","VILL_NAME":"桃園區"},"geometry":{"type":"MultiPolygon","coordinates":[[[[121.308371,25.00006],[121.308316,25.000036],[121.308152,25.000342],[121.308577,25.000556],[121.30865,25.00047],[121.308277,25.000299],[121.308371,25.00006]]]]}},{"type":"Feature","properties":{"NAME":"日光路","PSTART":"日光路92號","PEND":"青溪一路128巷","SW_DIRECT":"1","SW_LENG":227.0,"SW_WTH":3.6,"SWW_WTH":3.6,"SW_RAMP":8,"COUNTY_NA":"桃園市","VILL_NAME":"桃園區"},"geometry":{"type":"MultiPolygon","coordinates":[[[[121.311164,25.00212],[121.311209,25.002127],[121.311367,25.001668],[121.311432,25.001501],[121.311469,25.001422],[121.311786,25.001512],[121.311852,25.001538],[121.311615,25.002232],[121.311652,25.002243],[121.31191,25.001536],[121.311875,25.001491],[121.311443,25.001362],[121.311401,25.001384],[121.311164,25.00212]]]]}},{"type":"Feature","properties":{"NAME":"建國路61巷","PSTART":"建國路61巷33弄","PEND":"建國路61巷61弄","SW_DIRECT":"2","SW_LENG":53.0,"SW_WTH":3.6,"SWW_WTH":3.6,"SW_RAMP":2,"COUNTY_NA":"桃園市","VILL_NAME":"桃園區"},"geometry":{"type":"MultiPolygon","coordinates":[[[[121.3155,24.984869],[121.315574,24.98426],[121.315548,24.98426],[121.315466,24.984874],[121.3155,24.984869]]]]}},{"type":"Feature","properties":{"NAME":"建國東路","PSTART":"興隆路","PEND":"興邦路1","SW_DIRECT":"1","SW_LENG":30.0,"SW_WTH":2.5,"SWW_WTH":2.5,"SW_RAMP":2,"COUNTY_NA":"桃園市","VILL_NAME":"桃園區"},"geometry":{"type":"MultiPolygon","coordinates":[[[[121.320328,24.986096],[121.320386,24.986055],[121.320349,24.986053],[121.320313,24.986074],[121.320216,24.986069],[121.320201,24.986065],[121.320189,24.986056],[121.320183,24.986043],[121.320155,24.986042],[121.320161,24.98605],[121.320176,24.986066],[121.320186,24.986073],[121.320201,24.986081],[121.320218,24.986086],[121.320241,24.986092],[121.320259,24.986094],[121.32028,24.986096],[121.320322,24.986098],[121.320328,24.986096]]]]}},{"type":"Feature","properties":{"NAME":"建國東路","PSTART":"興隆路","PEND":"興邦路2","SW_DIRECT":"1","SW_LENG":35.0,"SW_WTH":2.5,"SWW_WTH":2.5,"SW_RAMP":2,"COUNTY_NA":"桃園市","VILL_NAME":"桃園區"},"geometry":{"type":"MultiPolygon","coordinates":[[[[121.320864,24.986105],[121.320507,24.986085],[121.320524,24.986102],[121.320532,24.986107],[121.320541,24.98611],[121.320712,24.98612],[121.320843,24.986127],[121.320861,24.98611],[121.320864,24.986105]]]]}},{"type":"Feature","properties":{"NAME":"建國東路","PSTART":"建國東路","PEND":"建國東路_7B","SW_DIRECT":"1","SW_LENG":35.94,"SW_WTH":2.52,"SWW_WTH":2.52,"SW_RAMP":2,"COUNTY_NA":"桃園市","VILL_NAME":"桃園區"},"geometry":{"type":"MultiPolygon","coordinates":[[[[121.321175,24.986123],[121.320952,24.986111],[121.320963,24.986134],[121.321096,24.986141],[121.321267,24.986151],[121.321285,24.986152],[121.321299,24.986149],[121.321307,24.986145],[121.321319,24.986137],[121.321324,24.986131],[121.321175,24.986123]]]]}},{"type":"Feature","properties":{"NAME":"建國東路","PSTART":"建國東路","PEND":"建國東路_2B","SW_DIRECT":"1","SW_LENG":21.53,"SW_WTH":2.54,"SWW_WTH":2.54,"SW_RAMP":2,"COUNTY_NA":"桃園市","VILL_NAME":"桃園區"},"geometry":{"type":"MultiPolygon","coordinates":[[[[121.321674,24.986159],[121.321663,24.986137],[121.321653,24.986143],[121.321638,24.986147],[121.321623,24.986148],[121.321613,24.986147],[121.321601,24.986146],[121.321447,24.986138],[121.321452,24.986144],[121.321459,24.986151],[121.321466,24.986156],[121.321474,24.98616],[121.321481,24.986163],[121.321554,24.986167],[121.321615,24.98617],[121.321636,24.98617],[121.321644,24.986169],[121.321659,24.986165],[121.321674,24.986159]]]]}},{"type":"Feature","properties":{"NAME":"興邦路","PSTART":"興邦路","PEND":"興邦路","SW_DIRECT":"1","SW_LENG":29.35,"SW_WTH":2.79,"SWW_WTH":2.79,"SW_RAMP":2,"COUNTY_NA":"桃園市","VILL_NAME":"桃園區"},"geometry":{"type":"MultiPolygon","coordinates":[[[[121.324005,24.983001],[121.323995,24.982995],[121.323982,24.983013],[121.323954,24.983051],[121.323842,24.983201],[121.323832,24.983215],[121.32385,24.983225],[121.323856,24.983223],[121.323865,24.983215],[121.323977,24.983066],[121.324005,24.983027],[121.324006,24.983023],[121.324008,24.983012],[121.324005,24.983001]]]]}},{"type":"Feature","properties":{"NAME":"興邦路","PSTART":"興邦路","PEND":"無名路","SW_DIRECT":"1","SW_LENG":49.86,"SW_WTH":2.79,"SWW_WTH":2.79,"SW_RAMP":2,"COUNTY_NA":"桃園市","VILL_NAME":"桃園區"},"geometry":{"type":"MultiPolygon","coordinates":[[[[121.324349,24.982549],[121.32434,24.982525],[121.324325,24.982546],[121.324302,24.982578],[121.324169,24.982759],[121.324073,24.982888],[121.324058,24.982908],[121.324068,24.98291],[121.32408,24.982911],[121.32409,24.982906],[121.324096,24.982902],[121.324192,24.982773],[121.324325,24.982592],[121.324348,24.98256],[121.324349,24.982549]]]]}},{"type":"Feature","properties":{"NAME":"興邦路","PSTART":"興邦路","PEND":"無名路","SW_DIRECT":"1","SW_LENG":12.99,"SW_WTH":2.79,"SWW_WTH":2.79,"SW_RAMP":2,"COUNTY_NA":"桃園市","VILL_NAME":"桃園區"},"geometry":{"type":"MultiPolygon","coordinates":[[[[121.324485,24.982363],[121.324474,24.982344],[121.32446,24.982364],[121.324412,24.982429],[121.324395,24.982451],[121.324418,24.98245],[121.324429,24.982447],[121.324435,24.982443],[121.324483,24.982378],[121.324485,24.982371],[121.324485,24.982363]]]]}},{"type":"Feature","properties":{"NAME":"興邦路","PSTART":"興邦路","PEND":"無名路","SW_DIRECT":"1","SW_LENG":41.45,"SW_WTH":2.79,"SWW_WTH":2.79,"SW_RAMP":2,"COUNTY_NA":"桃園市","VILL_NAME":"桃園區"},"geometry":{"type":"MultiPolygon","coordinates":[[[[121.324767,24.981985],[121.324753,24.981964],[121.324743,24.981978],[121.324564,24.982222],[121.324532,24.982265],[121.324519,24.982283],[121.32454,24.982286],[121.324548,24.982285],[121.324555,24.982279],[121.324587,24.982237],[121.324764,24.981995],[121.324767,24.981985]]]]}},{"type":"Feature","properties":{"NAME":"興邦路","PSTART":"興邦路","PEND":"無名路","SW_DIRECT":"1","SW_LENG":18.99,"SW_WTH":2.79,"SWW_WTH":2.79,"SW_RAMP":2,"COUNTY_NA":"桃園市","VILL_NAME":"桃園區"},"geometry":{"type":"MultiPolygon","coordinates":[[[[121.324907,24.981789],[121.324897,24.98177],[121.324884,24.981788],[121.324797,24.981906],[121.324786,24.981921],[121.3248,24.981926],[121.324809,24.981926],[121.324819,24.981921],[121.32482,24.98192],[121.324906,24.981803],[121.324907,24.981798],[121.324907,24.981789]]]]}},{"type":"Feature","properties":{"NAME":"興邦路","PSTART":"興邦路","PEND":"無名路15","SW_DIRECT":"1","SW_LENG":15.92,"SW_WTH":2.79,"SWW_WTH":2.79,"SW_RAMP":2,"COUNTY_NA":"桃園市","VILL_NAME":"桃園區"},"geometry":{"type":"MultiPolygon","coordinates":[[[[121.325013,24.981636],[121.325005,24.981622],[121.324986,24.981649],[121.324928,24.981727],[121.324914,24.981746],[121.324922,24.98175],[121.324932,24.981752],[121.324941,24.98175],[121.324948,24.981745],[121.324951,24.981741],[121.325009,24.981663],[121.325013,24.981647],[121.325013,24.981636]]]]}},{"type":"Feature","properties":{"NAME":"興隆路","PSTART":"興隆路","PEND":"興隆路","SW_DIRECT":"1","SW_LENG":31.94,"SW_WTH":2.3,"SWW_WTH":2.3,"SW_RAMP":2,"COUNTY_NA":"桃園市","VILL_NAME":"桃園區"},"geometry":{"type":"MultiPolygon","coordinates":[[[[121.321779,24.983714],[121.321772,24.983714],[121.321767,24.983716],[121.32175,24.983739],[121.321655,24.983867],[121.321599,24.983943],[121.321598,24.983947],[121.321601,24.983952],[121.321613,24.983961],[121.321618,24.983954],[121.321674,24.983879],[121.321769,24.983751],[121.321786,24.983728],[121.321792,24.98372],[121.321779,24.983714]]]]}},{"type":"Feature","properties":{"NAME":"興隆路","PSTART":"興隆路","PEND":"興隆路","SW_DIRECT":"1","SW_LENG":25.66,"SW_WTH":2.3,"SWW_WTH":2.3,"SW_RAMP":2,"COUNTY_NA":"桃園市","VILL_NAME":"桃園區"},"geometry":{"type":"MultiPolygon","coordinates":[[[[121.321558,24.984035],[121.321538,24.98403],[121.321532,24.984032],[121.321397,24.984216],[121.3214,24.984221],[121.321415,24.98423],[121.321416,24.984228],[121.321551,24.984044],[121.321558,24.984035]]]]}},{"type":"Feature","properties":{"NAME":"興隆路","PSTART":"興隆路","PEND":"興隆路","SW_DIRECT":"1","SW_LENG":11.67,"SW_WTH":2.3,"SWW_WTH":2.3,"SW_RAMP":2,"COUNTY_NA":"桃園市","VILL_NAME":"桃園區"},"geometry":{"type":"MultiPolygon","coordinates":[[[[121.320881,24.984938],[121.320876,24.984937],[121.32087,24.984937],[121.32086,24.98494],[121.320807,24.985012],[121.320805,24.985017],[121.32081,24.985023],[121.320821,24.985029],[121.320825,24.985023],[121.32088,24.98495],[121.320886,24.984941],[121.320886,24.984941],[121.320881,24.984938]]]]}},{"type":"Feature","properties":{"NAME":"興隆路","PSTART":"興隆路","PEND":"興隆路","SW_DIRECT":"1","SW_LENG":41.84,"SW_WTH":2.3,"SWW_WTH":2.3,"SW_RAMP":2,"COUNTY_NA":"桃園市","VILL_NAME":"桃園區"},"geometry":{"type":"MultiPolygon","coordinates":[[[[121.320739,24.98514],[121.320723,24.985135],[121.320718,24.985135],[121.320713,24.985137],[121.32063,24.985248],[121.320491,24.985437],[121.320489,24.985443],[121.320495,24.985449],[121.320505,24.985455],[121.320649,24.98526],[121.320733,24.985148],[121.320739,24.98514]]]]}},{"type":"Feature","properties":{"NAME":"興隆路","PSTART":"興隆路","PEND":"興隆路","SW_DIRECT":"1","SW_LENG":77.72,"SW_WTH":2.3,"SWW_WTH":2.3,"SW_RAMP":2,"COUNTY_NA":"桃園市","VILL_NAME":"桃園區"},"geometry":{"type":"MultiPolygon","coordinates":[[[[121.321341,24.984305],[121.321333,24.984304],[121.32133,24.984305],[121.32127,24.984385],[121.321189,24.984496],[121.321127,24.984579],[121.321036,24.984702],[121.320911,24.984871],[121.32091,24.984882],[121.320911,24.984887],[121.32092,24.984895],[121.32093,24.984882],[121.321055,24.984713],[121.321146,24.984591],[121.321208,24.984507],[121.321289,24.984397],[121.321349,24.984317],[121.321354,24.98431],[121.321341,24.984305]]]]}},{"type":"Feature","properties":{"NAME":"成功路三段","PSTART":"長壽路","PEND":"公園路","SW_DIRECT":"1","SW_LENG":28.65,"SW_WTH":1.5,"SWW_WTH":1.5,"SW_RAMP":2,"COUNTY_NA":"桃園市","VILL_NAME":"桃園區"},"geometry":{"type":"MultiPolygon","coordinates":[[[[121.324829,24.997178],[121.324819,24.997167],[121.324815,24.997183],[121.324818,24.997186],[121.324862,24.997234],[121.324914,24.997291],[121.324953,24.997334],[121.324993,24.997378],[121.325004,24.997369],[121.324964,24.997325],[121.324925,24.997283],[121.324873,24.997226],[121.324829,24.997178]]]]}},{"type":"Feature","properties":{"NAME":"莒光街","PSTART":"莒光街","PEND":"莒光街","SW_DIRECT":"1","SW_LENG":53.21,"SW_WTH":3.23,"SWW_WTH":3.23,"SW_RAMP":2,"COUNTY_NA":"桃園市","VILL_NAME":"桃園區"},"geometry":{"type":"MultiPolygon","coordinates":[[[[121.305179,24.995504],[121.305164,24.995503],[121.305163,24.995505],[121.305163,24.995508],[121.305161,24.995529],[121.305312,24.995539],[121.305506,24.99555],[121.305559,24.995553],[121.305612,24.995556],[121.305687,24.995559],[121.305689,24.995544],[121.30569,24.995528],[121.305576,24.995524],[121.305354,24.995512],[121.305179,24.995504]]]]}},{"type":"Feature","properties":{"NAME":"縣府路","PSTART":"縣府路","PEND":"無名路","SW_DIRECT":"1","SW_LENG":9.39,"SW_WTH":2.34,"SWW_WTH":2.34,"SW_RAMP":2,"COUNTY_NA":"桃園市","VILL_NAME":"桃園區"},"geometry":{"type":"MultiPolygon","coordinates":[[[[121.301814,24.992378],[121.301747,24.992317],[121.301731,24.992333],[121.301796,24.992391],[121.301814,24.992378]]]]}},{"type":"Feature","properties":{"NAME":"育樂街","PSTART":"育樂街","PEND":"育樂街5","SW_DIRECT":"1","SW_LENG":28.18,"SW_WTH":1.26,"SWW_WTH":1.26,"SW_RAMP":2,"COUNTY_NA":"桃園市","VILL_NAME":"桃園區"},"geometry":{"type":"MultiPolygon","coordinates":[[[[121.304616,24.993032],[121.304567,24.992894],[121.304565,24.992894],[121.304564,24.992896],[121.304562,24.992898],[121.304561,24.9929],[121.30456,24.992902],[121.30456,24.992904],[121.304559,24.992906],[121.30456,24.992907],[121.304566,24.992926],[121.30462,24.993096],[121.304639,24.993161],[121.304641,24.993164],[121.304643,24.993165],[121.304646,24.993166],[121.30465,24.993167],[121.30466,24.993168],[121.304616,24.993032]]]]}},{"type":"Feature","properties":{"NAME":"朝陽街","PSTART":"日光路","PEND":"三民路二段","SW_DIRECT":"1","SW_LENG":194.4,"SW_WTH":2.71,"SWW_WTH":2.71,"SW_RAMP":2,"COUNTY_NA":"桃園市","VILL_NAME":"桃園區"},"geometry":{"type":"MultiPolygon","coordinates":[[[[121.312407,25.001665],[121.312393,25.001634],[121.312385,25.001636],[121.31237,25.001646],[121.312357,25.001657],[121.312349,25.00167],[121.312334,25.001712],[121.312262,25.001896],[121.312175,25.002122],[121.312086,25.002353],[121.312006,25.002559],[121.311949,25.002708],[121.311853,25.002955],[121.311847,25.002967],[121.311836,25.002991],[121.31178,25.003109],[121.31174,25.003197],[121.311722,25.003236],[121.311718,25.003253],[121.31172,25.003264],[121.311723,25.003275],[121.311726,25.003284],[121.31173,25.00329],[121.311763,25.003275],[121.311748,25.003243],[121.3118,25.003131],[121.311853,25.003018],[121.311875,25.002971],[121.311888,25.002937],[121.311957,25.00276],[121.311999,25.002651],[121.312015,25.002611],[121.312017,25.002606],[121.312018,25.002606],[121.312024,25.002589],[121.312028,25.002573],[121.312034,25.002558],[121.312041,25.002539],[121.31205,25.002524],[121.312055,25.002505],[121.312086,25.002426],[121.312141,25.002284],[121.312218,25.002084],[121.312273,25.001942],[121.312311,25.001846],[121.312374,25.001679],[121.312407,25.001665]]]]}},{"type":"Feature","properties":{"NAME":"朝陽街","PSTART":"日光路","PEND":"三民路二段","SW_DIRECT":"1","SW_LENG":196.87,"SW_WTH":4.12,"SWW_WTH":4.12,"SW_RAMP":2,"COUNTY_NA":"桃園市","VILL_NAME":"桃園區"},"geometry":{"type":"MultiPolygon","coordinates":[[[[121.312251,25.001593],[121.312243,25.001583],[121.3122,25.00168],[121.312112,25.001911],[121.31206,25.00205],[121.311897,25.002463],[121.311758,25.002827],[121.311715,25.002933],[121.311647,25.003081],[121.3116,25.003183],[121.311594,25.003197],[121.311589,25.003203],[121.311579,25.00321],[121.311568,25.003216],[121.311557,25.00322],[121.311543,25.003249],[121.311548,25.00325],[121.311561,25.00325],[121.311574,25.003248],[121.311587,25.003245],[121.311593,25.003243],[121.311602,25.003239],[121.311609,25.003234],[121.311617,25.003225],[121.311632,25.003202],[121.311676,25.00311],[121.31175,25.002953],[121.311759,25.002934],[121.311767,25.002913],[121.311845,25.002712],[121.311892,25.002589],[121.312009,25.002286],[121.312073,25.002122],[121.312137,25.001955],[121.312172,25.001866],[121.312231,25.001712],[121.312257,25.001647],[121.31226,25.001636],[121.312261,25.001627],[121.31226,25.001616],[121.312256,25.001606],[121.312251,25.001593]]]]}},{"type":"Feature","properties":{"NAME":"青溪一路","PSTART":"青溪一路","PEND":"青溪一路","SW_DIRECT":"1","SW_LENG":46.53,"SW_WTH":2.9,"SWW_WTH":2.9,"SW_RAMP":2,"COUNTY_NA":"桃園市","VILL_NAME":"桃園區"},"geometry":{"type":"MultiPolygon","coordinates":[[[[121.311468,25.001342],[121.311462,25.001341],[121.311455,25.001343],[121.31145,25.001345],[121.311444,25.001349],[121.311441,25.001358],[121.311682,25.001434],[121.311854,25.001483],[121.311885,25.001492],[121.311887,25.001482],[121.311886,25.001478],[121.311883,25.001473],[121.311875,25.001464],[121.311865,25.001461],[121.311832,25.001451],[121.311758,25.001429],[121.311652,25.001397],[121.311526,25.001359],[121.311484,25.001345],[121.311468,25.001342]]]]}},{"type":"Feature","properties":{"NAME":"青溪一路","PSTART":"青溪一路","PEND":"青溪一路","SW_DIRECT":"1","SW_LENG":61.65,"SW_WTH":2.68,"SWW_WTH":2.68,"SW_RAMP":2,"COUNTY_NA":"桃園市","VILL_NAME":"桃園區"},"geometry":{"type":"MultiPolygon","coordinates":[[[[121.311512,25.001237],[121.311481,25.001227],[121.311481,25.001238],[121.311482,25.001242],[121.311484,25.001246],[121.311487,25.00125],[121.31149,25.001253],[121.311493,25.001255],[121.311496,25.001257],[121.311525,25.001266],[121.311608,25.001291],[121.311712,25.001322],[121.311856,25.001365],[121.312011,25.001412],[121.312053,25.001425],[121.312057,25.001426],[121.312065,25.001403],[121.312002,25.001382],[121.311989,25.001378],[121.31164,25.001277],[121.311512,25.001237]]]]}},{"type":"Feature","properties":{"NAME":"青溪一路","PSTART":"青溪一路","PEND":"青溪一路","SW_DIRECT":"1","SW_LENG":56.8,"SW_WTH":2.8,"SWW_WTH":2.8,"SW_RAMP":2,"COUNTY_NA":"桃園市","VILL_NAME":"桃園區"},"geometry":{"type":"MultiPolygon","coordinates":[[[[121.313021,25.001809],[121.313009,25.001805],[121.313001,25.00181],[121.312994,25.001816],[121.312987,25.001826],[121.313061,25.001847],[121.313226,25.001897],[121.313302,25.001919],[121.313378,25.001942],[121.313475,25.001971],[121.313496,25.001978],[121.313505,25.001993],[121.313536,25.001979],[121.31353,25.001971],[121.313524,25.001965],[121.313515,25.00196],[121.313506,25.001956],[121.313492,25.00195],[121.313442,25.001935],[121.313378,25.001916],[121.313262,25.001881],[121.313181,25.001856],[121.313087,25.001828],[121.313035,25.001812],[121.313028,25.00181],[121.313021,25.001809]]]]}},{"type":"Feature","properties":{"NAME":"青溪一路","PSTART":"青溪一路","PEND":"青溪一路","SW_DIRECT":"1","SW_LENG":53.14,"SW_WTH":2.88,"SWW_WTH":2.88,"SW_RAMP":2,"COUNTY_NA":"桃園市","VILL_NAME":"桃園區"},"geometry":{"type":"MultiPolygon","coordinates":[[[[121.314122,25.002139],[121.313918,25.002077],[121.313863,25.002061],[121.313852,25.002061],[121.313844,25.002062],[121.313836,25.002065],[121.313829,25.00207],[121.313843,25.002095],[121.313858,25.002088],[121.313899,25.002099],[121.314141,25.002172],[121.314332,25.00223],[121.314335,25.002223],[121.314335,25.002214],[121.314336,25.002209],[121.314335,25.002203],[121.314289,25.00219],[121.314122,25.002139]]]]}},{"type":"Feature","properties":{"NAME":"博愛路","PSTART":"中正路1","PEND":"中正路2","SW_DIRECT":"2","SW_LENG":33.46,"SW_WTH":2.16,"SWW_WTH":2.16,"SW_RAMP":0,"COUNTY_NA":"桃園市","VILL_NAME":"桃園區"},"geometry":{"type":"MultiPolygon","coordinates":[[[[121.310843,24.995283],[121.310822,24.995287],[121.310816,24.995307],[121.310801,24.995304],[121.31058,24.99518],[121.310578,24.99519],[121.310809,24.995321],[121.31083,24.995321],[121.310843,24.995283]]]]}},{"type":"Feature","properties":{"NAME":"永安路","PSTART":"永安路","PEND":"永安路","SW_DIRECT":"1","SW_LENG":142.42,"SW_WTH":1.73,"SWW_WTH":1.73,"SW_RAMP":2,"COUNTY_NA":"桃園市","VILL_NAME":"桃園區"},"geometry":{"type":"MultiPolygon","coordinates":[[[[121.304241,24.998239],[121.304232,24.998224],[121.304114,24.998282],[121.303856,24.998406],[121.303692,24.99848],[121.303377,24.998618],[121.303089,24.998747],[121.302971,24.9988],[121.302978,24.998814],[121.303246,24.998692],[121.303552,24.998561],[121.303883,24.99841],[121.304031,24.998341],[121.304152,24.998283],[121.304241,24.998239]]]]}},{"type":"Feature","properties":{"NAME":"四維街_2","PSTART":"四維街_2A","PEND":"四維街_2B","SW_DIRECT":"1","SW_LENG":282.64,"SW_WTH":2.98,"SWW_WTH":2.98,"SW_RAMP":2,"COUNTY_NA":"桃園市","VILL_NAME":"桃園區"},"geometry":{"type":"MultiPolygon","coordinates":[[[[121.304704,24.993245],[121.304697,24.993244],[121.304689,24.993244],[121.304683,24.993246],[121.304676,24.99325],[121.304671,24.993254],[121.304664,24.993261],[121.304662,24.993265],[121.304659,24.993269],[121.304695,24.993273],[121.30477,24.993281],[121.304889,24.993294],[121.305033,24.993312],[121.305131,24.993326],[121.305142,24.993332],[121.305156,24.993344],[121.305162,24.993354],[121.305172,24.993368],[121.305177,24.99338],[121.305181,24.993391],[121.30518,24.99342],[121.305159,24.993639],[121.305133,24.993933],[121.305105,24.994312],[121.305083,24.994621],[121.305066,24.99483],[121.305043,24.995086],[121.305041,24.995111],[121.305055,24.995112],[121.305047,24.995185],[121.305028,24.995358],[121.305002,24.995378],[121.305018,24.995407],[121.305043,24.995385],[121.305046,24.995382],[121.305047,24.995379],[121.305047,24.995362],[121.305057,24.995241],[121.305079,24.995005],[121.305091,24.994859],[121.305097,24.99475],[121.305108,24.994604],[121.30512,24.994479],[121.305133,24.994337],[121.30515,24.994111],[121.3052,24.993523],[121.305207,24.993442],[121.305212,24.993377],[121.30521,24.993366],[121.305206,24.993355],[121.3052,24.993343],[121.305192,24.993333],[121.305182,24.993322],[121.305175,24.993316],[121.305159,24.993306],[121.305145,24.9933],[121.30513,24.993295],[121.3051,24.99329],[121.304989,24.993278],[121.304838,24.993261],[121.304704,24.993245]]]]}},{"type":"Feature","properties":{"NAME":"莒光街","PSTART":"莒光街","PEND":"莒光街","SW_DIRECT":"1","SW_LENG":93.02,"SW_WTH":3.19,"SWW_WTH":3.19,"SW_RAMP":2,"COUNTY_NA":"桃園市","VILL_NAME":"桃園區"},"geometry":{"type":"MultiPolygon","coordinates":[[[[121.30437,24.995443],[121.304175,24.995427],[121.304174,24.99544],[121.304173,24.995454],[121.304202,24.995457],[121.304343,24.995469],[121.304638,24.995494],[121.304841,24.99551],[121.304973,24.99552],[121.305084,24.995525],[121.305091,24.995525],[121.305093,24.995499],[121.30497,24.995492],[121.304605,24.995462],[121.30437,24.995443]]]]}},{"type":"Feature","properties":{"NAME":"永安路","PSTART":"永安路","PEND":"永安路","SW_DIRECT":"1","SW_LENG":10.56,"SW_WTH":1.66,"SWW_WTH":1.66,"SW_RAMP":2,"COUNTY_NA":"桃園市","VILL_NAME":"桃園區"},"geometry":{"type":"MultiPolygon","coordinates":[[[[121.305273,24.997497],[121.305265,24.997485],[121.305175,24.997535],[121.305184,24.997548],[121.305194,24.997543],[121.305273,24.997497]]]]}},{"type":"Feature","properties":{"NAME":"文康街","PSTART":"文康街","PEND":"文康街","SW_DIRECT":"1","SW_LENG":234.91,"SW_WTH":3.46,"SWW_WTH":3.46,"SW_RAMP":2,"COUNTY_NA":"桃園市","VILL_NAME":"桃園區"},"geometry":{"type":"MultiPolygon","coordinates":[[[[121.303988,24.993193],[121.303947,24.993182],[121.303944,24.993234],[121.303939,24.993284],[121.303932,24.993352],[121.303914,24.993524],[121.303907,24.993597],[121.303899,24.993671],[121.303892,24.993731],[121.303887,24.993773],[121.303865,24.99399],[121.303833,24.994354],[121.303792,24.994745],[121.303775,24.994938],[121.303762,24.995051],[121.30374,24.99527],[121.303755,24.995288],[121.303768,24.995303],[121.303782,24.99529],[121.303797,24.995278],[121.303773,24.995258],[121.303786,24.995136],[121.303811,24.994873],[121.303839,24.994603],[121.303858,24.994438],[121.303905,24.994026],[121.303924,24.993855],[121.303944,24.993666],[121.303964,24.993464],[121.303981,24.99325],[121.303988,24.993193]]]]}},{"type":"Feature","properties":{"NAME":"莒光街","PSTART":"莒光街","PEND":"莒光街","SW_DIRECT":"1","SW_LENG":124.45,"SW_WTH":3.28,"SWW_WTH":3.28,"SW_RAMP":2,"COUNTY_NA":"桃園市","VILL_NAME":"桃園區"},"geometry":{"type":"MultiPolygon","coordinates":[[[[121.304065,24.995298],[121.303797,24.995278],[121.303782,24.99529],[121.303768,24.995303],[121.303784,24.995304],[121.303815,24.995307],[121.303934,24.995318],[121.304052,24.995327],[121.304528,24.995367],[121.304978,24.995404],[121.305014,24.995408],[121.305018,24.995407],[121.305002,24.995378],[121.304601,24.995343],[121.304065,24.995298]]]]}},{"type":"Feature","properties":{"NAME":"四維街_1","PSTART":"四維街_1A","PEND":"四維街_1B","SW_DIRECT":"1","SW_LENG":52.24,"SW_WTH":3.06,"SWW_WTH":3.06,"SW_RAMP":2,"COUNTY_NA":"桃園市","VILL_NAME":"桃園區"},"geometry":{"type":"MultiPolygon","coordinates":[[[[121.304005,24.993154],[121.303983,24.993152],[121.30397,24.993164],[121.303956,24.993175],[121.303947,24.993182],[121.303988,24.993193],[121.304087,24.9932],[121.304267,24.993223],[121.304428,24.993242],[121.304478,24.993249],[121.304479,24.993246],[121.304479,24.993238],[121.304478,24.993234],[121.304476,24.993229],[121.304472,24.993225],[121.304463,24.99322],[121.304383,24.993211],[121.304174,24.993182],[121.304005,24.993154]]]]}},{"type":"Feature","properties":{"NAME":"永安路","PSTART":"永安路","PEND":"永安路","SW_DIRECT":"1","SW_LENG":102.07,"SW_WTH":1.89,"SWW_WTH":1.89,"SW_RAMP":2,"COUNTY_NA":"桃園市","VILL_NAME":"桃園區"},"geometry":{"type":"MultiPolygon","coordinates":[[[[121.306196,24.996951],[121.306165,24.99695],[121.306153,24.996997],[121.3061,24.997028],[121.305852,24.997162],[121.305736,24.997229],[121.305545,24.997333],[121.305336,24.99745],[121.305351,24.997453],[121.305355,24.997452],[121.305361,24.997451],[121.305366,24.997449],[121.305375,24.997446],[121.305385,24.997443],[121.305397,24.997435],[121.305513,24.997369],[121.305659,24.997288],[121.305754,24.997235],[121.305844,24.997187],[121.305991,24.997106],[121.306118,24.997035],[121.306147,24.997019],[121.306168,24.997005],[121.306172,24.997001],[121.306177,24.996995],[121.306183,24.996986],[121.306188,24.996977],[121.306193,24.996966],[121.306195,24.996958],[121.306196,24.996951]]]]}},{"type":"Feature","properties":{"NAME":"縣府路","PSTART":"縣府路","PEND":"縣府路9","SW_DIRECT":"1","SW_LENG":41.42,"SW_WTH":2.39,"SWW_WTH":2.39,"SW_RAMP":2,"COUNTY_NA":"桃園市","VILL_NAME":"桃園區"},"geometry":{"type":"MultiPolygon","coordinates":[[[[121.301094,24.993552],[121.301097,24.993551],[121.301176,24.993553],[121.301441,24.993562],[121.301449,24.993563],[121.30145,24.99356],[121.301448,24.993539],[121.301291,24.993536],[121.301079,24.99353],[121.301048,24.993529],[121.301046,24.993566],[121.301077,24.993567],[121.301094,24.993552]]]]}},{"type":"Feature","properties":{"NAME":"縣府路","PSTART":"縣府路","PEND":"無名路","SW_DIRECT":"1","SW_LENG":47.22,"SW_WTH":3.14,"SWW_WTH":3.14,"SW_RAMP":2,"COUNTY_NA":"桃園市","VILL_NAME":"桃園區"},"geometry":{"type":"MultiPolygon","coordinates":[[[[121.30012,24.993503],[121.299955,24.993496],[121.299953,24.993524],[121.300096,24.993531],[121.300392,24.993541],[121.300404,24.993541],[121.300407,24.993539],[121.300414,24.993535],[121.300418,24.993531],[121.300422,24.993526],[121.300426,24.993516],[121.300358,24.993512],[121.30012,24.993503]]]]}},{"type":"Feature","properties":{"NAME":"縣府路","PSTART":"縣府路","PEND":"縣府路6","SW_DIRECT":"1","SW_LENG":39.38,"SW_WTH":1.93,"SWW_WTH":1.93,"SW_RAMP":2,"COUNTY_NA":"桃園市","VILL_NAME":"桃園區"},"geometry":{"type":"MultiPolygon","coordinates":[[[[121.300906,24.99356],[121.300907,24.993526],[121.300637,24.993518],[121.300529,24.993516],[121.300528,24.993544],[121.300553,24.993534],[121.300869,24.993542],[121.300858,24.993558],[121.300906,24.99356]]]]}},{"type":"Feature","properties":{"NAME":"縣府路","PSTART":"縣府路","PEND":"縣府路294巷","SW_DIRECT":"1","SW_LENG":21.58,"SW_WTH":5.39,"SWW_WTH":5.39,"SW_RAMP":2,"COUNTY_NA":"桃園市","VILL_NAME":"桃園區"},"geometry":{"type":"MultiPolygon","coordinates":[[[[121.301346,24.992197],[121.30133,24.992197],[121.301327,24.99222],[121.301325,24.992236],[121.301383,24.992241],[121.301539,24.992258],[121.301543,24.9922],[121.301346,24.992197]]]]}},{"type":"Feature","properties":{"NAME":"縣府路","PSTART":"縣府路","PEND":"縣府路294巷","SW_DIRECT":"1","SW_LENG":10.21,"SW_WTH":4.47,"SWW_WTH":4.47,"SW_RAMP":2,"COUNTY_NA":"桃園市","VILL_NAME":"桃園區"},"geometry":{"type":"MultiPolygon","coordinates":[[[[121.301736,24.992308],[121.301672,24.992251],[121.301645,24.992286],[121.301663,24.9923],[121.301675,24.99231],[121.301718,24.992346],[121.301731,24.992333],[121.301747,24.992317],[121.301736,24.992308]]]]}},{"type":"Feature","properties":{"NAME":"縣府路","PSTART":"縣府路","PEND":"縣府路294巷","SW_DIRECT":"1","SW_LENG":9.76,"SW_WTH":3.77,"SWW_WTH":3.77,"SW_RAMP":2,"COUNTY_NA":"桃園市","VILL_NAME":"桃園區"},"geometry":{"type":"MultiPolygon","coordinates":[[[[121.301818,24.992382],[121.301814,24.992378],[121.301796,24.992391],[121.301783,24.992402],[121.301793,24.992411],[121.301848,24.99246],[121.301852,24.992464],[121.301864,24.992455],[121.301877,24.992443],[121.301874,24.992439],[121.301818,24.992382]]]]}},{"type":"Feature","properties":{"NAME":"縣府路","PSTART":"無名路","PEND":"無名路1","SW_DIRECT":"1","SW_LENG":9.72,"SW_WTH":1.82,"SWW_WTH":1.82,"SW_RAMP":2,"COUNTY_NA":"桃園市","VILL_NAME":"桃園區"},"geometry":{"type":"MultiPolygon","coordinates":[[[[121.301942,24.992509],[121.301877,24.992443],[121.301864,24.992455],[121.301928,24.992518],[121.301942,24.992509]]]]}},{"type":"Feature","properties":{"NAME":"縣府路","PSTART":"無名路","PEND":"無名路","SW_DIRECT":"1","SW_LENG":59.03,"SW_WTH":1.94,"SWW_WTH":1.94,"SW_RAMP":2,"COUNTY_NA":"桃園市","VILL_NAME":"桃園區"},"geometry":{"type":"MultiPolygon","coordinates":[[[[121.301997,24.992735],[121.301986,24.992724],[121.301986,24.992724],[121.301973,24.992734],[121.301815,24.992585],[121.301827,24.992574],[121.301815,24.992562],[121.301802,24.992572],[121.30164,24.992427],[121.301652,24.992415],[121.301651,24.992415],[121.301636,24.992402],[121.301622,24.992393],[121.301605,24.992389],[121.301591,24.992387],[121.301583,24.99239],[121.301578,24.992393],[121.301573,24.992397],[121.301568,24.992402],[121.3016,24.992426],[121.301622,24.99244],[121.301717,24.992521],[121.301882,24.992678],[121.301986,24.992775],[121.301997,24.992764],[121.302002,24.992756],[121.302002,24.99275],[121.302002,24.992745],[121.302001,24.992741],[121.301997,24.992735]]]]}},{"type":"Feature","properties":{"NAME":"縣府路","PSTART":"縣府路","PEND":"縣府路294巷","SW_DIRECT":"1","SW_LENG":24.35,"SW_WTH":3.17,"SWW_WTH":3.17,"SW_RAMP":2,"COUNTY_NA":"桃園市","VILL_NAME":"桃園區"},"geometry":{"type":"MultiPolygon","coordinates":[[[[121.302108,24.992669],[121.302103,24.992662],[121.302078,24.992682],[121.302082,24.992686],[121.302096,24.992701],[121.302246,24.992842],[121.302267,24.992821],[121.302157,24.992716],[121.302112,24.992674],[121.302108,24.992669]]]]}},{"type":"Feature","properties":{"NAME":"縣府路","PSTART":"無名路","PEND":"無名路","SW_DIRECT":"1","SW_LENG":70.71,"SW_WTH":2.85,"SWW_WTH":2.85,"SW_RAMP":2,"COUNTY_NA":"桃園市","VILL_NAME":"桃園區"},"geometry":{"type":"MultiPolygon","coordinates":[[[[121.302382,24.993597],[121.302404,24.993429],[121.302411,24.993385],[121.302419,24.993309],[121.302421,24.993285],[121.302421,24.99328],[121.30242,24.993273],[121.302415,24.993254],[121.30241,24.993239],[121.302388,24.993185],[121.30237,24.993149],[121.302351,24.993112],[121.302322,24.99307],[121.302306,24.993054],[121.30225,24.993002],[121.302249,24.993],[121.302243,24.992996],[121.302239,24.992993],[121.302237,24.992996],[121.302235,24.993003],[121.302234,24.99301],[121.302235,24.993029],[121.302262,24.993049],[121.302294,24.99308],[121.302311,24.993102],[121.30233,24.993135],[121.302361,24.993191],[121.302376,24.993228],[121.302388,24.993263],[121.302392,24.993272],[121.302392,24.99329],[121.302375,24.993388],[121.302366,24.993462],[121.302365,24.993464],[121.302363,24.993466],[121.302362,24.993467],[121.30236,24.993467],[121.302359,24.993466],[121.302356,24.993464],[121.302354,24.993527],[121.302354,24.993596],[121.302382,24.993597]]]]}},{"type":"Feature","properties":{"NAME":"縣府路","PSTART":"縣府路","PEND":"縣府路2","SW_DIRECT":"1","SW_LENG":38.03,"SW_WTH":1.53,"SWW_WTH":1.53,"SW_RAMP":2,"COUNTY_NA":"桃園市","VILL_NAME":"桃園區"},"geometry":{"type":"MultiPolygon","coordinates":[[[[121.302557,24.993261],[121.302557,24.993243],[121.302535,24.993244],[121.302541,24.993263],[121.302541,24.993265],[121.302539,24.99328],[121.302535,24.99331],[121.302531,24.993343],[121.30252,24.993432],[121.302508,24.99354],[121.302502,24.993584],[121.302517,24.993586],[121.302531,24.993478],[121.30254,24.993401],[121.302549,24.993323],[121.302557,24.993261]]]]}},{"type":"Feature","properties":{"NAME":"縣府路","PSTART":"縣府路","PEND":"縣府路11","SW_DIRECT":"1","SW_LENG":26.6,"SW_WTH":2.7,"SWW_WTH":2.7,"SW_RAMP":2,"COUNTY_NA":"桃園市","VILL_NAME":"桃園區"},"geometry":{"type":"MultiPolygon","coordinates":[[[[121.302281,24.994069],[121.302258,24.99406],[121.30223,24.994097],[121.302201,24.994133],[121.302165,24.994166],[121.30213,24.994192],[121.302094,24.994221],[121.302088,24.994257],[121.302096,24.994252],[121.302109,24.994245],[121.302149,24.994218],[121.302194,24.994182],[121.302268,24.994091],[121.302281,24.994069]]]]}},{"type":"Feature","properties":{"NAME":"縣府路","PSTART":"縣府路","PEND":"無名路","SW_DIRECT":"1","SW_LENG":53.4,"SW_WTH":2.21,"SWW_WTH":2.21,"SW_RAMP":2,"COUNTY_NA":"桃園市","VILL_NAME":"桃園區"},"geometry":{"type":"MultiPolygon","coordinates":[[[[121.302347,24.994215],[121.302322,24.994195],[121.302261,24.994255],[121.302242,24.994275],[121.302208,24.99431],[121.302176,24.994336],[121.302091,24.994387],[121.302083,24.994391],[121.302037,24.99441],[121.301959,24.994443],[121.30192,24.994463],[121.301911,24.994474],[121.301908,24.994482],[121.301907,24.994489],[121.301908,24.994496],[121.301912,24.994498],[121.301959,24.994473],[121.302047,24.994429],[121.302123,24.994392],[121.302171,24.994362],[121.302293,24.994269],[121.302326,24.994234],[121.302347,24.994215]]]]}},{"type":"Feature","properties":{"NAME":"縣府路","PSTART":"縣府路","PEND":"縣府路16","SW_DIRECT":"1","SW_LENG":43.04,"SW_WTH":3.75,"SWW_WTH":3.75,"SW_RAMP":2,"COUNTY_NA":"桃園市","VILL_NAME":"桃園區"},"geometry":{"type":"MultiPolygon","coordinates":[[[[121.302515,24.99378],[121.302518,24.993739],[121.302482,24.993765],[121.302477,24.993813],[121.30247,24.993871],[121.30246,24.993923],[121.30245,24.993971],[121.302439,24.994002],[121.302425,24.994037],[121.302403,24.994085],[121.302395,24.994102],[121.302385,24.994116],[121.302408,24.994132],[121.30244,24.994095],[121.302456,24.99406],[121.30247,24.994012],[121.302492,24.993942],[121.302504,24.993899],[121.302509,24.993856],[121.302515,24.99378]]]]}},{"type":"Feature","properties":{"NAME":"縣府路","PSTART":"縣府路","PEND":"縣府路10","SW_DIRECT":"1","SW_LENG":25.11,"SW_WTH":2.4,"SWW_WTH":2.4,"SW_RAMP":2,"COUNTY_NA":"桃園市","VILL_NAME":"桃園區"},"geometry":{"type":"MultiPolygon","coordinates":[[[[121.302342,24.993719],[121.302333,24.993718],[121.302332,24.993757],[121.302332,24.993819],[121.30233,24.993855],[121.302326,24.993886],[121.302314,24.993943],[121.302323,24.993946],[121.30234,24.993947],[121.302346,24.993915],[121.302361,24.993803],[121.302361,24.993757],[121.302357,24.993729],[121.302352,24.993722],[121.302342,24.993719]]]]}},{"type":"Feature","properties":{"NAME":"縣府路","PSTART":"縣府路","PEND":"無名路","SW_DIRECT":"1","SW_LENG":54.16,"SW_WTH":4.01,"SWW_WTH":4.01,"SW_RAMP":2,"COUNTY_NA":"桃園市","VILL_NAME":"桃園區"},"geometry":{"type":"MultiPolygon","coordinates":[[[[121.301805,24.994359],[121.301805,24.994354],[121.301782,24.994365],[121.301603,24.994445],[121.30138,24.99455],[121.301312,24.994582],[121.301317,24.99459],[121.30133,24.994598],[121.301348,24.994606],[121.301349,24.994606],[121.301357,24.994603],[121.301591,24.99449],[121.301783,24.9944],[121.301789,24.994397],[121.301792,24.994396],[121.301795,24.994392],[121.301801,24.994384],[121.301802,24.994377],[121.301804,24.994369],[121.301805,24.994359]]]]}},{"type":"Feature","properties":{"NAME":"縣府路","PSTART":"縣府路","PEND":"縣府路14","SW_DIRECT":"1","SW_LENG":39.05,"SW_WTH":3.55,"SWW_WTH":3.55,"SW_RAMP":2,"COUNTY_NA":"桃園市","VILL_NAME":"桃園區"},"geometry":{"type":"MultiPolygon","coordinates":[[[[121.301225,24.994639],[121.301208,24.994631],[121.30094,24.994747],[121.300851,24.994781],[121.300857,24.994785],[121.300876,24.99479],[121.30089,24.994794],[121.300898,24.994795],[121.3009,24.994795],[121.300934,24.994782],[121.301078,24.994723],[121.301245,24.994651],[121.301225,24.994639]]]]}},{"type":"Feature","properties":{"NAME":"縣府路","PSTART":"縣府路","PEND":"縣府路294巷","SW_DIRECT":"1","SW_LENG":90.45,"SW_WTH":3.26,"SWW_WTH":3.26,"SW_RAMP":2,"COUNTY_NA":"桃園市","VILL_NAME":"桃園區"},"geometry":{"type":"MultiPolygon","coordinates":[[[[121.299989,24.994363],[121.299988,24.99435],[121.299953,24.994366],[121.299954,24.994367],[121.299955,24.994375],[121.299958,24.994382],[121.299962,24.994388],[121.299971,24.9944],[121.300007,24.994447],[121.300112,24.994571],[121.300176,24.994645],[121.300205,24.994668],[121.300219,24.994679],[121.300233,24.99469],[121.300255,24.994702],[121.300312,24.994728],[121.300449,24.994787],[121.300475,24.994796],[121.30055,24.994813],[121.300615,24.994821],[121.300654,24.994824],[121.300655,24.994824],[121.300658,24.994815],[121.300658,24.994802],[121.300567,24.994797],[121.300493,24.994783],[121.300447,24.994768],[121.300279,24.994696],[121.300244,24.99467],[121.300192,24.99462],[121.300117,24.994526],[121.300054,24.994447],[121.299994,24.994373],[121.299989,24.994363]]]]}},{"type":"Feature","properties":{"NAME":"縣府路","PSTART":"縣府路","PEND":"縣府路294巷","SW_DIRECT":"1","SW_LENG":21.39,"SW_WTH":2.43,"SWW_WTH":2.43,"SW_RAMP":2,"COUNTY_NA":"桃園市","VILL_NAME":"桃園區"},"geometry":{"type":"MultiPolygon","coordinates":[[[[121.301164,24.99222],[121.301166,24.992203],[121.301327,24.99222],[121.30133,24.992197],[121.301239,24.992191],[121.301199,24.992183],[121.301153,24.992171],[121.301119,24.992162],[121.301119,24.992177],[121.301119,24.99218],[121.301156,24.992218],[121.301161,24.99222],[121.301164,24.99222]]]]}},{"type":"Feature","properties":{"NAME":"縣府路","PSTART":"無名路","PEND":"無名路1","SW_DIRECT":"1","SW_LENG":71.64,"SW_WTH":4.76,"SWW_WTH":4.76,"SW_RAMP":2,"COUNTY_NA":"桃園市","VILL_NAME":"桃園區"},"geometry":{"type":"MultiPolygon","coordinates":[[[[121.299777,24.993106],[121.299954,24.992981],[121.299888,24.992982],[121.299761,24.993069],[121.299764,24.993072],[121.299642,24.993158],[121.299633,24.993164],[121.299583,24.993198],[121.299578,24.993215],[121.299541,24.993329],[121.299498,24.993465],[121.299497,24.99347],[121.299497,24.993475],[121.299497,24.993476],[121.299541,24.993478],[121.299625,24.993224],[121.299777,24.993106]]]]}},{"type":"Feature","properties":{"NAME":"縣府路","PSTART":"縣府路","PEND":"縣府路8","SW_DIRECT":"1","SW_LENG":44.29,"SW_WTH":2.25,"SWW_WTH":2.25,"SW_RAMP":2,"COUNTY_NA":"桃園市","VILL_NAME":"桃園區"},"geometry":{"type":"MultiPolygon","coordinates":[[[[121.300081,24.992895],[121.300228,24.992793],[121.300398,24.992673],[121.300433,24.992648],[121.300429,24.992645],[121.300424,24.992641],[121.300419,24.992639],[121.30041,24.992637],[121.300404,24.992636],[121.300397,24.992636],[121.300393,24.992636],[121.30037,24.992651],[121.300379,24.99266],[121.300351,24.99268],[121.300328,24.992696],[121.30032,24.992687],[121.300304,24.992698],[121.300313,24.992707],[121.300296,24.992719],[121.300279,24.992732],[121.30027,24.992722],[121.300253,24.992734],[121.300237,24.992745],[121.300246,24.992754],[121.300227,24.992767],[121.300207,24.992781],[121.300199,24.992772],[121.300149,24.992807],[121.300159,24.992818],[121.300119,24.992846],[121.300108,24.992835],[121.30008,24.992855],[121.300074,24.99286],[121.300074,24.992861],[121.300073,24.992862],[121.300071,24.992865],[121.300071,24.992867],[121.300071,24.99287],[121.300071,24.992873],[121.300071,24.992876],[121.300072,24.992879],[121.300073,24.992883],[121.300076,24.992887],[121.300078,24.992891],[121.300081,24.992895]]]]}},{"type":"Feature","properties":{"NAME":"縣府路","PSTART":"縣府路","PEND":"縣府路294巷","SW_DIRECT":"1","SW_LENG":100.37,"SW_WTH":3.12,"SWW_WTH":3.12,"SW_RAMP":2,"COUNTY_NA":"桃園市","VILL_NAME":"桃園區"},"geometry":{"type":"MultiPolygon","coordinates":[[[[121.300966,24.992341],[121.301009,24.992339],[121.30145,24.992385],[121.301452,24.992362],[121.301446,24.99236],[121.301441,24.992358],[121.301419,24.992356],[121.301409,24.992355],[121.301383,24.992352],[121.301232,24.992337],[121.300997,24.992313],[121.300988,24.992313],[121.300983,24.992313],[121.300901,24.992325],[121.300896,24.992326],[121.30089,24.992329],[121.300834,24.992363],[121.300709,24.992438],[121.300545,24.992537],[121.300538,24.992541],[121.300536,24.992544],[121.300535,24.992546],[121.300533,24.99255],[121.300533,24.992552],[121.300532,24.992557],[121.300531,24.992571],[121.300564,24.992557],[121.300616,24.992528],[121.300878,24.99237],[121.300913,24.99235],[121.300966,24.992341]]]]}},{"type":"Feature","properties":{"NAME":"縣府路","PSTART":"縣府路","PEND":"縣府路294巷","SW_DIRECT":"1","SW_LENG":107.96,"SW_WTH":2.92,"SWW_WTH":2.92,"SW_RAMP":2,"COUNTY_NA":"桃園市","VILL_NAME":"桃園區"},"geometry":{"type":"MultiPolygon","coordinates":[[[[121.300174,24.992644],[121.300228,24.992608],[121.300236,24.992618],[121.30025,24.992608],[121.300275,24.992593],[121.300266,24.992581],[121.300328,24.992542],[121.30039,24.992502],[121.300401,24.992514],[121.300422,24.992501],[121.300411,24.992488],[121.300463,24.992455],[121.300517,24.992423],[121.300526,24.992435],[121.300565,24.992411],[121.300554,24.992398],[121.300568,24.99239],[121.300581,24.992381],[121.300592,24.992394],[121.300633,24.992368],[121.300628,24.99236],[121.300606,24.992337],[121.300312,24.992523],[121.299981,24.992735],[121.299731,24.992894],[121.299761,24.992936],[121.299924,24.992827],[121.300128,24.99269],[121.30012,24.99268],[121.300174,24.992644]]]]}},{"type":"Feature","properties":{"NAME":"縣府路","PSTART":"縣府路","PEND":"縣府路294巷","SW_DIRECT":"1","SW_LENG":18.46,"SW_WTH":3.03,"SWW_WTH":3.03,"SW_RAMP":2,"COUNTY_NA":"桃園市","VILL_NAME":"桃園區"},"geometry":{"type":"MultiPolygon","coordinates":[[[[121.301945,24.992513],[121.301942,24.992509],[121.301928,24.992518],[121.301918,24.992527],[121.301929,24.992538],[121.301979,24.992586],[121.302042,24.992647],[121.302043,24.992647],[121.302047,24.992645],[121.302054,24.992639],[121.302057,24.992635],[121.302059,24.99263],[121.302063,24.992619],[121.302056,24.992619],[121.301987,24.992556],[121.301945,24.992513]]]]}},{"type":"Feature","properties":{"NAME":"永安路","PSTART":"永安路","PEND":"永安路","SW_DIRECT":"1","SW_LENG":11.97,"SW_WTH":1.96,"SWW_WTH":1.96,"SW_RAMP":2,"COUNTY_NA":"桃園市","VILL_NAME":"桃園區"},"geometry":{"type":"MultiPolygon","coordinates":[[[[121.305296,24.997681],[121.305287,24.997665],[121.305283,24.997667],[121.305187,24.997718],[121.305187,24.997719],[121.305187,24.99772],[121.305188,24.997722],[121.305188,24.997725],[121.305189,24.997727],[121.305191,24.99773],[121.305193,24.997733],[121.305195,24.997734],[121.305296,24.997681]]]]}},{"type":"Feature","properties":{"NAME":"永安路","PSTART":"永安路","PEND":"永安路","SW_DIRECT":"1","SW_LENG":162.09,"SW_WTH":1.79,"SWW_WTH":1.79,"SW_RAMP":2,"COUNTY_NA":"桃園市","VILL_NAME":"桃園區"},"geometry":{"type":"MultiPolygon","coordinates":[[[[121.305117,24.997581],[121.305107,24.997565],[121.304997,24.997625],[121.304892,24.997685],[121.30465,24.997815],[121.30429,24.998008],[121.304034,24.998137],[121.303775,24.998257],[121.30371,24.998285],[121.303718,24.9983],[121.303745,24.998288],[121.304068,24.99814],[121.304359,24.997989],[121.304701,24.997808],[121.305052,24.997614],[121.305117,24.997581]]]]}},{"type":"Feature","properties":{"NAME":"永安路","PSTART":"永安路","PEND":"永安路","SW_DIRECT":"1","SW_LENG":99.88,"SW_WTH":1.84,"SWW_WTH":1.84,"SW_RAMP":2,"COUNTY_NA":"桃園市","VILL_NAME":"桃園區"},"geometry":{"type":"MultiPolygon","coordinates":[[[[121.30515,24.997745],[121.305147,24.997742],[121.305135,24.997749],[121.304793,24.997932],[121.304295,24.998192],[121.304296,24.998207],[121.30431,24.998203],[121.304758,24.997969],[121.305135,24.997767],[121.305156,24.997755],[121.305154,24.997751],[121.30515,24.997745]]]]}},{"type":"Feature","properties":{"NAME":"青溪一路","PSTART":"青溪一路","PEND":"青溪一路","SW_DIRECT":"1","SW_LENG":118.51,"SW_WTH":2.75,"SWW_WTH":2.75,"SW_RAMP":2,"COUNTY_NA":"桃園市","VILL_NAME":"桃園區"},"geometry":{"type":"MultiPolygon","coordinates":[[[[121.313578,25.001867],[121.313567,25.001836],[121.313542,25.001846],[121.313485,25.001829],[121.313294,25.001772],[121.312993,25.001682],[121.312757,25.001611],[121.312509,25.001536],[121.312479,25.001527],[121.31244,25.001532],[121.312443,25.001536],[121.312451,25.001542],[121.31246,25.001546],[121.31247,25.001551],[121.312499,25.001559],[121.312572,25.001581],[121.312654,25.001605],[121.312818,25.001655],[121.312866,25.001669],[121.312908,25.001682],[121.312998,25.001709],[121.313145,25.001753],[121.313229,25.001779],[121.313316,25.001805],[121.313367,25.00182],[121.313475,25.001853],[121.313525,25.001867],[121.313535,25.00187],[121.313541,25.001871],[121.313548,25.001872],[121.313555,25.001872],[121.31356,25.001872],[121.313568,25.00187],[121.313574,25.001868],[121.313578,25.001867]]]]}},{"type":"Feature","properties":{"NAME":"青溪一路","PSTART":"青溪一路","PEND":"青溪一路","SW_DIRECT":"1","SW_LENG":48.65,"SW_WTH":2.79,"SWW_WTH":2.79,"SW_RAMP":2,"COUNTY_NA":"桃園市","VILL_NAME":"桃園區"},"geometry":{"type":"MultiPolygon","coordinates":[[[[121.312533,25.001661],[121.312477,25.001644],[121.312437,25.001632],[121.312425,25.00163],[121.312419,25.001629],[121.312411,25.001629],[121.3124,25.001631],[121.312393,25.001634],[121.312407,25.001665],[121.312427,25.001656],[121.31262,25.001714],[121.312856,25.001784],[121.312857,25.001775],[121.312856,25.00177],[121.312854,25.001767],[121.312852,25.001763],[121.312846,25.001758],[121.312841,25.001754],[121.312836,25.001752],[121.312814,25.001746],[121.312721,25.001718],[121.312626,25.001689],[121.312533,25.001661]]]]}},{"type":"Feature","properties":{"NAME":"青溪一路","PSTART":"青溪一路","PEND":"青溪一路","SW_DIRECT":"1","SW_LENG":123.42,"SW_WTH":2.85,"SWW_WTH":2.85,"SW_RAMP":2,"COUNTY_NA":"桃園市","VILL_NAME":"桃園區"},"geometry":{"type":"MultiPolygon","coordinates":[[[[121.315041,25.002302],[121.315021,25.002271],[121.314994,25.002283],[121.314621,25.002171],[121.314345,25.002088],[121.314186,25.002039],[121.314076,25.002005],[121.313946,25.001968],[121.313904,25.001961],[121.313896,25.00194],[121.313863,25.001956],[121.31387,25.001962],[121.313878,25.001969],[121.313887,25.001974],[121.313896,25.001979],[121.313907,25.001982],[121.313944,25.001993],[121.313997,25.002009],[121.314111,25.002044],[121.314196,25.002069],[121.314262,25.002089],[121.314331,25.002111],[121.314431,25.002141],[121.314503,25.002162],[121.314584,25.002187],[121.314675,25.002214],[121.314756,25.002239],[121.314839,25.002264],[121.31492,25.002288],[121.314972,25.002304],[121.314994,25.00231],[121.315002,25.002312],[121.315006,25.002313],[121.315012,25.002312],[121.315018,25.00231],[121.315041,25.002302]]]]}},{"type":"Feature","properties":{"NAME":"青溪一路","PSTART":"青溪一路","PEND":"青溪一路","SW_DIRECT":"1","SW_LENG":55.87,"SW_WTH":2.92,"SWW_WTH":2.92,"SW_RAMP":2,"COUNTY_NA":"桃園市","VILL_NAME":"桃園區"},"geometry":{"type":"MultiPolygon","coordinates":[[[[121.314536,25.002264],[121.314489,25.00225],[121.314481,25.002252],[121.314474,25.002258],[121.31447,25.002264],[121.314473,25.002269],[121.314475,25.002272],[121.314669,25.002331],[121.314781,25.002364],[121.314893,25.002398],[121.314947,25.002414],[121.314963,25.002446],[121.314997,25.002427],[121.314989,25.002413],[121.314979,25.002401],[121.31497,25.002395],[121.314955,25.002389],[121.314841,25.002355],[121.314536,25.002264]]]]}},{"type":"Feature","properties":{"NAME":"中央街","PSTART":"中央街","PEND":"中央街","SW_DIRECT":"1","SW_LENG":338.0,"SW_WTH":2.7,"SWW_WTH":2.7,"SW_RAMP":2,"COUNTY_NA":"桃園市","VILL_NAME":"桃園區"},"geometry":{"type":"MultiPolygon","coordinates":[[[[121.315574,25.001297],[121.315568,25.001281],[121.315556,25.001287],[121.315545,25.001294],[121.315536,25.001301],[121.315527,25.001309],[121.31552,25.001318],[121.315514,25.00133],[121.315503,25.00136],[121.315451,25.001501],[121.315393,25.001661],[121.315317,25.001873],[121.315261,25.002029],[121.315196,25.002207],[121.315174,25.00227],[121.315144,25.002352],[121.315016,25.002706],[121.314897,25.003033],[121.314725,25.003511],[121.314606,25.00384],[121.314505,25.004121],[121.314484,25.004179],[121.314512,25.004178],[121.314544,25.004093],[121.314582,25.003989],[121.314764,25.003488],[121.314954,25.002956],[121.315129,25.00247],[121.315148,25.002424],[121.315201,25.002269],[121.315247,25.002149],[121.315327,25.001927],[121.315424,25.001662],[121.315463,25.001553],[121.315499,25.001453],[121.315522,25.001389],[121.315526,25.00138],[121.315532,25.001365],[121.315537,25.001351],[121.315541,25.001339],[121.315556,25.00133],[121.315571,25.001321],[121.31558,25.001312],[121.315578,25.001307],[121.315574,25.001297]]]]}},{"type":"Feature","properties":{"NAME":"中央街","PSTART":"中央街","PEND":"中央街","SW_DIRECT":"1","SW_LENG":120.41,"SW_WTH":2.92,"SWW_WTH":2.92,"SW_RAMP":2,"COUNTY_NA":"桃園市","VILL_NAME":"桃園區"},"geometry":{"type":"MultiPolygon","coordinates":[[[[121.315408,25.00128],[121.315394,25.00126],[121.315363,25.001275],[121.31537,25.001291],[121.315387,25.001316],[121.315336,25.001458],[121.315249,25.001697],[121.315212,25.001801],[121.315208,25.001815],[121.315201,25.00184],[121.315187,25.001874],[121.315169,25.001926],[121.315135,25.002018],[121.315102,25.002109],[121.315047,25.002259],[121.315021,25.002271],[121.315041,25.002302],[121.31505,25.002298],[121.315059,25.002292],[121.315067,25.002281],[121.315075,25.002261],[121.31512,25.002138],[121.315212,25.001886],[121.315296,25.001654],[121.315382,25.001413],[121.315416,25.001321],[121.315416,25.001315],[121.315414,25.001295],[121.315408,25.00128]]]]}},{"type":"Feature","properties":{"NAME":"朝陽街","PSTART":"日光路","PEND":"三民路二段","SW_DIRECT":"1","SW_LENG":112.63,"SW_WTH":4.04,"SWW_WTH":4.04,"SW_RAMP":2,"COUNTY_NA":"桃園市","VILL_NAME":"桃園區"},"geometry":{"type":"MultiPolygon","coordinates":[[[[121.312642,25.000586],[121.312635,25.000579],[121.312625,25.000573],[121.31261,25.000567],[121.312553,25.000552],[121.312546,25.00058],[121.31256,25.000583],[121.312571,25.000582],[121.31259,25.000586],[121.312602,25.00059],[121.312612,25.000597],[121.312615,25.000608],[121.312613,25.000615],[121.312547,25.000787],[121.312411,25.001138],[121.312277,25.001487],[121.312294,25.001483],[121.31231,25.001475],[121.312319,25.001467],[121.312326,25.00146],[121.312335,25.001444],[121.312348,25.001409],[121.312501,25.001015],[121.312575,25.000824],[121.312639,25.000659],[121.312645,25.000642],[121.312648,25.000634],[121.312648,25.000624],[121.312648,25.000617],[121.312645,25.000608],[121.312655,25.000607],[121.312652,25.000599],[121.312648,25.000593],[121.312642,25.000586]]]]}},{"type":"Feature","properties":{"NAME":"朝陽街","PSTART":"日光路","PEND":"三民路二段","SW_DIRECT":"1","SW_LENG":108.13,"SW_WTH":2.64,"SWW_WTH":2.64,"SW_RAMP":2,"COUNTY_NA":"桃園市","VILL_NAME":"桃園區"},"geometry":{"type":"MultiPolygon","coordinates":[[[[121.312806,25.000647],[121.312798,25.000618],[121.31279,25.00062],[121.31278,25.000624],[121.312766,25.000631],[121.312757,25.000638],[121.312746,25.000653],[121.312739,25.000663],[121.312738,25.000667],[121.312694,25.000784],[121.312573,25.001093],[121.312443,25.001428],[121.312423,25.00148],[121.312421,25.001492],[121.312425,25.001503],[121.312429,25.001516],[121.312435,25.001526],[121.31244,25.001532],[121.312479,25.001527],[121.312452,25.00148],[121.312554,25.001216],[121.312626,25.001025],[121.312755,25.000696],[121.312769,25.000659],[121.312806,25.000647]]]]}},{"type":"Feature","properties":{"NAME":"中央街","PSTART":"中央街","PEND":"中央街","SW_DIRECT":"1","SW_LENG":192.14,"SW_WTH":2.72,"SWW_WTH":2.72,"SW_RAMP":2,"COUNTY_NA":"桃園市","VILL_NAME":"桃園區"},"geometry":{"type":"MultiPolygon","coordinates":[[[[121.315001,25.002436],[121.314997,25.002427],[121.314963,25.002446],[121.314972,25.002462],[121.314948,25.002529],[121.314873,25.002735],[121.31483,25.002855],[121.314821,25.002887],[121.314743,25.003102],[121.314706,25.003204],[121.314682,25.003272],[121.314617,25.003451],[121.314592,25.00352],[121.314513,25.003734],[121.314483,25.003819],[121.314446,25.003923],[121.314403,25.004042],[121.31437,25.004058],[121.314394,25.004086],[121.314402,25.004081],[121.314413,25.004072],[121.314423,25.004061],[121.314428,25.004052],[121.314456,25.003972],[121.314508,25.00383],[121.314596,25.003585],[121.314647,25.003444],[121.314678,25.003359],[121.314737,25.003197],[121.31477,25.003106],[121.314865,25.002842],[121.314923,25.002681],[121.314974,25.00254],[121.314987,25.002504],[121.314999,25.002468],[121.315002,25.002456],[121.315003,25.00245],[121.315001,25.002436]]]]}},{"type":"Feature","properties":{"NAME":"成功路三段","PSTART":"長壽路","PEND":"公園路","SW_DIRECT":"1","SW_LENG":58.55,"SW_WTH":1.47,"SWW_WTH":1.47,"SW_RAMP":2,"COUNTY_NA":"桃園市","VILL_NAME":"桃園區"},"geometry":{"type":"MultiPolygon","coordinates":[[[[121.32515,24.997528],[121.325137,24.997515],[121.325126,24.997524],[121.325138,24.997537],[121.325178,24.997581],[121.325202,24.997607],[121.325224,24.997631],[121.325244,24.997653],[121.325257,24.997667],[121.325276,24.997689],[121.325286,24.997699],[121.325308,24.997723],[121.325321,24.997737],[121.325334,24.997752],[121.325345,24.997764],[121.325358,24.997778],[121.325383,24.997806],[121.32541,24.997835],[121.325431,24.997858],[121.325497,24.99793],[121.325508,24.997922],[121.325386,24.997789],[121.325189,24.997572],[121.32515,24.997528]]]]}},{"type":"Feature","properties":{"NAME":"三元街","PSTART":"三民路","PEND":"大業路","SW_DIRECT":"1","SW_LENG":131.54,"SW_WTH":3.33,"SWW_WTH":3.33,"SW_RAMP":2,"COUNTY_NA":"桃園市","VILL_NAME":"桃園區"},"geometry":{"type":"MultiPolygon","coordinates":[[[[121.317011,25.001372],[121.317004,25.001369],[121.316973,25.00139],[121.316979,25.0014],[121.317018,25.001444],[121.317045,25.001473],[121.317138,25.001575],[121.317222,25.001667],[121.317263,25.001712],[121.317339,25.001795],[121.317394,25.001855],[121.317449,25.001916],[121.317476,25.001945],[121.317507,25.001979],[121.317539,25.002014],[121.317567,25.002045],[121.317596,25.002075],[121.317644,25.002128],[121.317686,25.002174],[121.317806,25.002306],[121.31784,25.00228],[121.317828,25.002266],[121.317797,25.002232],[121.317774,25.002205],[121.31775,25.002177],[121.317723,25.002146],[121.317712,25.002134],[121.317698,25.002118],[121.317694,25.002114],[121.317677,25.002101],[121.317659,25.002088],[121.317642,25.002074],[121.31762,25.002057],[121.317597,25.00204],[121.317584,25.00203],[121.317581,25.002027],[121.317573,25.002018],[121.317563,25.002006],[121.317554,25.001996],[121.317539,25.001978],[121.317519,25.001956],[121.317492,25.001925],[121.317475,25.001905],[121.317458,25.001886],[121.31743,25.001853],[121.317393,25.001811],[121.317365,25.001779],[121.317322,25.001729],[121.3173,25.001705],[121.317281,25.001683],[121.317258,25.001655],[121.317234,25.001629],[121.317211,25.001602],[121.31718,25.001565],[121.317158,25.001541],[121.31713,25.001508],[121.317107,25.001482],[121.31709,25.001462],[121.317074,25.001443],[121.317057,25.001424],[121.317032,25.001396],[121.317032,25.001396],[121.317011,25.001372]]]]}},{"type":"Feature","properties":{"NAME":"三元街","PSTART":"三民路","PEND":"大業路","SW_DIRECT":"1","SW_LENG":38.02,"SW_WTH":4.19,"SWW_WTH":4.19,"SW_RAMP":2,"COUNTY_NA":"桃園市","VILL_NAME":"桃園區"},"geometry":{"type":"MultiPolygon","coordinates":[[[[121.317835,25.002018],[121.317826,25.002018],[121.317817,25.002019],[121.31781,25.002021],[121.3178,25.002025],[121.317797,25.002028],[121.317807,25.002039],[121.317831,25.002066],[121.317885,25.002127],[121.317922,25.002169],[121.317943,25.002193],[121.317961,25.002213],[121.317993,25.00225],[121.318016,25.002276],[121.318035,25.002298],[121.318068,25.002276],[121.318045,25.002248],[121.317955,25.002147],[121.317892,25.002075],[121.317845,25.002023],[121.317841,25.002019],[121.317835,25.002018]]]]}},{"type":"Feature","properties":{"NAME":"三元街","PSTART":"三民路","PEND":"大業路","SW_DIRECT":"1","SW_LENG":80.21,"SW_WTH":2.86,"SWW_WTH":2.86,"SW_RAMP":2,"COUNTY_NA":"桃園市","VILL_NAME":"桃園區"},"geometry":{"type":"MultiPolygon","coordinates":[[[[121.317342,25.001403],[121.317338,25.001349],[121.317269,25.001354],[121.317266,25.001358],[121.317258,25.00137],[121.317253,25.001384],[121.317247,25.001397],[121.317241,25.001416],[121.317253,25.001428],[121.317267,25.001444],[121.317274,25.001452],[121.31729,25.001468],[121.317303,25.001483],[121.317369,25.001554],[121.317421,25.00161],[121.31746,25.001653],[121.317497,25.001694],[121.317533,25.001734],[121.317597,25.001805],[121.317638,25.00185],[121.317673,25.001889],[121.317695,25.001914],[121.317718,25.001896],[121.317713,25.001891],[121.317651,25.001824],[121.31759,25.001756],[121.317527,25.001687],[121.317472,25.001626],[121.317391,25.001537],[121.317303,25.001439],[121.317291,25.001427],[121.3173,25.001407],[121.317342,25.001403]]]]}},{"type":"Feature","properties":{"NAME":"成功路三段","PSTART":"長壽路","PEND":"公園路","SW_DIRECT":"1","SW_LENG":39.98,"SW_WTH":1.69,"SWW_WTH":1.69,"SW_RAMP":2,"COUNTY_NA":"桃園市","VILL_NAME":"桃園區"},"geometry":{"type":"MultiPolygon","coordinates":[[[[121.3234,24.996266],[121.323392,24.996264],[121.323393,24.996281],[121.323647,24.996366],[121.32376,24.996408],[121.323766,24.996394],[121.323652,24.996352],[121.323469,24.99629],[121.3234,24.996266]]]]}},{"type":"Feature","properties":{"NAME":"桃鶯路","PSTART":"桃鶯路","PEND":"桃鶯路","SW_DIRECT":"1","SW_LENG":45.12,"SW_WTH":2.05,"SWW_WTH":2.05,"SW_RAMP":2,"COUNTY_NA":"桃園市","VILL_NAME":"桃園區"},"geometry":{"type":"MultiPolygon","coordinates":[[[[121.317826,24.989033],[121.317807,24.989025],[121.317782,24.989047],[121.317401,24.989081],[121.317379,24.989082],[121.317388,24.989101],[121.31779,24.989065],[121.317826,24.989033]]]]}},{"type":"Feature","properties":{"NAME":"中華路","PSTART":"中華路","PEND":"中華路","SW_DIRECT":"1","SW_LENG":38.35,"SW_WTH":1.14,"SWW_WTH":1.14,"SW_RAMP":2,"COUNTY_NA":"桃園市","VILL_NAME":"桃園區"},"geometry":{"type":"MultiPolygon","coordinates":[[[[121.312333,24.99145],[121.312236,24.991421],[121.312234,24.991426],[121.312233,24.99143],[121.312374,24.991472],[121.31243,24.99149],[121.31245,24.991529],[121.31246,24.991551],[121.312485,24.991598],[121.312502,24.991628],[121.312512,24.991624],[121.312496,24.991594],[121.312437,24.991481],[121.312419,24.991476],[121.312333,24.99145]]]]}},{"type":"Feature","properties":{"NAME":"中正路","PSTART":"中正路77巷","PEND":"中華路79","SW_DIRECT":"2","SW_LENG":40.0,"SW_WTH":1.1,"SWW_WTH":1.1,"SW_RAMP":2,"COUNTY_NA":"桃園市","VILL_NAME":"桃園區"},"geometry":{"type":"MultiPolygon","coordinates":[[[[121.312513,24.991629],[121.312512,24.991624],[121.312502,24.991628],[121.312435,24.991805],[121.312407,24.991876],[121.312375,24.99196],[121.312377,24.991961],[121.312382,24.991962],[121.312384,24.991963],[121.312404,24.991911],[121.312409,24.991896],[121.312416,24.991879],[121.312444,24.991809],[121.312444,24.991808],[121.312457,24.991775],[121.31246,24.991767],[121.312467,24.991749],[121.312503,24.991656],[121.312513,24.991629]]]]}},{"type":"Feature","properties":{"NAME":"成功路二段","PSTART":"成功路二段","PEND":"成功路二段31","SW_DIRECT":"1","SW_LENG":52.09,"SW_WTH":2.42,"SWW_WTH":2.42,"SW_RAMP":2,"COUNTY_NA":"桃園市","VILL_NAME":"桃園區"},"geometry":{"type":"MultiPolygon","coordinates":[[[[121.322626,24.996014],[121.322562,24.995995],[121.322551,24.996006],[121.322547,24.996013],[121.322619,24.996035],[121.322678,24.996054],[121.322748,24.996076],[121.322908,24.996126],[121.322988,24.996151],[121.323018,24.996161],[121.32304,24.996168],[121.323041,24.996163],[121.323041,24.996153],[121.323039,24.996145],[121.323025,24.99614],[121.322995,24.99613],[121.322915,24.996105],[121.322755,24.996055],[121.322685,24.996033],[121.322626,24.996014]]]]}},{"type":"Feature","properties":{"NAME":"成功路二段","PSTART":"成功路二段","PEND":"成功路二段10","SW_DIRECT":"1","SW_LENG":14.68,"SW_WTH":2.43,"SWW_WTH":2.43,"SW_RAMP":2,"COUNTY_NA":"桃園市","VILL_NAME":"桃園區"},"geometry":{"type":"MultiPolygon","coordinates":[[[[121.322343,24.995925],[121.322286,24.995908],[121.322284,24.995909],[121.322282,24.995909],[121.322279,24.99591],[121.322277,24.99591],[121.322274,24.995912],[121.322271,24.995913],[121.322267,24.995915],[121.322265,24.995917],[121.322263,24.995918],[121.322262,24.995919],[121.322259,24.995922],[121.322257,24.995922],[121.322335,24.995946],[121.322412,24.995971],[121.322401,24.995945],[121.322343,24.995925]]]]}},{"type":"Feature","properties":{"NAME":"成功路二段","PSTART":"成功路二段","PEND":"成功路二段27","SW_DIRECT":"1","SW_LENG":60.4,"SW_WTH":2.37,"SWW_WTH":2.37,"SW_RAMP":2,"COUNTY_NA":"桃園市","VILL_NAME":"桃園區"},"geometry":{"type":"MultiPolygon","coordinates":[[[[121.32063,24.995387],[121.320392,24.995312],[121.320368,24.995327],[121.320617,24.995406],[121.320769,24.995454],[121.320941,24.995508],[121.320947,24.995493],[121.320947,24.995491],[121.320946,24.995488],[121.320945,24.995487],[121.320781,24.995435],[121.32063,24.995387]]]]}},{"type":"Feature","properties":{"NAME":"中正路","PSTART":"中正路","PEND":"中正路134","SW_DIRECT":"1","SW_LENG":24.49,"SW_WTH":1.34,"SWW_WTH":1.34,"SW_RAMP":2,"COUNTY_NA":"桃園市","VILL_NAME":"桃園區"},"geometry":{"type":"MultiPolygon","coordinates":[[[[121.311371,24.992877],[121.31137,24.992877],[121.311369,24.992877],[121.311368,24.992877],[121.311368,24.992877],[121.311366,24.992878],[121.311365,24.992878],[121.311364,24.992879],[121.311362,24.99288],[121.311358,24.992886],[121.311589,24.992959],[121.311592,24.992952],[121.311592,24.992951],[121.311591,24.99295],[121.311591,24.992948],[121.31159,24.992948],[121.31159,24.992947],[121.311589,24.992946],[121.311582,24.992944],[121.311576,24.992942],[121.311373,24.992877],[121.311372,24.992877],[121.311371,24.992877]]]]}},{"type":"Feature","properties":{"NAME":"牛角坡路","PSTART":"牛角坡路","PEND":"牛角坡路6","SW_DIRECT":"1","SW_LENG":78.68,"SW_WTH":2.5,"SWW_WTH":2.5,"SW_RAMP":2,"COUNTY_NA":"桃園市","VILL_NAME":"桃園區"},"geometry":{"type":"MultiPolygon","coordinates":[[[[121.304062,24.996653],[121.304043,24.996601],[121.304019,24.996609],[121.304039,24.996661],[121.30408,24.996771],[121.304114,24.996814],[121.304165,24.996877],[121.304251,24.996982],[121.304322,24.997065],[121.304353,24.997093],[121.304385,24.997129],[121.304445,24.997189],[121.304467,24.997177],[121.304424,24.99713],[121.304403,24.997108],[121.304375,24.997082],[121.304342,24.997054],[121.304271,24.996969],[121.304185,24.996864],[121.304134,24.996801],[121.304102,24.996761],[121.304062,24.996653]]]]}},{"type":"Feature","properties":{"NAME":"無名路_288","PSTART":"無名路_288A","PEND":"無名路_288B","SW_DIRECT":"1","SW_LENG":130.87,"SW_WTH":2.63,"SWW_WTH":2.63,"SW_RAMP":2,"COUNTY_NA":"桃園市","VILL_NAME":"桃園區"},"geometry":{"type":"MultiPolygon","coordinates":[[[[121.304032,24.995884],[121.304057,24.995792],[121.304097,24.995795],[121.304126,24.995732],[121.304155,24.99567],[121.304164,24.995562],[121.304173,24.995454],[121.304175,24.995427],[121.30415,24.995424],[121.304139,24.995544],[121.304128,24.995664],[121.304104,24.995717],[121.30408,24.995769],[121.304037,24.995766],[121.304008,24.995869],[121.30398,24.995973],[121.303985,24.996127],[121.303991,24.996281],[121.303996,24.996414],[121.304002,24.996548],[121.304002,24.996548],[121.304003,24.996548],[121.304004,24.996548],[121.304015,24.996548],[121.304026,24.996548],[121.304021,24.996414],[121.304017,24.996281],[121.304011,24.996129],[121.304006,24.995977],[121.304032,24.995884]]]]}},{"type":"Feature","properties":{"NAME":"成功路三段","PSTART":"長壽路","PEND":"公園路","SW_DIRECT":"1","SW_LENG":11.06,"SW_WTH":1.5,"SWW_WTH":1.5,"SW_RAMP":2,"COUNTY_NA":"桃園市","VILL_NAME":"桃園區"},"geometry":{"type":"MultiPolygon","coordinates":[[[[121.325031,24.997398],[121.325004,24.997369],[121.324993,24.997378],[121.325019,24.997407],[121.325056,24.997448],[121.325063,24.997455],[121.325068,24.99745],[121.325074,24.997446],[121.325068,24.997439],[121.325031,24.997398]]]]}},{"type":"Feature","properties":{"NAME":"中山路","PSTART":"中山路","PEND":"中山路142","SW_DIRECT":"1","SW_LENG":5.72,"SW_WTH":1.67,"SWW_WTH":1.67,"SW_RAMP":2,"COUNTY_NA":"桃園市","VILL_NAME":"桃園區"},"geometry":{"type":"MultiPolygon","coordinates":[[[[121.303992,24.9922],[121.303979,24.992197],[121.303974,24.992211],[121.30403,24.992223],[121.304033,24.992209],[121.303992,24.9922]]]]}},{"type":"Feature","properties":{"NAME":"復興路","PSTART":"復興路","PEND":"復興路","SW_DIRECT":"1","SW_LENG":29.08,"SW_WTH":1.63,"SWW_WTH":1.63,"SW_RAMP":2,"COUNTY_NA":"桃園市","VILL_NAME":"桃園區"},"geometry":{"type":"MultiPolygon","coordinates":[[[[121.315868,24.991075],[121.315867,24.99106],[121.315782,24.991064],[121.3156,24.991072],[121.31558,24.991073],[121.31558,24.991087],[121.315783,24.991078],[121.315868,24.991075]]]]}},{"type":"Feature","properties":{"NAME":"中正路","PSTART":"中山路","PEND":"博愛路","SW_DIRECT":"2","SW_LENG":74.3,"SW_WTH":0.9,"SWW_WTH":0.9,"SW_RAMP":2,"COUNTY_NA":"桃園市","VILL_NAME":"桃園區"},"geometry":{"type":"MultiPolygon","coordinates":[[[[121.310873,24.994574],[121.310872,24.994573],[121.310798,24.994691],[121.310723,24.994813],[121.310679,24.994885],[121.310541,24.994992],[121.310464,24.995058],[121.310448,24.995069],[121.310431,24.995074],[121.310432,24.995076],[121.310434,24.995078],[121.310436,24.995079],[121.310438,24.99508],[121.31044,24.99508],[121.310443,24.995079],[121.31045,24.995077],[121.310452,24.995077],[121.310469,24.995065],[121.310547,24.994999],[121.310685,24.994891],[121.310686,24.99489],[121.310731,24.994817],[121.310805,24.994695],[121.310875,24.994584],[121.310876,24.994582],[121.310876,24.99458],[121.310876,24.994578],[121.310875,24.994576],[121.310873,24.994574]]]]}},{"type":"Feature","properties":{"NAME":"中正路","PSTART":"成功路一段","PEND":"中正路115巷1","SW_DIRECT":"2","SW_LENG":33.5,"SW_WTH":1.0,"SWW_WTH":1.0,"SW_RAMP":2,"COUNTY_NA":"桃園市","VILL_NAME":"桃園區"},"geometry":{"type":"MultiPolygon","coordinates":[[[[121.312078,24.992753],[121.312061,24.992693],[121.312058,24.992694],[121.312043,24.992708],[121.312053,24.992728],[121.312055,24.992732],[121.312069,24.992756],[121.312035,24.992872],[121.312033,24.992883],[121.312019,24.992917],[121.312006,24.992949],[121.311974,24.993027],[121.31198,24.993026],[121.311982,24.993026],[121.311983,24.993025],[121.311985,24.993024],[121.311986,24.993023],[121.311987,24.993021],[121.311989,24.993018],[121.31199,24.993015],[121.311991,24.993013],[121.312045,24.992875],[121.312078,24.992758],[121.312078,24.992758],[121.312079,24.992756],[121.312079,24.992755],[121.312078,24.992753]]]]}},{"type":"Feature","properties":{"NAME":"中正路","PSTART":"成功路一段","PEND":"中正路102巷","SW_DIRECT":"1","SW_LENG":46.5,"SW_WTH":1.0,"SWW_WTH":1.0,"SW_RAMP":2,"COUNTY_NA":"桃園市","VILL_NAME":"桃園區"},"geometry":{"type":"MultiPolygon","coordinates":[[[[121.312102,24.993064],[121.312104,24.993065],[121.312129,24.992999],[121.31216,24.99292],[121.312161,24.992917],[121.312165,24.992907],[121.312207,24.992799],[121.312242,24.992784],[121.312255,24.992778],[121.31226,24.992775],[121.31226,24.992756],[121.312249,24.992763],[121.312236,24.99277],[121.312203,24.992791],[121.312202,24.992791],[121.312201,24.992792],[121.3122,24.992793],[121.312199,24.992794],[121.312151,24.992914],[121.31212,24.992996],[121.312098,24.993054],[121.312098,24.993056],[121.312098,24.993058],[121.312099,24.993061],[121.3121,24.993063],[121.312102,24.993064]]]]}},{"type":"Feature","properties":{"NAME":"中正路","PSTART":"中正路102巷","PEND":"廣文街","SW_DIRECT":"1","SW_LENG":18.7,"SW_WTH":1.0,"SWW_WTH":1.0,"SW_RAMP":2,"COUNTY_NA":"桃園市","VILL_NAME":"桃園區"},"geometry":{"type":"MultiPolygon","coordinates":[[[[121.312049,24.99331],[121.312052,24.993309],[121.312028,24.993263],[121.312047,24.993214],[121.312062,24.993178],[121.312082,24.993123],[121.312093,24.993094],[121.312091,24.993093],[121.312088,24.993094],[121.312086,24.993094],[121.312084,24.993096],[121.312082,24.993097],[121.312081,24.9931],[121.312073,24.99312],[121.312053,24.993175],[121.312038,24.99321],[121.312019,24.99326],[121.312018,24.99326],[121.312018,24.993262],[121.312018,24.993264],[121.312018,24.993265],[121.312039,24.993305],[121.31204,24.993307],[121.312042,24.993309],[121.312044,24.99331],[121.312047,24.99331],[121.312049,24.99331]]]]}},{"type":"Feature","properties":{"NAME":"中正路","PSTART":"廣文街","PEND":"新民街1","SW_DIRECT":"1","SW_LENG":90.8,"SW_WTH":1.0,"SWW_WTH":1.0,"SW_RAMP":2,"COUNTY_NA":"桃園市","VILL_NAME":"桃園區"},"geometry":{"type":"MultiPolygon","coordinates":[[[[121.311513,24.994067],[121.311516,24.994067],[121.311511,24.994045],[121.311516,24.99401],[121.311583,24.993915],[121.311658,24.99381],[121.311659,24.993808],[121.311666,24.993798],[121.311731,24.993706],[121.311874,24.993506],[121.311963,24.993381],[121.311973,24.993374],[121.311998,24.993364],[121.312026,24.993364],[121.312026,24.993361],[121.312025,24.993359],[121.312023,24.993357],[121.312021,24.993356],[121.312018,24.993355],[121.312016,24.993355],[121.311997,24.993355],[121.311997,24.993355],[121.311995,24.993355],[121.311969,24.993365],[121.311968,24.993366],[121.311956,24.993374],[121.311955,24.993375],[121.311865,24.993501],[121.311723,24.993701],[121.31165,24.993803],[121.311575,24.99391],[121.311507,24.994005],[121.311507,24.994006],[121.311506,24.994007],[121.311501,24.994044],[121.311501,24.994046],[121.311504,24.99406],[121.311505,24.994062],[121.311506,24.994064],[121.311508,24.994066],[121.311511,24.994067],[121.311513,24.994067]]]]}},{"type":"Feature","properties":{"NAME":"中正路","PSTART":"中正路115巷","PEND":"新民街2","SW_DIRECT":"2","SW_LENG":114.1,"SW_WTH":1.0,"SWW_WTH":1.0,"SW_RAMP":2,"COUNTY_NA":"桃園市","VILL_NAME":"桃園區"},"geometry":{"type":"MultiPolygon","coordinates":[[[[121.311958,24.993082],[121.311955,24.993081],[121.311922,24.99318],[121.311909,24.993219],[121.311861,24.993292],[121.311774,24.993424],[121.311762,24.993441],[121.311601,24.993671],[121.311577,24.993706],[121.311538,24.993762],[121.311492,24.993828],[121.311458,24.993876],[121.311415,24.993939],[121.311392,24.993972],[121.311372,24.993979],[121.311373,24.993981],[121.311375,24.993983],[121.311377,24.993984],[121.31138,24.993985],[121.311382,24.993985],[121.311385,24.993984],[121.311396,24.99398],[121.311397,24.99398],[121.311398,24.993979],[121.311399,24.993978],[121.311422,24.993944],[121.311467,24.993881],[121.311501,24.993833],[121.311545,24.993768],[121.311585,24.993711],[121.31161,24.993676],[121.311783,24.993429],[121.31187,24.993297],[121.311918,24.993224],[121.311918,24.993223],[121.311932,24.993183],[121.311962,24.993093],[121.311963,24.99309],[121.311962,24.993088],[121.311961,24.993086],[121.31196,24.993084],[121.311958,24.993082]]]]}},{"type":"Feature","properties":{"NAME":"中正路","PSTART":"新民街","PEND":"中山路","SW_DIRECT":"1","SW_LENG":42.1,"SW_WTH":1.0,"SWW_WTH":1.0,"SW_RAMP":2,"COUNTY_NA":"桃園市","VILL_NAME":"桃園區"},"geometry":{"type":"MultiPolygon","coordinates":[[[[121.311225,24.99451],[121.311227,24.994511],[121.311322,24.994344],[121.311442,24.994135],[121.31144,24.994134],[121.311437,24.994134],[121.311435,24.994134],[121.311432,24.994135],[121.31143,24.994137],[121.311429,24.994139],[121.311313,24.99434],[121.311223,24.994499],[121.311222,24.994501],[121.311222,24.994503],[121.311222,24.994506],[121.311223,24.994508],[121.311225,24.99451]]]]}},{"type":"Feature","properties":{"NAME":"中正路","PSTART":"中正路60號","PEND":"中正路48巷2","SW_DIRECT":"1","SW_LENG":110.0,"SW_WTH":3.0,"SWW_WTH":2.0,"SW_RAMP":1,"COUNTY_NA":"桃園市","VILL_NAME":"桃園區"},"geometry":{"type":"MultiPolygon","coordinates":[[[[121.312536,24.991969],[121.312539,24.99197],[121.312558,24.991916],[121.312576,24.991866],[121.312573,24.991866],[121.312571,24.991866],[121.312568,24.991867],[121.312566,24.991868],[121.312564,24.99187],[121.312563,24.991872],[121.312548,24.991913],[121.312532,24.991958],[121.312532,24.991961],[121.312532,24.991963],[121.312533,24.991965],[121.312534,24.991967],[121.312536,24.991969]]]]}},{"type":"Feature","properties":{"NAME":"中正路","PSTART":"中正路62巷","PEND":"成功路一段1","SW_DIRECT":"1","SW_LENG":55.0,"SW_WTH":1.0,"SWW_WTH":1.0,"SW_RAMP":2,"COUNTY_NA":"桃園市","VILL_NAME":"桃園區"},"geometry":{"type":"MultiPolygon","coordinates":[[[[121.312297,24.9926],[121.312317,24.992592],[121.312302,24.992558],[121.312329,24.992481],[121.312346,24.992437],[121.312364,24.992396],[121.312388,24.992335],[121.312433,24.992214],[121.312444,24.992187],[121.312481,24.992091],[121.312478,24.992091],[121.312476,24.992091],[121.312473,24.992092],[121.312471,24.992093],[121.312469,24.992095],[121.312468,24.992097],[121.312435,24.992184],[121.312424,24.992211],[121.312378,24.992332],[121.312355,24.992393],[121.312337,24.992434],[121.312319,24.992478],[121.312293,24.992554],[121.312293,24.992556],[121.312291,24.992558],[121.31229,24.992562],[121.312291,24.992572],[121.312297,24.9926]]]]}},{"type":"Feature","properties":{"NAME":"中正路","PSTART":"和平路","PEND":"新生路","SW_DIRECT":"1","SW_LENG":113.0,"SW_WTH":1.0,"SWW_WTH":1.0,"SW_RAMP":2,"COUNTY_NA":"桃園市","VILL_NAME":"桃園區"},"geometry":{"type":"MultiPolygon","coordinates":[[[[121.309613,24.997102],[121.309615,24.997103],[121.309721,24.996933],[121.309825,24.996768],[121.309925,24.99661],[121.30993,24.996601],[121.310014,24.996469],[121.310026,24.996451],[121.310098,24.996334],[121.31013,24.996285],[121.310145,24.996281],[121.310144,24.99628],[121.310143,24.996278],[121.310141,24.996277],[121.310139,24.996275],[121.310136,24.996275],[121.310134,24.996275],[121.310128,24.996276],[121.310128,24.996276],[121.310126,24.996276],[121.310125,24.996277],[121.310123,24.996278],[121.310122,24.996279],[121.31009,24.996329],[121.310004,24.996464],[121.309915,24.996606],[121.309816,24.996763],[121.309713,24.996929],[121.309611,24.997091],[121.30961,24.997093],[121.30961,24.997095],[121.30961,24.997098],[121.309611,24.9971],[121.309613,24.997102]]]]}},{"type":"Feature","properties":{"NAME":"成功路二段","PSTART":"成功路二段","PEND":"成功路二段26","SW_DIRECT":"1","SW_LENG":124.19,"SW_WTH":2.32,"SWW_WTH":2.32,"SW_RAMP":2,"COUNTY_NA":"桃園市","VILL_NAME":"桃園區"},"geometry":{"type":"MultiPolygon","coordinates":[[[[121.318214,24.994624],[121.31807,24.994579],[121.318048,24.994585],[121.318061,24.994599],[121.318204,24.994643],[121.318337,24.994686],[121.318444,24.99472],[121.31857,24.994759],[121.318675,24.994793],[121.318817,24.994837],[121.31895,24.99488],[121.319129,24.994937],[121.319208,24.994961],[121.319212,24.994947],[121.319207,24.994938],[121.319139,24.994918],[121.31896,24.994861],[121.318827,24.994818],[121.318686,24.994774],[121.31858,24.99474],[121.318454,24.994701],[121.318347,24.994667],[121.318214,24.994624]]]]}},{"type":"Feature","properties":{"NAME":"成功路二段","PSTART":"成功路二段","PEND":"成功路二段25","SW_DIRECT":"1","SW_LENG":39.95,"SW_WTH":2.28,"SWW_WTH":2.28,"SW_RAMP":2,"COUNTY_NA":"桃園市","VILL_NAME":"桃園區"},"geometry":{"type":"MultiPolygon","coordinates":[[[[121.319419,24.995005],[121.319387,24.994995],[121.319369,24.995003],[121.319366,24.99501],[121.319415,24.995025],[121.319567,24.995073],[121.319651,24.9951],[121.31974,24.995128],[121.319743,24.995122],[121.319744,24.995108],[121.319655,24.995079],[121.319571,24.995053],[121.319419,24.995005]]]]}},{"type":"Feature","properties":{"NAME":"成功路二段","PSTART":"成功路二段","PEND":"成功路二段11","SW_DIRECT":"1","SW_LENG":47.58,"SW_WTH":2.44,"SWW_WTH":2.44,"SW_RAMP":2,"COUNTY_NA":"桃園市","VILL_NAME":"桃園區"},"geometry":{"type":"MultiPolygon","coordinates":[[[[121.321334,24.995609],[121.321216,24.995572],[121.321207,24.995592],[121.321323,24.995628],[121.321428,24.995661],[121.321652,24.995733],[121.321661,24.995712],[121.321628,24.995701],[121.321531,24.99567],[121.321439,24.995641],[121.321334,24.995609]]]]}},{"type":"Feature","properties":{"NAME":"成功路二段","PSTART":"成功路二段","PEND":"成功路二段29","SW_DIRECT":"1","SW_LENG":18.54,"SW_WTH":2.41,"SWW_WTH":2.41,"SW_RAMP":2,"COUNTY_NA":"桃園市","VILL_NAME":"桃園區"},"geometry":{"type":"MultiPolygon","coordinates":[[[[121.321015,24.995509],[121.320995,24.995503],[121.320987,24.995523],[121.321002,24.995528],[121.321159,24.995577],[121.321161,24.995578],[121.321169,24.995557],[121.321015,24.995509]]]]}},{"type":"Feature","properties":{"NAME":"成功路二段","PSTART":"成功路二段","PEND":"成功路二段21","SW_DIRECT":"1","SW_LENG":48.86,"SW_WTH":4.0,"SWW_WTH":4.0,"SW_RAMP":2,"COUNTY_NA":"桃園市","VILL_NAME":"桃園區"},"geometry":{"type":"MultiPolygon","coordinates":[[[[121.32226,24.995721],[121.322161,24.995691],[121.322176,24.995714],[121.322189,24.995731],[121.322195,24.995735],[121.322202,24.995738],[121.322247,24.995754],[121.322377,24.995795],[121.32253,24.995843],[121.322628,24.995873],[121.322641,24.995839],[121.322543,24.995809],[121.32239,24.995761],[121.32226,24.995721]]]]}},{"type":"Feature","properties":{"NAME":"成功路二段","PSTART":"成功路二段","PEND":"成功路二段20","SW_DIRECT":"1","SW_LENG":162.86,"SW_WTH":3.94,"SWW_WTH":3.94,"SW_RAMP":2,"COUNTY_NA":"桃園市","VILL_NAME":"桃園區"},"geometry":{"type":"MultiPolygon","coordinates":[[[[121.316997,24.994062],[121.316831,24.994009],[121.31684,24.994032],[121.316854,24.994054],[121.316872,24.99406],[121.316915,24.994074],[121.316983,24.994095],[121.317475,24.994249],[121.317755,24.994336],[121.317819,24.994357],[121.317965,24.994403],[121.318344,24.994523],[121.318349,24.994525],[121.318354,24.994524],[121.318361,24.994518],[121.318364,24.994514],[121.318371,24.994495],[121.318369,24.994494],[121.318042,24.994391],[121.317833,24.994323],[121.317768,24.994303],[121.317489,24.994215],[121.316997,24.994062]]]]}},{"type":"Feature","properties":{"NAME":"成功路二段","PSTART":"成功路二段","PEND":"成功路二段18","SW_DIRECT":"1","SW_LENG":189.49,"SW_WTH":3.64,"SWW_WTH":3.64,"SW_RAMP":2,"COUNTY_NA":"桃園市","VILL_NAME":"桃園區"},"geometry":{"type":"MultiPolygon","coordinates":[[[[121.318398,24.994503],[121.318398,24.994503],[121.318392,24.994519],[121.318392,24.994522],[121.318397,24.994533],[121.318405,24.994543],[121.318477,24.994566],[121.31862,24.994611],[121.318802,24.994669],[121.31897,24.994722],[121.319117,24.994769],[121.319165,24.994784],[121.319223,24.994802],[121.319337,24.994838],[121.319454,24.994874],[121.319545,24.994903],[121.319654,24.994937],[121.319736,24.994962],[121.319837,24.994995],[121.319977,24.99504],[121.320047,24.995061],[121.32015,24.995093],[121.320163,24.995086],[121.320171,24.995065],[121.32006,24.99503],[121.319991,24.995009],[121.31985,24.994965],[121.31975,24.994932],[121.319667,24.994907],[121.319558,24.994872],[121.319467,24.994844],[121.31935,24.994807],[121.319236,24.994772],[121.319178,24.994753],[121.319131,24.994739],[121.318984,24.994692],[121.318824,24.994639],[121.31864,24.994581],[121.318542,24.99455],[121.318398,24.994503]]]]}},{"type":"Feature","properties":{"NAME":"成功路二段","PSTART":"成功路二段","PEND":"成功路二段19","SW_DIRECT":"1","SW_LENG":85.38,"SW_WTH":3.92,"SWW_WTH":3.92,"SW_RAMP":2,"COUNTY_NA":"桃園市","VILL_NAME":"桃園區"},"geometry":{"type":"MultiPolygon","coordinates":[[[[121.321293,24.995415],[121.32123,24.995395],[121.321217,24.995429],[121.32128,24.995448],[121.321459,24.995505],[121.321611,24.995553],[121.321768,24.995602],[121.321903,24.995645],[121.321992,24.995674],[121.322001,24.995674],[121.32201,24.995671],[121.322015,24.995669],[121.322023,24.995664],[121.322034,24.99565],[121.321916,24.995612],[121.321781,24.995569],[121.321624,24.995519],[121.321472,24.995472],[121.321293,24.995415]]]]}},{"type":"Feature","properties":{"NAME":"中正路","PSTART":"中正路","PEND":"無名路128","SW_DIRECT":"1","SW_LENG":58.84,"SW_WTH":1.54,"SWW_WTH":1.54,"SW_RAMP":2,"COUNTY_NA":"桃園市","VILL_NAME":"桃園區"},"geometry":{"type":"MultiPolygon","coordinates":[[[[121.31047,24.995747],[121.310467,24.995736],[121.310455,24.995744],[121.310404,24.995816],[121.310371,24.995867],[121.31031,24.99596],[121.310249,24.996056],[121.310212,24.996117],[121.310192,24.996146],[121.310186,24.996155],[121.310187,24.996163],[121.31019,24.996171],[121.310192,24.996179],[121.310195,24.996192],[121.310198,24.996201],[121.310216,24.996201],[121.310209,24.996175],[121.310202,24.996152],[121.310238,24.996099],[121.310263,24.996062],[121.31031,24.995987],[121.310335,24.995949],[121.310385,24.995866],[121.310429,24.995801],[121.31047,24.995747]]]]}},{"type":"Feature","properties":{"NAME":"中正路","PSTART":"中正路","PEND":"無名路130","SW_DIRECT":"1","SW_LENG":48.98,"SW_WTH":1.39,"SWW_WTH":1.39,"SW_RAMP":2,"COUNTY_NA":"桃園市","VILL_NAME":"桃園區"},"geometry":{"type":"MultiPolygon","coordinates":[[[[121.310729,24.995358],[121.310736,24.995356],[121.310739,24.995357],[121.310762,24.995368],[121.310764,24.995365],[121.310767,24.99536],[121.310761,24.995358],[121.310756,24.995355],[121.310751,24.995353],[121.310745,24.995351],[121.310737,24.995348],[121.310729,24.995348],[121.310723,24.995349],[121.310717,24.995349],[121.31071,24.995351],[121.310706,24.995352],[121.310704,24.995353],[121.310698,24.995357],[121.310694,24.995362],[121.310685,24.995372],[121.310607,24.995494],[121.310566,24.995562],[121.310543,24.995597],[121.310521,24.995632],[121.310504,24.995662],[121.310515,24.995694],[121.31052,24.995692],[121.310511,24.995663],[121.31053,24.995638],[121.310612,24.995504],[121.31069,24.995384],[121.310699,24.995372],[121.310712,24.99536],[121.310729,24.995358]]]]}},{"type":"Feature","properties":{"NAME":"長沙街","PSTART":"長沙街","PEND":"長沙街","SW_DIRECT":"1","SW_LENG":323.64,"SW_WTH":5.37,"SWW_WTH":5.37,"SW_RAMP":2,"COUNTY_NA":"桃園市","VILL_NAME":"桃園區"},"geometry":{"type":"MultiPolygon","coordinates":[[[[121.310214,24.979912],[121.310188,24.979876],[121.310112,24.979916],[121.309923,24.980014],[121.309687,24.980132],[121.309674,24.980139],[121.309371,24.980296],[121.309298,24.980334],[121.309237,24.980366],[121.309051,24.980461],[121.309036,24.980469],[121.308215,24.980893],[121.3082,24.9809],[121.308085,24.98096],[121.307797,24.981107],[121.30767,24.981173],[121.307501,24.981261],[121.307463,24.981281],[121.307449,24.981288],[121.3074,24.981315],[121.307426,24.981357],[121.307476,24.98133],[121.307489,24.981323],[121.307528,24.981303],[121.307697,24.981215],[121.307823,24.98115],[121.308111,24.981002],[121.308226,24.980942],[121.308241,24.980935],[121.309062,24.980511],[121.309077,24.980504],[121.309263,24.980408],[121.309324,24.980376],[121.309398,24.980339],[121.309702,24.980181],[121.309759,24.980151],[121.309973,24.980036],[121.31013,24.979954],[121.310214,24.979912]]]]}},{"type":"Feature","properties":{"NAME":"漢中路","PSTART":"漢中路","PEND":"漢中路","SW_DIRECT":"1","SW_LENG":142.11,"SW_WTH":3.11,"SWW_WTH":3.11,"SW_RAMP":2,"COUNTY_NA":"桃園市","VILL_NAME":"桃園區"},"geometry":{"type":"MultiPolygon","coordinates":[[[[121.30383,24.980893],[121.303834,24.980825],[121.303802,24.980849],[121.30376,24.9816],[121.303753,24.981703],[121.303744,24.98185],[121.303735,24.982016],[121.30373,24.982089],[121.303728,24.982123],[121.303733,24.982122],[121.30374,24.98212],[121.303746,24.982117],[121.30375,24.982114],[121.303753,24.982111],[121.303756,24.982109],[121.303758,24.982106],[121.303759,24.982103],[121.30376,24.98209],[121.303765,24.982017],[121.303774,24.981851],[121.303783,24.981705],[121.30379,24.981602],[121.30383,24.980901],[121.30383,24.980893]]]]}},{"type":"Feature","properties":{"NAME":"三民路一段","PSTART":"鎮撫街","PEND":"中山東路","SW_DIRECT":"1","SW_LENG":113.46,"SW_WTH":3.27,"SWW_WTH":3.27,"SW_RAMP":2,"COUNTY_NA":"桃園市","VILL_NAME":"桃園區"},"geometry":{"type":"MultiPolygon","coordinates":[[[[121.32148,24.997775],[121.321455,24.997756],[121.321431,24.997782],[121.321382,24.997838],[121.321338,24.997889],[121.321312,24.997923],[121.32127,24.997975],[121.321258,24.997992],[121.32124,24.998017],[121.321188,24.998093],[121.321147,24.998156],[121.321105,24.998227],[121.321057,24.998313],[121.321023,24.998379],[121.320982,24.998461],[121.32094,24.998545],[121.320891,24.998641],[121.320917,24.998652],[121.32092,24.998655],[121.320966,24.998562],[121.321008,24.998478],[121.32105,24.998396],[121.321084,24.99833],[121.321132,24.998244],[121.321174,24.998174],[121.321214,24.998111],[121.321266,24.998034],[121.321284,24.998009],[121.321297,24.997992],[121.321339,24.99794],[121.321364,24.997907],[121.321407,24.997856],[121.321456,24.997801],[121.32148,24.997775]]]]}},{"type":"Feature","properties":{"NAME":"三民路一段","PSTART":"鎮撫街","PEND":"成功路","SW_DIRECT":"1","SW_LENG":159.26,"SW_WTH":2.98,"SWW_WTH":2.98,"SW_RAMP":2,"COUNTY_NA":"桃園市","VILL_NAME":"桃園區"},"geometry":{"type":"MultiPolygon","coordinates":[[[[121.323392,24.996264],[121.323382,24.996264],[121.323351,24.99627],[121.323297,24.996281],[121.323262,24.996298],[121.323154,24.996383],[121.322927,24.996562],[121.322665,24.99677],[121.32248,24.996917],[121.322393,24.996984],[121.322317,24.997042],[121.322217,24.997123],[121.322167,24.997161],[121.322186,24.997181],[121.322236,24.997144],[121.322336,24.997063],[121.322412,24.997004],[121.3225,24.996937],[121.322685,24.99679],[121.322946,24.996582],[121.323173,24.996403],[121.323312,24.996294],[121.32335,24.996287],[121.32335,24.996287],[121.323393,24.996281],[121.323392,24.996264]]]]}},{"type":"Feature","properties":{"NAME":"三民路","PSTART":"長壽路","PEND":"壽山路1","SW_DIRECT":"1","SW_LENG":73.28,"SW_WTH":4.0,"SWW_WTH":4.0,"SW_RAMP":2,"COUNTY_NA":"桃園市","VILL_NAME":"桃園區"},"geometry":{"type":"MultiPolygon","coordinates":[[[[121.324125,24.995487],[121.324109,24.995486],[121.324098,24.995488],[121.324087,24.995491],[121.324079,24.995498],[121.324063,24.995516],[121.324033,24.995552],[121.32386,24.995744],[121.32375,24.995855],[121.323728,24.995878],[121.323724,24.995884],[121.323713,24.995907],[121.323698,24.99595],[121.323693,24.995968],[121.323689,24.996003],[121.323688,24.996024],[121.323691,24.996056],[121.323736,24.996063],[121.323725,24.996055],[121.323718,24.996048],[121.323714,24.99604],[121.323712,24.996032],[121.323711,24.996025],[121.323713,24.996008],[121.323725,24.995969],[121.323732,24.99595],[121.323739,24.995935],[121.323752,24.995912],[121.32376,24.995899],[121.32378,24.995879],[121.32389,24.995768],[121.324064,24.995574],[121.324094,24.995539],[121.324108,24.995523],[121.324108,24.995523],[121.324136,24.995491],[121.324125,24.995487]]]]}},{"type":"Feature","properties":{"NAME":"長壽路","PSTART":"長壽路","PEND":"長壽路","SW_DIRECT":"1","SW_LENG":32.7,"SW_WTH":2.45,"SWW_WTH":2.45,"SW_RAMP":2,"COUNTY_NA":"桃園市","VILL_NAME":"桃園區"},"geometry":{"type":"MultiPolygon","coordinates":[[[[121.323736,24.996063],[121.323691,24.996056],[121.323694,24.996072],[121.323695,24.996077],[121.323697,24.996079],[121.323811,24.996096],[121.323951,24.996116],[121.323996,24.996122],[121.324005,24.996117],[121.324012,24.996113],[121.324015,24.996104],[121.323961,24.996096],[121.32382,24.996075],[121.323736,24.996063]]]]}},{"type":"Feature","properties":{"NAME":"成功路二段","PSTART":"成功路二段","PEND":"成功路二段23","SW_DIRECT":"1","SW_LENG":41.62,"SW_WTH":5.44,"SWW_WTH":5.44,"SW_RAMP":2,"COUNTY_NA":"桃園市","VILL_NAME":"桃園區"},"geometry":{"type":"MultiPolygon","coordinates":[[[[121.32182,24.995761],[121.321715,24.995728],[121.321698,24.995775],[121.3218,24.995807],[121.321969,24.995859],[121.322102,24.995904],[121.322095,24.995877],[121.322085,24.995845],[121.321988,24.995813],[121.32182,24.995761]]]]}},{"type":"Feature","properties":{"NAME":"三民路一段","PSTART":"鎮撫街","PEND":"成功路","SW_DIRECT":"2","SW_LENG":17.37,"SW_WTH":3.24,"SWW_WTH":3.24,"SW_RAMP":2,"COUNTY_NA":"桃園市","VILL_NAME":"桃園區"},"geometry":{"type":"MultiPolygon","coordinates":[[[[121.322115,24.996914],[121.322093,24.996892],[121.322012,24.996957],[121.321956,24.997001],[121.321992,24.997011],[121.322033,24.996979],[121.322115,24.996914]]]]}},{"type":"Feature","properties":{"NAME":"三民路一段","PSTART":"鎮撫街","PEND":"成功路","SW_DIRECT":"2","SW_LENG":95.48,"SW_WTH":3.5,"SWW_WTH":3.5,"SW_RAMP":2,"COUNTY_NA":"桃園市","VILL_NAME":"桃園區"},"geometry":{"type":"MultiPolygon","coordinates":[[[[121.321703,24.99724],[121.321695,24.997205],[121.321582,24.997295],[121.321523,24.997341],[121.321477,24.997379],[121.321444,24.997407],[121.32136,24.997483],[121.321315,24.997528],[121.321249,24.997596],[121.321221,24.997628],[121.321196,24.997656],[121.321138,24.997723],[121.321102,24.997768],[121.321072,24.997805],[121.32104,24.997846],[121.321049,24.997849],[121.321059,24.997851],[121.321066,24.997851],[121.321073,24.997851],[121.32108,24.997848],[121.321084,24.997844],[121.321085,24.997842],[121.3211,24.997823],[121.321129,24.997787],[121.321166,24.997742],[121.321223,24.997675],[121.321247,24.997648],[121.321276,24.997617],[121.321341,24.997549],[121.321385,24.997505],[121.321469,24.99743],[121.321501,24.997402],[121.321546,24.997365],[121.321605,24.997318],[121.321703,24.99724]]]]}},{"type":"Feature","properties":{"NAME":"三民路一段","PSTART":"鎮撫街","PEND":"中山東路","SW_DIRECT":"2","SW_LENG":185.92,"SW_WTH":4.05,"SWW_WTH":4.05,"SW_RAMP":2,"COUNTY_NA":"桃園市","VILL_NAME":"桃園區"},"geometry":{"type":"MultiPolygon","coordinates":[[[[121.320981,24.997961],[121.320971,24.997958],[121.320918,24.998035],[121.320877,24.998104],[121.320841,24.998167],[121.320792,24.998258],[121.320722,24.998397],[121.320659,24.998519],[121.320556,24.998724],[121.320491,24.99885],[121.320422,24.998989],[121.320344,24.999141],[121.320257,24.99931],[121.320173,24.999471],[121.320208,24.999487],[121.320293,24.999325],[121.32038,24.999157],[121.320458,24.999004],[121.320527,24.998865],[121.320593,24.998739],[121.320697,24.998534],[121.320759,24.998411],[121.320807,24.998318],[121.320879,24.998183],[121.320913,24.998121],[121.320956,24.998052],[121.32098,24.998013],[121.320988,24.998],[121.320993,24.997991],[121.320994,24.99798],[121.320993,24.997977],[121.320992,24.997973],[121.320988,24.997966],[121.320981,24.997961]]]]}},{"type":"Feature","properties":{"NAME":"三民路一段","PSTART":"鎮撫街","PEND":"中山東路","SW_DIRECT":"2","SW_LENG":23.83,"SW_WTH":3.96,"SWW_WTH":3.96,"SW_RAMP":2,"COUNTY_NA":"桃園市","VILL_NAME":"桃園區"},"geometry":{"type":"MultiPolygon","coordinates":[[[[121.320184,24.999531],[121.320148,24.999516],[121.320102,24.999608],[121.32005,24.999712],[121.320069,24.99972],[121.320078,24.99972],[121.320088,24.999717],[121.320138,24.999623],[121.320184,24.999531]]]]}},{"type":"Feature","properties":{"NAME":"自強路","PSTART":"自強路","PEND":"自強路","SW_DIRECT":"1","SW_LENG":141.94,"SW_WTH":2.59,"SWW_WTH":2.59,"SW_RAMP":2,"COUNTY_NA":"桃園市","VILL_NAME":"桃園區"},"geometry":{"type":"MultiPolygon","coordinates":[[[[121.319033,24.995871],[121.319047,24.995836],[121.319018,24.99584],[121.319009,24.995864],[121.318935,24.996057],[121.318912,24.996119],[121.318854,24.996271],[121.318822,24.996357],[121.318804,24.996403],[121.318772,24.996489],[121.31873,24.996598],[121.318673,24.996746],[121.318652,24.9968],[121.318626,24.996866],[121.318601,24.996931],[121.318563,24.997028],[121.318564,24.997035],[121.318567,24.997043],[121.318572,24.997053],[121.318575,24.997057],[121.318579,24.997061],[121.31859,24.997032],[121.31865,24.996873],[121.318676,24.996806],[121.318697,24.996753],[121.318754,24.996604],[121.318796,24.996496],[121.318829,24.99641],[121.318846,24.996364],[121.318879,24.996278],[121.318936,24.996126],[121.31896,24.996064],[121.319033,24.995871]]]]}},{"type":"Feature","properties":{"NAME":"自強路","PSTART":"自強路","PEND":"自強路","SW_DIRECT":"1","SW_LENG":85.71,"SW_WTH":4.11,"SWW_WTH":4.11,"SW_RAMP":2,"COUNTY_NA":"桃園市","VILL_NAME":"桃園區"},"geometry":{"type":"MultiPolygon","coordinates":[[[[121.319379,24.995014],[121.319366,24.99501],[121.319337,24.995028],[121.319328,24.995037],[121.31928,24.995164],[121.319239,24.995269],[121.319218,24.995323],[121.319178,24.995426],[121.319144,24.995517],[121.319061,24.99573],[121.319088,24.99577],[121.319185,24.995522],[121.31922,24.995431],[121.319259,24.995328],[121.319281,24.995274],[121.319321,24.995168],[121.319379,24.995014]]]]}},{"type":"Feature","properties":{"NAME":"中山東路_1","PSTART":"中山東路_1A","PEND":"中山東路_1B","SW_DIRECT":"1","SW_LENG":197.27,"SW_WTH":4.0,"SWW_WTH":4.0,"SW_RAMP":2,"COUNTY_NA":"桃園市","VILL_NAME":"桃園區"},"geometry":{"type":"MultiPolygon","coordinates":[[[[121.318623,24.997042],[121.31859,24.997032],[121.318579,24.997061],[121.318592,24.997071],[121.318611,24.997076],[121.31875,24.997119],[121.31909,24.997225],[121.319463,24.99734],[121.3197,24.997413],[121.319883,24.997472],[121.320231,24.997584],[121.320404,24.997642],[121.320408,24.997643],[121.320452,24.997622],[121.320455,24.997613],[121.320237,24.997542],[121.319903,24.997437],[121.319736,24.997385],[121.319476,24.997306],[121.319103,24.99719],[121.318762,24.997085],[121.318623,24.997042]]]]}},{"type":"Feature","properties":{"NAME":"成功路二段","PSTART":"成功路二段","PEND":"成功路二段13","SW_DIRECT":"1","SW_LENG":126.7,"SW_WTH":2.54,"SWW_WTH":2.54,"SW_RAMP":2,"COUNTY_NA":"桃園市","VILL_NAME":"桃園區"},"geometry":{"type":"MultiPolygon","coordinates":[[[[121.316909,24.994214],[121.316796,24.994176],[121.316768,24.99419],[121.3169,24.994236],[121.316973,24.994259],[121.317114,24.994303],[121.317183,24.994324],[121.317342,24.994374],[121.317495,24.994422],[121.317675,24.994478],[121.317819,24.994523],[121.317966,24.99457],[121.317968,24.994558],[121.31796,24.994547],[121.317953,24.994542],[121.317947,24.994539],[121.317827,24.994502],[121.317683,24.994456],[121.317504,24.9944],[121.31735,24.994352],[121.317191,24.994302],[121.317122,24.994281],[121.316981,24.994238],[121.316909,24.994214]]]]}},{"type":"Feature","properties":{"NAME":"三民路二段","PSTART":"春日路","PEND":"中央街","SW_DIRECT":"2","SW_LENG":117.91,"SW_WTH":3.12,"SWW_WTH":3.12,"SW_RAMP":2,"COUNTY_NA":"桃園市","VILL_NAME":"桃園區"},"geometry":{"type":"MultiPolygon","coordinates":[[[[121.314303,25.000993],[121.314274,25.000985],[121.314262,25.000986],[121.31425,25.000988],[121.314272,25.001014],[121.314356,25.001035],[121.314447,25.00106],[121.314616,25.001103],[121.314782,25.001144],[121.314941,25.001184],[121.315018,25.001202],[121.315097,25.001221],[121.315197,25.001243],[121.315321,25.001261],[121.315363,25.001275],[121.315394,25.00126],[121.315373,25.001245],[121.315368,25.001242],[121.31536,25.001239],[121.315345,25.001234],[121.31531,25.001226],[121.315276,25.001221],[121.315233,25.001218],[121.315199,25.001214],[121.315098,25.001192],[121.315019,25.001173],[121.314942,25.001155],[121.314783,25.001115],[121.314617,25.001074],[121.314448,25.001031],[121.314359,25.001007],[121.314303,25.000993]]]]}},{"type":"Feature","properties":{"NAME":"三民路二段","PSTART":"中央街","PEND":"三元街","SW_DIRECT":"2","SW_LENG":144.82,"SW_WTH":3.64,"SWW_WTH":3.64,"SW_RAMP":2,"COUNTY_NA":"桃園市","VILL_NAME":"桃園區"},"geometry":{"type":"MultiPolygon","coordinates":[[[[121.317004,25.001369],[121.316976,25.001357],[121.316964,25.001357],[121.316785,25.001359],[121.316609,25.00136],[121.316547,25.001358],[121.316457,25.001355],[121.316343,25.00135],[121.31627,25.001346],[121.316207,25.001341],[121.31612,25.001336],[121.316052,25.001332],[121.315951,25.001323],[121.315886,25.001316],[121.315823,25.00131],[121.315775,25.001304],[121.315741,25.001298],[121.315654,25.001286],[121.315612,25.00128],[121.315596,25.001278],[121.315586,25.001278],[121.315575,25.00128],[121.315568,25.001281],[121.31558,25.001312],[121.315589,25.001311],[121.315595,25.001311],[121.315609,25.001312],[121.31565,25.001318],[121.315737,25.001331],[121.315772,25.001336],[121.31582,25.001343],[121.315884,25.001349],[121.315949,25.001356],[121.31605,25.001365],[121.316119,25.001369],[121.316206,25.001374],[121.316268,25.001379],[121.316342,25.001383],[121.316456,25.001388],[121.316546,25.001391],[121.316609,25.001393],[121.316786,25.001392],[121.316973,25.00139],[121.317004,25.001369]]]]}},{"type":"Feature","properties":{"NAME":"三民路一段","PSTART":"三元街","PEND":"鎮撫街","SW_DIRECT":"2","SW_LENG":77.56,"SW_WTH":3.99,"SWW_WTH":3.99,"SW_RAMP":2,"COUNTY_NA":"桃園市","VILL_NAME":"桃園區"},"geometry":{"type":"MultiPolygon","coordinates":[[[[121.318187,25.001253],[121.318178,25.001218],[121.318107,25.001233],[121.317984,25.001256],[121.317912,25.001269],[121.317764,25.001291],[121.317635,25.001309],[121.317508,25.001325],[121.317423,25.001333],[121.31743,25.001394],[121.317651,25.001367],[121.317647,25.001344],[121.317774,25.001326],[121.317921,25.001304],[121.317993,25.001291],[121.318116,25.001268],[121.318187,25.001253]]]]}},{"type":"Feature","properties":{"NAME":"三民路一段","PSTART":"三元街","PEND":"鎮撫街","SW_DIRECT":"2","SW_LENG":123.55,"SW_WTH":4.0,"SWW_WTH":4.0,"SW_RAMP":2,"COUNTY_NA":"桃園市","VILL_NAME":"桃園區"},"geometry":{"type":"MultiPolygon","coordinates":[[[[121.319386,25.000836],[121.319365,25.000805],[121.319314,25.000836],[121.319269,25.000862],[121.31922,25.000888],[121.319155,25.000919],[121.319094,25.000948],[121.319021,25.000981],[121.318981,25.000997],[121.318929,25.001017],[121.31888,25.001036],[121.318821,25.001057],[121.318752,25.001078],[121.318676,25.0011],[121.318628,25.001113],[121.318565,25.00113],[121.31845,25.001159],[121.318347,25.001182],[121.318297,25.001193],[121.318241,25.001205],[121.318237,25.001206],[121.318247,25.001241],[121.318251,25.00124],[121.318307,25.001228],[121.318357,25.001217],[121.31846,25.001194],[121.318576,25.001165],[121.318639,25.001148],[121.318688,25.001134],[121.318765,25.001113],[121.318834,25.001091],[121.318895,25.00107],[121.318945,25.00105],[121.318997,25.00103],[121.319038,25.001014],[121.319112,25.000981],[121.319174,25.000951],[121.319239,25.000919],[121.31929,25.000893],[121.319336,25.000866],[121.319386,25.000836]]]]}},{"type":"Feature","properties":{"NAME":"三民路一段","PSTART":"三元街","PEND":"鎮撫街","SW_DIRECT":"2","SW_LENG":70.12,"SW_WTH":4.0,"SWW_WTH":4.0,"SW_RAMP":2,"COUNTY_NA":"桃園市","VILL_NAME":"桃園區"},"geometry":{"type":"MultiPolygon","coordinates":[[[[121.320047,25.000258],[121.320022,25.000241],[121.320011,25.000242],[121.320007,25.000247],[121.319959,25.000305],[121.319908,25.00036],[121.319877,25.000394],[121.319842,25.000431],[121.319805,25.000467],[121.319765,25.000504],[121.319729,25.000537],[121.319685,25.000573],[121.319644,25.000607],[121.319605,25.000638],[121.319552,25.00068],[121.319539,25.000689],[121.319564,25.000717],[121.319577,25.000708],[121.319631,25.000665],[121.31967,25.000634],[121.319712,25.0006],[121.319756,25.000563],[121.319793,25.00053],[121.319834,25.000492],[121.319871,25.000455],[121.319907,25.000418],[121.319939,25.000384],[121.31999,25.000327],[121.320047,25.000258]]]]}},{"type":"Feature","properties":{"NAME":"三民路一段","PSTART":"自強路","PEND":"鎮撫街","SW_DIRECT":"1","SW_LENG":93.45,"SW_WTH":4.0,"SWW_WTH":4.0,"SW_RAMP":2,"COUNTY_NA":"桃園市","VILL_NAME":"桃園區"},"geometry":{"type":"MultiPolygon","coordinates":[[[[121.319936,24.999982],[121.319968,24.999935],[121.319973,24.999937],[121.319987,24.999913],[121.319991,24.999903],[121.319993,24.999889],[121.319992,24.999878],[121.319985,24.999868],[121.319973,24.999852],[121.319934,24.999916],[121.319903,24.999963],[121.319874,25.000002],[121.319849,25.000033],[121.319816,25.000076],[121.31978,25.000119],[121.319739,25.000168],[121.319707,25.000204],[121.319671,25.000242],[121.319627,25.000287],[121.319573,25.000338],[121.319514,25.000388],[121.319467,25.000427],[121.319376,25.000498],[121.319393,25.000511],[121.319414,25.000518],[121.319428,25.000507],[121.319454,25.000485],[121.319493,25.000454],[121.319541,25.000414],[121.319601,25.000364],[121.319656,25.000311],[121.3197,25.000266],[121.319737,25.000227],[121.31977,25.000191],[121.319812,25.000141],[121.319848,25.000097],[121.319882,25.000054],[121.319906,25.000023],[121.319936,24.999982]]]]}},{"type":"Feature","properties":{"NAME":"三民路一段","PSTART":"自強路","PEND":"鎮撫街","SW_DIRECT":"1","SW_LENG":78.19,"SW_WTH":3.94,"SWW_WTH":3.94,"SW_RAMP":2,"COUNTY_NA":"桃園市","VILL_NAME":"桃園區"},"geometry":{"type":"MultiPolygon","coordinates":[[[[121.318007,25.001027],[121.318004,25.001008],[121.317814,25.00104],[121.31764,25.001064],[121.317539,25.001077],[121.317423,25.001092],[121.317238,25.00111],[121.317244,25.001144],[121.317288,25.001141],[121.317428,25.001127],[121.317544,25.001113],[121.317646,25.0011],[121.317821,25.001075],[121.317955,25.001052],[121.317998,25.001044],[121.318005,25.001035],[121.318007,25.001027]]]]}},{"type":"Feature","properties":{"NAME":"國光街_1","PSTART":"國光街_1A","PEND":"國光街_1B","SW_DIRECT":"1","SW_LENG":226.05,"SW_WTH":2.5,"SWW_WTH":2.5,"SW_RAMP":2,"COUNTY_NA":"桃園市","VILL_NAME":"桃園區"},"geometry":{"type":"MultiPolygon","coordinates":[[[[121.317722,25.000503],[121.317796,25.000492],[121.317847,25.000484],[121.317905,25.000473],[121.31796,25.000463],[121.318011,25.000452],[121.318059,25.00044],[121.318114,25.000427],[121.3182,25.000403],[121.318255,25.000384],[121.318312,25.000365],[121.318365,25.000348],[121.318416,25.000328],[121.31847,25.000309],[121.318512,25.000291],[121.318557,25.000271],[121.318614,25.000244],[121.318661,25.000221],[121.318702,25.000202],[121.318746,25.000179],[121.318792,25.000153],[121.318835,25.000128],[121.318879,25.000101],[121.318921,25.000073],[121.31897,25.000042],[121.319018,25.000009],[121.319062,24.999978],[121.319098,24.99995],[121.319139,24.999919],[121.319181,24.999888],[121.319221,24.999853],[121.319264,24.999815],[121.319303,24.999781],[121.319326,24.999758],[121.319329,24.999755],[121.319312,24.999739],[121.319275,24.999773],[121.319247,24.999798],[121.319203,24.999837],[121.319164,24.999871],[121.319123,24.999902],[121.319083,24.999933],[121.319047,24.99996],[121.319003,24.999991],[121.318956,25.000023],[121.318907,25.000055],[121.318865,25.000082],[121.318821,25.000109],[121.318779,25.000134],[121.318733,25.000159],[121.31869,25.000182],[121.31865,25.000201],[121.318602,25.000224],[121.318546,25.000251],[121.318501,25.000271],[121.318461,25.000288],[121.318407,25.000307],[121.318356,25.000327],[121.318304,25.000344],[121.318246,25.000363],[121.318192,25.000381],[121.318107,25.000405],[121.318053,25.000418],[121.318004,25.00043],[121.317955,25.000441],[121.3179,25.000451],[121.317843,25.000462],[121.317792,25.00047],[121.317718,25.000481],[121.317642,25.00049],[121.317586,25.000495],[121.317537,25.000498],[121.317481,25.000502],[121.317429,25.000503],[121.317347,25.000503],[121.31734,25.000503],[121.317325,25.000482],[121.317308,25.000526],[121.317347,25.000527],[121.317434,25.000526],[121.317483,25.000524],[121.317539,25.00052],[121.317588,25.000517],[121.317645,25.000512],[121.317722,25.000503]]]]}},{"type":"Feature","properties":{"NAME":"三民路二段","PSTART":"中央街","PEND":"三元街","SW_DIRECT":"1","SW_LENG":136.59,"SW_WTH":5.7,"SWW_WTH":5.7,"SW_RAMP":2,"COUNTY_NA":"桃園市","VILL_NAME":"桃園區"},"geometry":{"type":"MultiPolygon","coordinates":[[[[121.315612,25.00102],[121.315572,25.001014],[121.315588,25.001068],[121.315724,25.001089],[121.315878,25.001109],[121.316012,25.001124],[121.316079,25.001128],[121.316229,25.001139],[121.316316,25.001145],[121.316418,25.001151],[121.316591,25.001156],[121.316755,25.001155],[121.3169,25.001153],[121.316916,25.001153],[121.316921,25.001144],[121.316934,25.001123],[121.316907,25.001122],[121.316592,25.001104],[121.316421,25.001099],[121.31632,25.001094],[121.316233,25.001088],[121.316083,25.001077],[121.316018,25.001072],[121.315885,25.001058],[121.315732,25.001038],[121.315612,25.00102]]]]}},{"type":"Feature","properties":{"NAME":"自強路","PSTART":"自強路","PEND":"自強路","SW_DIRECT":"1","SW_LENG":65.66,"SW_WTH":6.88,"SWW_WTH":6.88,"SW_RAMP":2,"COUNTY_NA":"桃園市","VILL_NAME":"桃園區"},"geometry":{"type":"MultiPolygon","coordinates":[[[[121.317084,25.000545],[121.317017,25.000535],[121.317015,25.000544],[121.317007,25.000583],[121.316986,25.000695],[121.316961,25.000825],[121.316945,25.000915],[121.316919,25.001054],[121.316913,25.001086],[121.316907,25.001122],[121.316934,25.001123],[121.316982,25.001088],[121.316987,25.001056],[121.317014,25.000918],[121.31703,25.000827],[121.317055,25.000698],[121.317076,25.000585],[121.317084,25.000545]]]]}},{"type":"Feature","properties":{"NAME":"鎮三街","PSTART":"中央街","PEND":"自強路","SW_DIRECT":"2","SW_LENG":120.54,"SW_WTH":4.0,"SWW_WTH":4.0,"SW_RAMP":2,"COUNTY_NA":"桃園市","VILL_NAME":"桃園區"},"geometry":{"type":"MultiPolygon","coordinates":[[[[121.316039,25.00019],[121.315939,25.000159],[121.315926,25.000193],[121.316026,25.000224],[121.316209,25.000281],[121.316396,25.000337],[121.316606,25.000402],[121.316801,25.000462],[121.316903,25.000495],[121.317013,25.000527],[121.317017,25.000535],[121.317084,25.000545],[121.317082,25.000538],[121.317078,25.000532],[121.317065,25.000509],[121.317064,25.000508],[121.317062,25.000506],[121.31706,25.000505],[121.317019,25.000493],[121.316916,25.000461],[121.316814,25.000428],[121.316618,25.000367],[121.316409,25.000303],[121.316222,25.000246],[121.316039,25.00019]]]]}},{"type":"Feature","properties":{"NAME":"中央街","PSTART":"中央街","PEND":"中央街","SW_DIRECT":"1","SW_LENG":19.23,"SW_WTH":4.11,"SWW_WTH":4.11,"SW_RAMP":2,"COUNTY_NA":"桃園市","VILL_NAME":"桃園區"},"geometry":{"type":"MultiPolygon","coordinates":[[[[121.315926,25.000193],[121.315939,25.000159],[121.315916,25.000167],[121.315917,25.000167],[121.315902,25.000173],[121.31589,25.000178],[121.315887,25.000181],[121.315872,25.000218],[121.315843,25.0003],[121.315848,25.000321],[121.315854,25.000331],[121.315868,25.000345],[121.315912,25.000229],[121.315926,25.000193]]]]}},{"type":"Feature","properties":{"NAME":"中央街","PSTART":"中央街","PEND":"中央街","SW_DIRECT":"1","SW_LENG":40.78,"SW_WTH":4.1,"SWW_WTH":4.1,"SW_RAMP":2,"COUNTY_NA":"桃園市","VILL_NAME":"桃園區"},"geometry":{"type":"MultiPolygon","coordinates":[[[[121.315836,25.000432],[121.31585,25.000396],[121.315834,25.000397],[121.315823,25.000399],[121.315813,25.000405],[121.315804,25.000413],[121.315798,25.00042],[121.315693,25.000696],[121.315684,25.00072],[121.315684,25.000729],[121.315691,25.000742],[121.315702,25.00075],[121.315714,25.000758],[121.315735,25.0007],[121.315836,25.000432]]]]}},{"type":"Feature","properties":{"NAME":"中央街","PSTART":"中央街","PEND":"中央街","SW_DIRECT":"1","SW_LENG":21.97,"SW_WTH":4.15,"SWW_WTH":4.15,"SW_RAMP":2,"COUNTY_NA":"桃園市","VILL_NAME":"桃園區"},"geometry":{"type":"MultiPolygon","coordinates":[[[[121.315683,25.00084],[121.315693,25.000814],[121.315645,25.000847],[121.315632,25.000859],[121.315619,25.00089],[121.315574,25.001007],[121.315572,25.001014],[121.315612,25.00102],[121.315658,25.000901],[121.315683,25.00084]]]]}},{"type":"Feature","properties":{"NAME":"三民路二段","PSTART":"朝陽街","PEND":"春日路","SW_DIRECT":"1","SW_LENG":150.7,"SW_WTH":3.2,"SWW_WTH":3.0,"SW_RAMP":2,"COUNTY_NA":"桃園市","VILL_NAME":"桃園區"},"geometry":{"type":"MultiPolygon","coordinates":[[[[121.312652,25.000325],[121.312594,25.00031],[121.312598,25.000333],[121.312601,25.000341],[121.312643,25.000351],[121.312858,25.000405],[121.31307,25.000458],[121.313421,25.000547],[121.313645,25.000604],[121.313786,25.00064],[121.313936,25.00068],[121.313963,25.000687],[121.313995,25.000696],[121.314008,25.000697],[121.314014,25.000696],[121.314028,25.000693],[121.314054,25.00068],[121.313945,25.000652],[121.313795,25.000614],[121.313654,25.000578],[121.31343,25.000521],[121.313079,25.000432],[121.312867,25.000379],[121.312652,25.000325]]]]}},{"type":"Feature","properties":{"NAME":"三民路一段","PSTART":"自強路","PEND":"鎮撫街","SW_DIRECT":"1","SW_LENG":137.98,"SW_WTH":4.0,"SWW_WTH":4.0,"SW_RAMP":2,"COUNTY_NA":"桃園市","VILL_NAME":"桃園區"},"geometry":{"type":"MultiPolygon","coordinates":[[[[121.319332,25.000558],[121.319319,25.000542],[121.319165,25.000633],[121.319097,25.00067],[121.319028,25.000705],[121.318968,25.000734],[121.31889,25.000768],[121.31885,25.000784],[121.318766,25.000816],[121.318677,25.000846],[121.318611,25.000866],[121.318513,25.000892],[121.318438,25.000911],[121.318359,25.00093],[121.31826,25.000953],[121.318147,25.000978],[121.318065,25.000994],[121.31807,25.001013],[121.318072,25.00102],[121.318081,25.001028],[121.318104,25.001023],[121.318155,25.001013],[121.318269,25.000988],[121.318369,25.000965],[121.318448,25.000946],[121.318524,25.000927],[121.318622,25.000901],[121.31869,25.00088],[121.318781,25.000849],[121.318865,25.000817],[121.318906,25.000801],[121.318986,25.000766],[121.319047,25.000737],[121.319117,25.000702],[121.319186,25.000663],[121.319285,25.000605],[121.319301,25.000596],[121.319324,25.000583],[121.319327,25.000581],[121.319332,25.000574],[121.319333,25.000566],[121.319332,25.000558]]]]}},{"type":"Feature","properties":{"NAME":"中正路","PSTART":"三民路二段","PEND":"博愛路2","SW_DIRECT":"1","SW_LENG":60.0,"SW_WTH":1.2,"SWW_WTH":1.2,"SW_RAMP":2,"COUNTY_NA":"桃園市","VILL_NAME":"桃園區"},"geometry":{"type":"MultiPolygon","coordinates":[[[[121.309535,24.997226],[121.309531,24.997222],[121.309513,24.997244],[121.309475,24.997302],[121.3094,24.997421],[121.309329,24.997534],[121.309287,24.997597],[121.309265,24.997635],[121.309262,24.99764],[121.309264,24.997646],[121.309274,24.997644],[121.309295,24.997611],[121.309318,24.997573],[121.309343,24.997535],[121.309367,24.997497],[121.309415,24.997421],[121.309442,24.997375],[121.309485,24.997308],[121.309511,24.997268],[121.309537,24.99723],[121.309535,24.997226]]]]}},{"type":"Feature","properties":{"NAME":"中正路","PSTART":"三民路二段","PEND":"博愛路3","SW_DIRECT":"1","SW_LENG":60.0,"SW_WTH":1.2,"SWW_WTH":1.2,"SW_RAMP":2,"COUNTY_NA":"桃園市","VILL_NAME":"桃園區"},"geometry":{"type":"MultiPolygon","coordinates":[[[[121.308927,24.998257],[121.308915,24.99825],[121.308876,24.998258],[121.308871,24.998263],[121.308837,24.998314],[121.308814,24.998348],[121.30878,24.998402],[121.308774,24.998412],[121.308768,24.998422],[121.308757,24.99844],[121.308753,24.998446],[121.308749,24.998453],[121.308605,24.998678],[121.308608,24.998682],[121.308611,24.998689],[121.30888,24.998268],[121.308927,24.998257]]]]}},{"type":"Feature","properties":{"NAME":"中正路","PSTART":"三民路二段","PEND":"博愛路4","SW_DIRECT":"1","SW_LENG":60.0,"SW_WTH":1.2,"SWW_WTH":1.2,"SW_RAMP":2,"COUNTY_NA":"桃園市","VILL_NAME":"桃園區"},"geometry":{"type":"MultiPolygon","coordinates":[[[[121.309195,24.997767],[121.309192,24.997761],[121.309182,24.997768],[121.30917,24.997787],[121.309145,24.997826],[121.309116,24.997869],[121.309074,24.997939],[121.309038,24.997996],[121.309013,24.998034],[121.308971,24.998102],[121.308941,24.998144],[121.308934,24.998157],[121.308931,24.998164],[121.308931,24.998172],[121.308931,24.998175],[121.308931,24.998184],[121.308932,24.99819],[121.308947,24.998197],[121.308948,24.998159],[121.308968,24.99813],[121.308993,24.99809],[121.309009,24.998064],[121.309056,24.997988],[121.309087,24.997937],[121.309135,24.997862],[121.30916,24.997824],[121.309174,24.997803],[121.309195,24.997767]]]]}},{"type":"Feature","properties":{"NAME":"中正路","PSTART":"中正路","PEND":"無名路129","SW_DIRECT":"2","SW_LENG":85.0,"SW_WTH":1.2,"SWW_WTH":1.2,"SW_RAMP":2,"COUNTY_NA":"桃園市","VILL_NAME":"桃園區"},"geometry":{"type":"MultiPolygon","coordinates":[[[[121.310589,24.995317],[121.310576,24.995309],[121.310567,24.995322],[121.310557,24.99534],[121.310533,24.995378],[121.310496,24.995439],[121.310449,24.995519],[121.31042,24.995563],[121.310371,24.995636],[121.310311,24.99573],[121.310264,24.995806],[121.310237,24.995848],[121.310201,24.995904],[121.310176,24.995942],[121.310153,24.995979],[121.31013,24.996018],[121.310104,24.996057],[121.310074,24.996098],[121.310073,24.996099],[121.31004,24.996106],[121.310033,24.996116],[121.310087,24.996105],[121.310093,24.996095],[121.31013,24.99604],[121.31017,24.99598],[121.31021,24.995916],[121.310247,24.995856],[121.31029,24.995789],[121.310339,24.99571],[121.310379,24.995642],[121.310446,24.995545],[121.310506,24.995449],[121.310552,24.995378],[121.310576,24.995338],[121.310589,24.995317]]]]}},{"type":"Feature","properties":{"NAME":"三民路三段","PSTART":"永安路","PEND":"中正路","SW_DIRECT":"2","SW_LENG":26.06,"SW_WTH":3.12,"SWW_WTH":3.12,"SW_RAMP":2,"COUNTY_NA":"桃園市","VILL_NAME":"桃園區"},"geometry":{"type":"MultiPolygon","coordinates":[[[[121.306585,24.997571],[121.306579,24.99757],[121.30657,24.997571],[121.306561,24.997572],[121.306554,24.997575],[121.306547,24.997578],[121.306533,24.997584],[121.306572,24.997593],[121.306581,24.997594],[121.306608,24.997633],[121.306648,24.9977],[121.306667,24.997727],[121.306689,24.997763],[121.306705,24.997754],[121.306713,24.99775],[121.306689,24.997709],[121.306655,24.997654],[121.306634,24.997621],[121.306616,24.997593],[121.306607,24.997579],[121.306604,24.997575],[121.306603,24.997575],[121.306594,24.997573],[121.306585,24.997571]]]]}},{"type":"Feature","properties":{"NAME":"中正路","PSTART":"中正路","PEND":"無名路100","SW_DIRECT":"1","SW_LENG":55.0,"SW_WTH":1.2,"SWW_WTH":1.2,"SW_RAMP":2,"COUNTY_NA":"桃園市","VILL_NAME":"桃園區"},"geometry":{"type":"MultiPolygon","coordinates":[[[[121.30908,24.997694],[121.309069,24.99769],[121.309025,24.997762],[121.309001,24.997801],[121.308968,24.997851],[121.308945,24.997888],[121.308912,24.99794],[121.308881,24.997989],[121.308845,24.998045],[121.308832,24.998067],[121.308812,24.998099],[121.308806,24.998107],[121.30882,24.998104],[121.308822,24.998104],[121.308846,24.998064],[121.308878,24.998015],[121.308903,24.997975],[121.308936,24.997924],[121.30897,24.997871],[121.308999,24.997825],[121.309031,24.997774],[121.309068,24.997716],[121.30908,24.997694]]]]}},{"type":"Feature","properties":{"NAME":"中正路","PSTART":"三民路二段","PEND":"博愛路5","SW_DIRECT":"2","SW_LENG":55.0,"SW_WTH":1.2,"SWW_WTH":1.2,"SW_RAMP":2,"COUNTY_NA":"桃園市","VILL_NAME":"桃園區"},"geometry":{"type":"MultiPolygon","coordinates":[[[[121.308758,24.998202],[121.308748,24.998198],[121.308613,24.998411],[121.308482,24.998615],[121.308485,24.998617],[121.308487,24.998618],[121.308491,24.99862],[121.308502,24.998605],[121.308527,24.998565],[121.308545,24.998538],[121.308589,24.99847],[121.308618,24.998426],[121.308642,24.998389],[121.308674,24.998337],[121.308693,24.998308],[121.308728,24.998252],[121.308754,24.998209],[121.308758,24.998202]]]]}},{"type":"Feature","properties":{"NAME":"中正路","PSTART":"中正路","PEND":"無名路101","SW_DIRECT":"2","SW_LENG":55.0,"SW_WTH":1.2,"SWW_WTH":1.2,"SW_RAMP":2,"COUNTY_NA":"桃園市","VILL_NAME":"桃園區"},"geometry":{"type":"MultiPolygon","coordinates":[[[[121.309409,24.997177],[121.309405,24.997158],[121.309364,24.997222],[121.309326,24.997283],[121.309292,24.997337],[121.309257,24.997394],[121.309211,24.997467],[121.309188,24.9975],[121.309143,24.997574],[121.30915,24.997578],[121.309152,24.99758],[121.309155,24.997575],[121.309172,24.99755],[121.309211,24.99749],[121.309241,24.997442],[121.309273,24.997393],[121.30931,24.997334],[121.309318,24.997322],[121.309342,24.997282],[121.309382,24.997221],[121.309396,24.997197],[121.309409,24.997177]]]]}},{"type":"Feature","properties":{"NAME":"朝陽街","PSTART":"鎮撫街","PEND":"三民路二段4","SW_DIRECT":"1","SW_LENG":25.47,"SW_WTH":3.17,"SWW_WTH":3.17,"SW_RAMP":2,"COUNTY_NA":"桃園市","VILL_NAME":"桃園區"},"geometry":{"type":"MultiPolygon","coordinates":[[[[121.312791,24.99926],[121.312771,24.999254],[121.312763,24.99928],[121.312755,24.999308],[121.312743,24.999348],[121.312727,24.999401],[121.312715,24.999442],[121.312709,24.999464],[121.312706,24.999472],[121.312704,24.999476],[121.312736,24.999484],[121.312742,24.999461],[121.312747,24.999444],[121.312752,24.999427],[121.312766,24.99938],[121.312784,24.999321],[121.312798,24.999272],[121.312798,24.999271],[121.312797,24.999265],[121.312794,24.999262],[121.312791,24.99926]]]]}},{"type":"Feature","properties":{"NAME":"三民路二段","PSTART":"民生路","PEND":"公六街2","SW_DIRECT":"1","SW_LENG":90.31,"SW_WTH":7.35,"SWW_WTH":7.35,"SW_RAMP":2,"COUNTY_NA":"桃園市","VILL_NAME":"桃園區"},"geometry":{"type":"MultiPolygon","coordinates":[[[[121.311251,24.999934],[121.311184,24.999917],[121.311173,24.999953],[121.311163,24.999981],[121.311192,24.999988],[121.311231,24.999998],[121.311276,25.000009],[121.311309,25.000018],[121.311351,25.000028],[121.311391,25.000039],[121.311429,25.000048],[121.311464,25.000057],[121.311502,25.000067],[121.311537,25.000075],[121.311572,25.000084],[121.311602,25.000092],[121.311642,25.000102],[121.311682,25.000112],[121.311729,25.000123],[121.31179,25.000138],[121.311866,25.000158],[121.311933,25.000175],[121.312013,25.000195],[121.312033,25.0002],[121.312039,25.000132],[121.311857,25.000085],[121.311713,25.000051],[121.311635,25.000031],[121.311558,25.000011],[121.311491,24.999994],[121.31142,24.999976],[121.311339,24.999956],[121.311251,24.999934]]]]}},{"type":"Feature","properties":{"NAME":"朝陽街","PSTART":"鎮撫街","PEND":"三民路二段5","SW_DIRECT":"1","SW_LENG":89.05,"SW_WTH":3.18,"SWW_WTH":3.18,"SW_RAMP":2,"COUNTY_NA":"桃園市","VILL_NAME":"桃園區"},"geometry":{"type":"MultiPolygon","coordinates":[[[[121.312728,24.999511],[121.312697,24.999503],[121.312696,24.999506],[121.312678,24.999569],[121.312668,24.999603],[121.312657,24.999641],[121.312644,24.999684],[121.312629,24.999729],[121.312564,24.99995],[121.312545,25.00001],[121.312512,25.000128],[121.312488,25.000218],[121.312479,25.000234],[121.312457,25.000279],[121.312502,25.000286],[121.312506,25.000258],[121.31251,25.000243],[121.31252,25.000208],[121.312524,25.000192],[121.312528,25.000174],[121.312542,25.000128],[121.312558,25.000075],[121.31259,24.999969],[121.312604,24.999923],[121.312632,24.999832],[121.312634,24.999827],[121.312645,24.999788],[121.312659,24.999744],[121.312661,24.999735],[121.3127,24.999606],[121.312718,24.999545],[121.312728,24.999511]]]]}},{"type":"Feature","properties":{"NAME":"長壽路","PSTART":"長壽路","PEND":"長壽路","SW_DIRECT":"1","SW_LENG":337.95,"SW_WTH":2.03,"SWW_WTH":2.03,"SW_RAMP":2,"COUNTY_NA":"桃園市","VILL_NAME":"桃園區"},"geometry":{"type":"MultiPolygon","coordinates":[[[[121.324936,24.996484],[121.324905,24.996479],[121.32489,24.996482],[121.324824,24.996473],[121.324603,24.996441],[121.324317,24.996401],[121.324117,24.996372],[121.324106,24.996385],[121.324315,24.996415],[121.324602,24.996456],[121.324824,24.996487],[121.324883,24.996496],[121.324903,24.996499],[121.324932,24.996503],[121.324985,24.996509],[121.325413,24.996571],[121.325656,24.996606],[121.325954,24.996648],[121.326498,24.996727],[121.3267,24.996756],[121.32695,24.996792],[121.327045,24.996806],[121.327303,24.996843],[121.327417,24.996859],[121.327421,24.996839],[121.327398,24.996836],[121.327237,24.996813],[121.32709,24.996792],[121.326865,24.996761],[121.326715,24.996741],[121.326706,24.996738],[121.326502,24.996709],[121.325952,24.99663],[121.325662,24.996588],[121.32542,24.996553],[121.325105,24.996508],[121.324936,24.996484]]]]}},{"type":"Feature","properties":{"NAME":"三民路一段","PSTART":"鎮撫街","PEND":"成功路","SW_DIRECT":"1","SW_LENG":44.1,"SW_WTH":2.95,"SWW_WTH":2.95,"SW_RAMP":2,"COUNTY_NA":"桃園市","VILL_NAME":"桃園區"},"geometry":{"type":"MultiPolygon","coordinates":[[[[121.321861,24.997438],[121.321842,24.997418],[121.321793,24.997456],[121.321666,24.997559],[121.321603,24.997614],[121.321551,24.997661],[121.321531,24.997679],[121.321521,24.997689],[121.321542,24.997707],[121.321552,24.997697],[121.321571,24.99768],[121.321623,24.997633],[121.321686,24.997579],[121.321812,24.997477],[121.321861,24.997438]]]]}},{"type":"Feature","properties":{"NAME":"三民路一段","PSTART":"鎮撫街","PEND":"成功路","SW_DIRECT":"1","SW_LENG":32.9,"SW_WTH":3.13,"SWW_WTH":3.13,"SW_RAMP":2,"COUNTY_NA":"桃園市","VILL_NAME":"桃園區"},"geometry":{"type":"MultiPolygon","coordinates":[[[[121.322138,24.99722],[121.322118,24.997199],[121.322064,24.997241],[121.322006,24.997286],[121.321872,24.997393],[121.321892,24.997415],[121.322028,24.997306],[121.322086,24.997261],[121.322138,24.99722]]]]}},{"type":"Feature","properties":{"NAME":"三民路二段","PSTART":"春日路","PEND":"中央街","SW_DIRECT":"1","SW_LENG":10.51,"SW_WTH":4.09,"SWW_WTH":4.09,"SW_RAMP":2,"COUNTY_NA":"桃園市","VILL_NAME":"桃園區"},"geometry":{"type":"MultiPolygon","coordinates":[[[[121.315456,25.001017],[121.315341,25.000994],[121.315332,25.00103],[121.315416,25.001046],[121.315427,25.001044],[121.315456,25.001017]]]]}},{"type":"Feature","properties":{"NAME":"三民路二段","PSTART":"春日路","PEND":"中央街","SW_DIRECT":"1","SW_LENG":105.38,"SW_WTH":4.12,"SWW_WTH":4.12,"SW_RAMP":2,"COUNTY_NA":"桃園市","VILL_NAME":"桃園區"},"geometry":{"type":"MultiPolygon","coordinates":[[[[121.314409,25.000769],[121.314265,25.000734],[121.314287,25.000772],[121.314299,25.00078],[121.314398,25.000805],[121.314536,25.00084],[121.314731,25.000887],[121.314894,25.000928],[121.315144,25.000989],[121.315282,25.00102],[121.315292,25.000984],[121.315154,25.000953],[121.314904,25.000892],[121.314741,25.000851],[121.314547,25.000804],[121.314409,25.000769]]]]}},{"type":"Feature","properties":{"NAME":"三民路一段","PSTART":"鎮撫街","PEND":"中山東路","SW_DIRECT":"1","SW_LENG":87.49,"SW_WTH":2.98,"SWW_WTH":2.98,"SW_RAMP":2,"COUNTY_NA":"桃園市","VILL_NAME":"桃園區"},"geometry":{"type":"MultiPolygon","coordinates":[[[[121.320876,24.998693],[121.320866,24.998689],[121.320831,24.998762],[121.320762,24.998896],[121.320721,24.998976],[121.320639,24.999138],[121.320565,24.999277],[121.320502,24.999406],[121.320527,24.999416],[121.320594,24.999285],[121.320667,24.999146],[121.32075,24.998984],[121.320791,24.998905],[121.320859,24.998771],[121.320893,24.9987],[121.320876,24.998693]]]]}},{"type":"Feature","properties":{"NAME":"三民路二段","PSTART":"朝陽街","PEND":"春日路","SW_DIRECT":"2","SW_LENG":116.1,"SW_WTH":3.0,"SWW_WTH":3.0,"SW_RAMP":2,"COUNTY_NA":"桃園市","VILL_NAME":"桃園區"},"geometry":{"type":"MultiPolygon","coordinates":[[[[121.313059,25.000678],[121.312869,25.000631],[121.312829,25.00062],[121.312817,25.000618],[121.312798,25.000618],[121.312806,25.000647],[121.312816,25.000645],[121.312821,25.000646],[121.312861,25.000657],[121.313051,25.000704],[121.313245,25.000753],[121.313426,25.0008],[121.31359,25.000841],[121.313742,25.00088],[121.313882,25.000914],[121.313895,25.000934],[121.313914,25.000929],[121.313908,25.000908],[121.3139,25.000897],[121.313891,25.00089],[121.31375,25.000854],[121.313598,25.000814],[121.313434,25.000773],[121.313253,25.000727],[121.313059,25.000678]]]]}},{"type":"Feature","properties":{"NAME":"永安路","PSTART":"永安路","PEND":"永安路","SW_DIRECT":"1","SW_LENG":44.33,"SW_WTH":1.4,"SWW_WTH":1.4,"SW_RAMP":2,"COUNTY_NA":"桃園市","VILL_NAME":"桃園區"},"geometry":{"type":"MultiPolygon","coordinates":[[[[121.305623,24.998604],[121.30561,24.998602],[121.3056,24.998637],[121.305585,24.998684],[121.305571,24.998721],[121.305552,24.998763],[121.305535,24.998794],[121.305494,24.998865],[121.305457,24.998932],[121.30544,24.998962],[121.305462,24.999009],[121.30551,24.998986],[121.305497,24.998926],[121.305497,24.998891],[121.305507,24.99887],[121.305547,24.9988],[121.305564,24.998768],[121.305583,24.998726],[121.305598,24.998688],[121.305614,24.998641],[121.305623,24.998604]]]]}},{"type":"Feature","properties":{"NAME":"民族路297巷","PSTART":"民族路297巷","PEND":"民族路297巷_1B","SW_DIRECT":"1","SW_LENG":83.76,"SW_WTH":3.21,"SWW_WTH":3.21,"SW_RAMP":2,"COUNTY_NA":"桃園市","VILL_NAME":"桃園區"},"geometry":{"type":"MultiPolygon","coordinates":[[[[121.306203,24.995827],[121.305993,24.995785],[121.305984,24.995817],[121.305999,24.995818],[121.306172,24.995851],[121.306344,24.995884],[121.306392,24.995894],[121.30646,24.99591],[121.306516,24.995923],[121.306578,24.99595],[121.306641,24.995977],[121.30669,24.996002],[121.306739,24.996027],[121.306742,24.99603],[121.306784,24.996042],[121.306767,24.996005],[121.30665,24.99595],[121.306532,24.995895],[121.306472,24.995883],[121.306412,24.99587],[121.306203,24.995827]]]]}},{"type":"Feature","properties":{"NAME":"無名路_264","PSTART":"無名路_264A","PEND":"無名路_264B","SW_DIRECT":"1","SW_LENG":99.55,"SW_WTH":3.43,"SWW_WTH":3.43,"SW_RAMP":2,"COUNTY_NA":"桃園市","VILL_NAME":"桃園區"},"geometry":{"type":"MultiPolygon","coordinates":[[[[121.324462,24.997031],[121.324461,24.997024],[121.324447,24.997031],[121.324446,24.997033],[121.324445,24.997035],[121.324444,24.997036],[121.324436,24.997039],[121.324436,24.997039],[121.324395,24.997045],[121.324348,24.997051],[121.324348,24.997055],[121.324348,24.99706],[121.324308,24.997066],[121.324268,24.997072],[121.324221,24.997087],[121.324213,24.997088],[121.324193,24.997094],[121.324173,24.997099],[121.324162,24.997101],[121.324151,24.997104],[121.324141,24.997106],[121.32413,24.997109],[121.324129,24.997109],[121.324127,24.99711],[121.324126,24.99711],[121.324124,24.997111],[121.324122,24.997111],[121.324121,24.997112],[121.324119,24.997112],[121.324118,24.997113],[121.324117,24.997113],[121.324115,24.997114],[121.324076,24.99713],[121.324036,24.997147],[121.323996,24.997165],[121.323948,24.997187],[121.323899,24.99721],[121.323877,24.99722],[121.323855,24.997231],[121.323815,24.997251],[121.323774,24.99727],[121.323749,24.997285],[121.323724,24.997299],[121.323665,24.997321],[121.323607,24.997342],[121.323575,24.997362],[121.323544,24.997381],[121.323561,24.997404],[121.323578,24.997426],[121.3236,24.997412],[121.323622,24.997399],[121.323644,24.997385],[121.323666,24.997371],[121.323687,24.997359],[121.323707,24.997347],[121.323726,24.997335],[121.323746,24.997323],[121.323766,24.997312],[121.32378,24.997304],[121.323793,24.997297],[121.323816,24.997285],[121.323847,24.99727],[121.323869,24.997259],[121.323891,24.997249],[121.323914,24.997238],[121.323939,24.997226],[121.323964,24.997214],[121.323995,24.9972],[121.32401,24.997193],[121.324025,24.997186],[121.324034,24.997182],[121.324044,24.997178],[121.324064,24.997169],[121.324084,24.997161],[121.324104,24.997152],[121.324124,24.997144],[121.324127,24.997143],[121.324129,24.997142],[121.324131,24.997142],[121.324134,24.99714],[121.324141,24.997138],[121.324151,24.997136],[121.324164,24.997132],[121.324182,24.997128],[121.324228,24.997111],[121.324273,24.997094],[121.324312,24.997088],[121.324352,24.997082],[121.324381,24.997078],[121.324411,24.997073],[121.324421,24.997072],[121.324431,24.99707],[121.324437,24.997069],[121.324443,24.997066],[121.324449,24.997062],[121.324455,24.997056],[121.324459,24.997048],[121.32446,24.997045],[121.324461,24.997042],[121.324461,24.997038],[121.324461,24.997033],[121.324462,24.997031]]]]}},{"type":"Feature","properties":{"NAME":"成功路三段","PSTART":"長壽路","PEND":"公園路","SW_DIRECT":"1","SW_LENG":60.21,"SW_WTH":1.6,"SWW_WTH":1.6,"SW_RAMP":2,"COUNTY_NA":"桃園市","VILL_NAME":"桃園區"},"geometry":{"type":"MultiPolygon","coordinates":[[[[121.324238,24.996539],[121.3242,24.996497],[121.324188,24.996505],[121.324189,24.996507],[121.32419,24.996509],[121.324225,24.996548],[121.324273,24.9966],[121.324304,24.996635],[121.324345,24.996679],[121.324382,24.99672],[121.32442,24.996761],[121.324455,24.9968],[121.324491,24.996839],[121.324512,24.996863],[121.32454,24.996893],[121.324568,24.996924],[121.324581,24.996915],[121.324552,24.996884],[121.324525,24.996853],[121.324503,24.99683],[121.324467,24.99679],[121.324432,24.996752],[121.324394,24.996711],[121.324357,24.99667],[121.324316,24.996625],[121.324291,24.996597],[121.324238,24.996539]]]]}},{"type":"Feature","properties":{"NAME":"保羅街","PSTART":"保羅街","PEND":"保羅街_5B","SW_DIRECT":"1","SW_LENG":34.98,"SW_WTH":3.46,"SWW_WTH":3.46,"SW_RAMP":2,"COUNTY_NA":"桃園市","VILL_NAME":"桃園區"},"geometry":{"type":"MultiPolygon","coordinates":[[[[121.309082,24.982578],[121.309074,24.982562],[121.308936,24.98267],[121.308824,24.982762],[121.308793,24.982783],[121.308849,24.982784],[121.30892,24.982725],[121.309014,24.982647],[121.309081,24.982593],[121.309082,24.982582],[121.309082,24.982578]]]]}},{"type":"Feature","properties":{"NAME":"保羅街","PSTART":"保羅街","PEND":"保羅街_8B","SW_DIRECT":"1","SW_LENG":240.45,"SW_WTH":3.53,"SWW_WTH":3.53,"SW_RAMP":2,"COUNTY_NA":"桃園市","VILL_NAME":"桃園區"},"geometry":{"type":"MultiPolygon","coordinates":[[[[121.3113,24.981612],[121.311328,24.981579],[121.311281,24.981582],[121.311042,24.981609],[121.310917,24.981621],[121.310843,24.981661],[121.31069,24.981735],[121.310271,24.981945],[121.310046,24.982057],[121.309684,24.982242],[121.309442,24.982362],[121.309221,24.982472],[121.309169,24.982498],[121.309177,24.982508],[121.309185,24.982513],[121.309195,24.982515],[121.309207,24.982515],[121.309209,24.982515],[121.309251,24.982493],[121.309534,24.982351],[121.309619,24.98231],[121.309887,24.982173],[121.310275,24.981979],[121.310531,24.981848],[121.310757,24.98174],[121.310933,24.981654],[121.311178,24.981625],[121.3113,24.981612]]]]}},{"type":"Feature","properties":{"NAME":"保羅街","PSTART":"保羅街","PEND":"保羅街_3B","SW_DIRECT":"1","SW_LENG":27.04,"SW_WTH":2.65,"SWW_WTH":2.65,"SW_RAMP":2,"COUNTY_NA":"桃園市","VILL_NAME":"桃園區"},"geometry":{"type":"MultiPolygon","coordinates":[[[[121.309141,24.98272],[121.309131,24.98272],[121.30913,24.98272],[121.309084,24.982761],[121.308996,24.98284],[121.308954,24.982876],[121.308956,24.982905],[121.309,24.982869],[121.30915,24.982737],[121.309163,24.982726],[121.309154,24.982722],[121.309141,24.98272]]]]}},{"type":"Feature","properties":{"NAME":"保羅街","PSTART":"保羅街","PEND":"保羅街_2B","SW_DIRECT":"1","SW_LENG":22.62,"SW_WTH":1.53,"SWW_WTH":1.53,"SW_RAMP":2,"COUNTY_NA":"桃園市","VILL_NAME":"桃園區"},"geometry":{"type":"MultiPolygon","coordinates":[[[[121.309387,24.982583],[121.30937,24.982577],[121.309307,24.98261],[121.309247,24.98264],[121.309185,24.982673],[121.309186,24.982694],[121.309244,24.982658],[121.309387,24.982583]]]]}},{"type":"Feature","properties":{"NAME":"保羅街","PSTART":"保羅街","PEND":"保羅街_6B","SW_DIRECT":"1","SW_LENG":36.11,"SW_WTH":2.34,"SWW_WTH":2.34,"SW_RAMP":2,"COUNTY_NA":"桃園市","VILL_NAME":"桃園區"},"geometry":{"type":"MultiPolygon","coordinates":[[[[121.310066,24.982245],[121.310045,24.982238],[121.309967,24.982277],[121.309777,24.982374],[121.309746,24.982389],[121.309742,24.982415],[121.309867,24.982353],[121.310066,24.982245]]]]}},{"type":"Feature","properties":{"NAME":"保羅街","PSTART":"保羅街","PEND":"保羅街_7B","SW_DIRECT":"1","SW_LENG":68.92,"SW_WTH":2.16,"SWW_WTH":2.16,"SW_RAMP":2,"COUNTY_NA":"桃園市","VILL_NAME":"桃園區"},"geometry":{"type":"MultiPolygon","coordinates":[[[[121.311363,24.981754],[121.311333,24.981737],[121.31122,24.98175],[121.31106,24.981767],[121.310996,24.981774],[121.31097,24.981777],[121.310897,24.981813],[121.310708,24.981908],[121.310703,24.981931],[121.310772,24.981898],[121.310977,24.981797],[121.311106,24.981781],[121.311363,24.981754]]]]}},{"type":"Feature","properties":{"NAME":"保羅街","PSTART":"保羅街","PEND":"保羅街_1B","SW_DIRECT":"1","SW_LENG":8.89,"SW_WTH":1.33,"SWW_WTH":1.33,"SW_RAMP":2,"COUNTY_NA":"桃園市","VILL_NAME":"桃園區"},"geometry":{"type":"MultiPolygon","coordinates":[[[[121.309526,24.982506],[121.309517,24.982504],[121.309515,24.982505],[121.309495,24.982516],[121.30945,24.982538],[121.309445,24.982553],[121.309537,24.982509],[121.309535,24.982509],[121.309526,24.982506]]]]}},{"type":"Feature","properties":{"NAME":"保羅街","PSTART":"保羅街","PEND":"保羅街_4B","SW_DIRECT":"1","SW_LENG":32.07,"SW_WTH":2.41,"SWW_WTH":2.41,"SW_RAMP":2,"COUNTY_NA":"桃園市","VILL_NAME":"桃園區"},"geometry":{"type":"MultiPolygon","coordinates":[[[[121.310535,24.982015],[121.310525,24.981998],[121.310471,24.982025],[121.310466,24.982028],[121.310311,24.982105],[121.310188,24.982166],[121.31019,24.982192],[121.310304,24.982133],[121.310467,24.982049],[121.310535,24.982015]]]]}},{"type":"Feature","properties":{"NAME":"金門二街","PSTART":"金門二街","PEND":"金門二街13","SW_DIRECT":"1","SW_LENG":3.53,"SW_WTH":3.34,"SWW_WTH":3.34,"SW_RAMP":2,"COUNTY_NA":"桃園市","VILL_NAME":"桃園區"},"geometry":{"type":"MultiPolygon","coordinates":[[[[121.316565,24.98183],[121.316534,24.981816],[121.316521,24.981844],[121.316552,24.981858],[121.316565,24.98183]]]]}},{"type":"Feature","properties":{"NAME":"金門二街","PSTART":"金門二街","PEND":"金門二街17","SW_DIRECT":"1","SW_LENG":4.59,"SW_WTH":3.43,"SWW_WTH":3.43,"SW_RAMP":2,"COUNTY_NA":"桃園市","VILL_NAME":"桃園區"},"geometry":{"type":"MultiPolygon","coordinates":[[[[121.316134,24.981735],[121.316131,24.981734],[121.316128,24.981765],[121.316173,24.98177],[121.316176,24.981739],[121.316134,24.981735]]]]}},{"type":"Feature","properties":{"NAME":"金門二街","PSTART":"金門二街","PEND":"金門二街16","SW_DIRECT":"1","SW_LENG":2.87,"SW_WTH":3.41,"SWW_WTH":3.41,"SW_RAMP":2,"COUNTY_NA":"桃園市","VILL_NAME":"桃園區"},"geometry":{"type":"MultiPolygon","coordinates":[[[[121.316011,24.981721],[121.315983,24.981718],[121.31598,24.981749],[121.316008,24.981752],[121.316011,24.981721]]]]}},{"type":"Feature","properties":{"NAME":"金門二街","PSTART":"金門二街","PEND":"金門二街14","SW_DIRECT":"1","SW_LENG":2.45,"SW_WTH":3.34,"SWW_WTH":3.34,"SW_RAMP":2,"COUNTY_NA":"桃園市","VILL_NAME":"桃園區"},"geometry":{"type":"MultiPolygon","coordinates":[[[[121.314945,24.981607],[121.314922,24.981605],[121.314917,24.981634],[121.314942,24.981637],[121.314945,24.981607]]]]}},{"type":"Feature","properties":{"NAME":"陽明五街","PSTART":"陽明五街","PEND":"陽明五街","SW_DIRECT":"1","SW_LENG":218.07,"SW_WTH":3.09,"SWW_WTH":3.09,"SW_RAMP":2,"COUNTY_NA":"桃園市","VILL_NAME":"桃園區"},"geometry":{"type":"MultiPolygon","coordinates":[[[[121.306164,24.979349],[121.306159,24.979349],[121.306155,24.979349],[121.30615,24.979349],[121.306147,24.979351],[121.306143,24.979352],[121.306137,24.979356],[121.306146,24.979393],[121.306155,24.979393],[121.306164,24.979395],[121.306171,24.979398],[121.306178,24.979401],[121.30618,24.979403],[121.306193,24.979445],[121.306302,24.979717],[121.306455,24.980088],[121.306483,24.980155],[121.3066,24.980437],[121.306877,24.981116],[121.306884,24.981134],[121.30689,24.981146],[121.306905,24.981183],[121.30694,24.981191],[121.306918,24.981137],[121.306913,24.981124],[121.306906,24.981107],[121.306629,24.980428],[121.306528,24.980184],[121.306524,24.980176],[121.306519,24.980164],[121.306511,24.980145],[121.306484,24.980078],[121.306331,24.979707],[121.306209,24.979402],[121.306194,24.979366],[121.306191,24.979362],[121.306186,24.979358],[121.306184,24.979356],[121.306181,24.979354],[121.306175,24.979352],[121.306164,24.979349]]]]}},{"type":"Feature","properties":{"NAME":"漢中路","PSTART":"漢中路","PEND":"漢中路","SW_DIRECT":"1","SW_LENG":35.87,"SW_WTH":3.16,"SWW_WTH":3.16,"SW_RAMP":2,"COUNTY_NA":"桃園市","VILL_NAME":"桃園區"},"geometry":{"type":"MultiPolygon","coordinates":[[[[121.303744,24.982178],[121.303724,24.982175],[121.303724,24.982181],[121.303717,24.98228],[121.303706,24.982459],[121.303704,24.982501],[121.303735,24.982501],[121.303737,24.982461],[121.303748,24.982281],[121.303755,24.982187],[121.303751,24.982183],[121.303748,24.98218],[121.303744,24.982178]]]]}},{"type":"Feature","properties":{"NAME":"建國路","PSTART":"建國路","PEND":"建國路_2B","SW_DIRECT":"1","SW_LENG":13.82,"SW_WTH":3.53,"SWW_WTH":3.53,"SW_RAMP":2,"COUNTY_NA":"桃園市","VILL_NAME":"桃園區"},"geometry":{"type":"MultiPolygon","coordinates":[[[[121.315458,24.985823],[121.31543,24.985821],[121.315428,24.985851],[121.315467,24.985855],[121.31556,24.985867],[121.31557,24.985834],[121.315458,24.985823]]]]}},{"type":"Feature","properties":{"NAME":"建成街","PSTART":"建成街","PEND":"建成街_2B","SW_DIRECT":"1","SW_LENG":23.28,"SW_WTH":3.01,"SWW_WTH":3.01,"SW_RAMP":2,"COUNTY_NA":"桃園市","VILL_NAME":"桃園區"},"geometry":{"type":"MultiPolygon","coordinates":[[[[121.315588,24.985855],[121.31557,24.985834],[121.31556,24.985867],[121.315577,24.985885],[121.315556,24.98605],[121.315586,24.986053],[121.315592,24.986008],[121.315607,24.985879],[121.315606,24.985878],[121.315605,24.985876],[121.315588,24.985855]]]]}},{"type":"Feature","properties":{"NAME":"建成街","PSTART":"建成街","PEND":"建成街_4B","SW_DIRECT":"1","SW_LENG":68.33,"SW_WTH":3.05,"SWW_WTH":3.05,"SW_RAMP":2,"COUNTY_NA":"桃園市","VILL_NAME":"桃園區"},"geometry":{"type":"MultiPolygon","coordinates":[[[[121.315577,24.986126],[121.315547,24.986123],[121.315525,24.986296],[121.315499,24.9865],[121.31545,24.986706],[121.315445,24.986737],[121.3155,24.986734],[121.3155,24.986731],[121.315506,24.986685],[121.31553,24.986524],[121.315542,24.986406],[121.315577,24.986126]]]]}},{"type":"Feature","properties":{"NAME":"建成街","PSTART":"建成街","PEND":"建成街_6B","SW_DIRECT":"1","SW_LENG":212.1,"SW_WTH":5.13,"SWW_WTH":5.13,"SW_RAMP":2,"COUNTY_NA":"桃園市","VILL_NAME":"桃園區"},"geometry":{"type":"MultiPolygon","coordinates":[[[[121.315629,24.986947],[121.315618,24.986939],[121.315614,24.986983],[121.315656,24.987015],[121.315679,24.987023],[121.315701,24.987027],[121.315733,24.98703],[121.315839,24.987041],[121.316375,24.987096],[121.316717,24.987132],[121.317293,24.98719],[121.317691,24.987231],[121.317698,24.987186],[121.317451,24.987159],[121.316621,24.987075],[121.316145,24.987026],[121.315755,24.986987],[121.315678,24.98697],[121.315665,24.986966],[121.315657,24.986964],[121.315652,24.986961],[121.315642,24.986955],[121.315629,24.986947]]]]}},{"type":"Feature","properties":{"NAME":"介壽路_2","PSTART":"介壽路_2A","PEND":"介壽路_2B","SW_DIRECT":"1","SW_LENG":47.4,"SW_WTH":4.48,"SWW_WTH":4.48,"SW_RAMP":2,"COUNTY_NA":"桃園市","VILL_NAME":"桃園區"},"geometry":{"type":"MultiPolygon","coordinates":[[[[121.308516,24.982506],[121.308481,24.98247],[121.308468,24.982479],[121.308463,24.982483],[121.308459,24.982487],[121.308456,24.982493],[121.308454,24.982499],[121.308454,24.982503],[121.308454,24.982508],[121.308455,24.982511],[121.308456,24.982514],[121.308458,24.982517],[121.30846,24.98252],[121.308464,24.982523],[121.308475,24.982532],[121.308514,24.982564],[121.308568,24.982608],[121.30865,24.982674],[121.308715,24.982728],[121.308783,24.982783],[121.308793,24.982783],[121.308823,24.982763],[121.30869,24.982653],[121.308567,24.982553],[121.308516,24.982506]]]]}},{"type":"Feature","properties":{"NAME":"介壽路_3","PSTART":"介壽路_3A","PEND":"介壽路_3B","SW_DIRECT":"1","SW_LENG":60.59,"SW_WTH":4.42,"SWW_WTH":4.42,"SW_RAMP":2,"COUNTY_NA":"桃園市","VILL_NAME":"桃園區"},"geometry":{"type":"MultiPolygon","coordinates":[[[[121.308017,24.982107],[121.307976,24.982065],[121.30794,24.982098],[121.307964,24.982117],[121.308061,24.982196],[121.308144,24.982263],[121.308202,24.982311],[121.308218,24.982324],[121.308308,24.982396],[121.308363,24.982441],[121.308372,24.982445],[121.308381,24.982447],[121.30839,24.982448],[121.308399,24.982449],[121.308409,24.982447],[121.308418,24.982444],[121.308429,24.982439],[121.308392,24.982408],[121.308331,24.98236],[121.308242,24.982288],[121.308185,24.982243],[121.308031,24.982118],[121.308017,24.982107]]]]}},{"type":"Feature","properties":{"NAME":"介壽路_4","PSTART":"介壽路_4A","PEND":"介壽路_4B","SW_DIRECT":"1","SW_LENG":140.16,"SW_WTH":5.15,"SWW_WTH":5.15,"SW_RAMP":2,"COUNTY_NA":"桃園市","VILL_NAME":"桃園區"},"geometry":{"type":"MultiPolygon","coordinates":[[[[121.310789,24.985401],[121.310746,24.985332],[121.310721,24.985364],[121.310745,24.985429],[121.310762,24.985477],[121.310782,24.985532],[121.3108,24.985582],[121.310821,24.985641],[121.310843,24.985699],[121.310858,24.985741],[121.310884,24.985813],[121.310905,24.985872],[121.310928,24.985934],[121.310949,24.985991],[121.310979,24.986073],[121.311,24.986129],[121.311006,24.986148],[121.311019,24.986183],[121.311033,24.986219],[121.311046,24.986255],[121.31106,24.986293],[121.311078,24.986339],[121.311096,24.986391],[121.311115,24.986442],[121.311137,24.986504],[121.311145,24.986527],[121.31115,24.986545],[121.311191,24.986552],[121.311151,24.986439],[121.311119,24.98635],[121.311076,24.986239],[121.311092,24.986235],[121.311075,24.986188],[121.311047,24.986113],[121.311009,24.98601],[121.310969,24.985901],[121.310928,24.985786],[121.310879,24.985651],[121.310838,24.985537],[121.310801,24.985436],[121.310791,24.98541],[121.310789,24.985401]]]]}},{"type":"Feature","properties":{"NAME":"南華街","PSTART":"南華街","PEND":"南華街_2B","SW_DIRECT":"1","SW_LENG":45.85,"SW_WTH":6.07,"SWW_WTH":6.07,"SW_RAMP":2,"COUNTY_NA":"桃園市","VILL_NAME":"桃園區"},"geometry":{"type":"MultiPolygon","coordinates":[[[[121.307149,24.99403],[121.307166,24.994029],[121.307181,24.994033],[121.307248,24.993929],[121.307109,24.993856],[121.307099,24.993887],[121.307081,24.993944],[121.307067,24.993988],[121.307054,24.994027],[121.307034,24.99409],[121.307013,24.994157],[121.306991,24.994225],[121.307001,24.994242],[121.30701,24.994258],[121.307006,24.994264],[121.307004,24.994267],[121.307035,24.994283],[121.307037,24.99428],[121.307041,24.994274],[121.307041,24.994269],[121.307044,24.994264],[121.307037,24.99426],[121.307047,24.994244],[121.307057,24.994229],[121.307081,24.994191],[121.307071,24.994179],[121.307069,24.994176],[121.307069,24.994173],[121.307071,24.99415],[121.307075,24.994131],[121.307082,24.994113],[121.307098,24.994083],[121.307117,24.994052],[121.307129,24.994037],[121.307137,24.994031],[121.307149,24.99403]]]]}},{"type":"Feature","properties":{"NAME":"安樂街","PSTART":"安樂街","PEND":"安樂街","SW_DIRECT":"1","SW_LENG":79.36,"SW_WTH":4.1,"SWW_WTH":4.1,"SW_RAMP":2,"COUNTY_NA":"桃園市","VILL_NAME":"桃園區"},"geometry":{"type":"MultiPolygon","coordinates":[[[[121.316405,24.992661],[121.316322,24.992633],[121.316305,24.992674],[121.31631,24.992675],[121.316378,24.992697],[121.316429,24.992713],[121.316475,24.992727],[121.316532,24.992746],[121.316607,24.992769],[121.316659,24.992786],[121.316717,24.992804],[121.316717,24.992804],[121.316769,24.99282],[121.316775,24.992822],[121.316788,24.992826],[121.316928,24.99287],[121.31699,24.992889],[121.317015,24.992897],[121.317016,24.992897],[121.317021,24.992899],[121.317032,24.992902],[121.317077,24.992884],[121.317078,24.992881],[121.317037,24.992867],[121.316996,24.992854],[121.316992,24.992854],[121.316989,24.992853],[121.316987,24.992853],[121.316984,24.992852],[121.316931,24.992836],[121.316856,24.99281],[121.316847,24.992808],[121.31683,24.992803],[121.316822,24.992801],[121.316813,24.992798],[121.316807,24.992796],[121.3168,24.992794],[121.316789,24.99279],[121.316769,24.992783],[121.316748,24.992775],[121.316732,24.992769],[121.316719,24.992765],[121.316687,24.992754],[121.31667,24.992749],[121.316656,24.992744],[121.316643,24.99274],[121.316628,24.992736],[121.316619,24.992734],[121.316605,24.99273],[121.316592,24.992728],[121.316581,24.992725],[121.31657,24.992722],[121.31655,24.992716],[121.316538,24.992712],[121.316523,24.992707],[121.316518,24.992705],[121.31646,24.992688],[121.316425,24.992677],[121.316409,24.992672],[121.316407,24.992671],[121.316405,24.992669],[121.316404,24.992667],[121.316404,24.992664],[121.316404,24.992663],[121.316405,24.992661]]]]}},{"type":"Feature","properties":{"NAME":"長壽路","PSTART":"長壽路","PEND":"長壽路","SW_DIRECT":"1","SW_LENG":14.51,"SW_WTH":2.11,"SWW_WTH":2.11,"SW_RAMP":2,"COUNTY_NA":"桃園市","VILL_NAME":"桃園區"},"geometry":{"type":"MultiPolygon","coordinates":[[[[121.324104,24.996118],[121.324083,24.996115],[121.324084,24.996125],[121.324091,24.996136],[121.324098,24.996137],[121.324218,24.996154],[121.324235,24.996138],[121.324104,24.996118]]]]}},{"type":"Feature","properties":{"NAME":"鎮撫街","PSTART":"三民路","PEND":"無名路35","SW_DIRECT":"2","SW_LENG":84.07,"SW_WTH":4.21,"SWW_WTH":4.21,"SW_RAMP":2,"COUNTY_NA":"桃園市","VILL_NAME":"桃園區"},"geometry":{"type":"MultiPolygon","coordinates":[[[[121.32063,25.000009],[121.320585,24.999995],[121.32057,25.000034],[121.320751,25.000087],[121.321253,25.000246],[121.321356,25.000278],[121.321372,25.000246],[121.321334,25.000234],[121.321279,25.000217],[121.321281,25.000213],[121.321242,25.0002],[121.321138,25.000167],[121.32109,25.000152],[121.32099,25.000122],[121.32074,25.000044],[121.32063,25.000009]]]]}},{"type":"Feature","properties":{"NAME":"自強路","PSTART":"自強路","PEND":"自強路","SW_DIRECT":"1","SW_LENG":158.25,"SW_WTH":3.5,"SWW_WTH":3.5,"SW_RAMP":2,"COUNTY_NA":"桃園市","VILL_NAME":"桃園區"},"geometry":{"type":"MultiPolygon","coordinates":[[[[121.317821,24.999169],[121.317829,24.999148],[121.317786,24.999171],[121.317781,24.999176],[121.317771,24.999207],[121.317716,24.999359],[121.31764,24.999566],[121.317578,24.999724],[121.317449,25.000061],[121.317419,25.000144],[121.317372,25.000262],[121.317304,25.000444],[121.317285,25.000492],[121.317284,25.000494],[121.317308,25.000526],[121.317325,25.000482],[121.317325,25.000481],[121.317337,25.000454],[121.317405,25.000272],[121.317452,25.000154],[121.317482,25.000072],[121.317611,24.999734],[121.317673,24.999577],[121.317749,24.999369],[121.317804,24.999217],[121.317813,24.999189],[121.317821,24.999169]]]]}},{"type":"Feature","properties":{"NAME":"鎮撫街","PSTART":"自強路","PEND":"國光街","SW_DIRECT":"2","SW_LENG":163.01,"SW_WTH":2.73,"SWW_WTH":2.73,"SW_RAMP":2,"COUNTY_NA":"桃園市","VILL_NAME":"桃園區"},"geometry":{"type":"MultiPolygon","coordinates":[[[[121.317847,24.99915],[121.317829,24.999148],[121.317821,24.999169],[121.317902,24.999195],[121.318098,24.999258],[121.318233,24.999301],[121.318438,24.999366],[121.31866,24.999435],[121.318919,24.999516],[121.31908,24.999567],[121.319273,24.999628],[121.31934,24.99965],[121.319363,24.999629],[121.319281,24.999604],[121.319088,24.999543],[121.318927,24.999492],[121.318668,24.999411],[121.318446,24.999342],[121.31824,24.999276],[121.318105,24.999233],[121.31791,24.999171],[121.317854,24.999153],[121.317847,24.99915]]]]}},{"type":"Feature","properties":{"NAME":"中山路","PSTART":"中山路","PEND":"中山路146","SW_DIRECT":"1","SW_LENG":60.95,"SW_WTH":0.99,"SWW_WTH":0.99,"SW_RAMP":2,"COUNTY_NA":"桃園市","VILL_NAME":"桃園區"},"geometry":{"type":"MultiPolygon","coordinates":[[[[121.312107,24.995177],[121.312042,24.995155],[121.312039,24.995164],[121.312084,24.995179],[121.312129,24.995192],[121.312157,24.995202],[121.312193,24.995214],[121.312216,24.995222],[121.312235,24.995228],[121.312258,24.995235],[121.312346,24.995261],[121.312385,24.995272],[121.312434,24.995286],[121.312497,24.995308],[121.312524,24.995316],[121.312542,24.995323],[121.312546,24.995326],[121.312573,24.995375],[121.312585,24.995371],[121.312566,24.995335],[121.312556,24.995317],[121.312526,24.995308],[121.312483,24.995294],[121.312445,24.995282],[121.3124,24.995269],[121.312354,24.995255],[121.312278,24.995231],[121.312251,24.995225],[121.312191,24.995206],[121.312138,24.995188],[121.312107,24.995177]]]]}},{"type":"Feature","properties":{"NAME":"中山路","PSTART":"中山路","PEND":"中山路100","SW_DIRECT":"1","SW_LENG":76.89,"SW_WTH":1.06,"SWW_WTH":1.06,"SW_RAMP":2,"COUNTY_NA":"桃園市","VILL_NAME":"桃園區"},"geometry":{"type":"MultiPolygon","coordinates":[[[[121.311301,24.994765],[121.31127,24.994748],[121.311267,24.994756],[121.311332,24.994793],[121.311398,24.994831],[121.311471,24.994872],[121.311555,24.994923],[121.311639,24.994971],[121.311677,24.994993],[121.311746,24.995027],[121.311827,24.99507],[121.311872,24.995093],[121.31189,24.995125],[121.311904,24.995134],[121.311906,24.995127],[121.311903,24.995118],[121.31189,24.995091],[121.311845,24.995065],[121.31176,24.995022],[121.311693,24.994989],[121.311653,24.994968],[121.311599,24.994941],[121.311556,24.994916],[121.311516,24.994891],[121.311475,24.994869],[121.31138,24.994811],[121.311301,24.994765]]]]}},{"type":"Feature","properties":{"NAME":"民族路","PSTART":"民族路","PEND":"民族路_7B","SW_DIRECT":"1","SW_LENG":61.01,"SW_WTH":2.25,"SWW_WTH":2.25,"SW_RAMP":2,"COUNTY_NA":"桃園市","VILL_NAME":"桃園區"},"geometry":{"type":"MultiPolygon","coordinates":[[[[121.30678,24.996379],[121.306753,24.996359],[121.306747,24.996368],[121.306717,24.996417],[121.306661,24.996506],[121.306605,24.996594],[121.306566,24.996656],[121.306504,24.996753],[121.306483,24.996785],[121.306452,24.996834],[121.30646,24.996843],[121.30646,24.996843],[121.306461,24.996844],[121.306468,24.996852],[121.306501,24.996799],[121.306522,24.996764],[121.306557,24.996709],[121.306583,24.996669],[121.306598,24.996646],[121.30661,24.996626],[121.30662,24.996611],[121.306632,24.996591],[121.306653,24.996558],[121.306665,24.996557],[121.306681,24.996534],[121.306705,24.996497],[121.306732,24.996457],[121.306744,24.996438],[121.30678,24.996379]]]]}},{"type":"Feature","properties":{"NAME":"永安路","PSTART":"永安路","PEND":"永安路","SW_DIRECT":"1","SW_LENG":68.17,"SW_WTH":2.2,"SWW_WTH":2.2,"SW_RAMP":2,"COUNTY_NA":"桃園市","VILL_NAME":"桃園區"},"geometry":{"type":"MultiPolygon","coordinates":[[[[121.306548,24.996837],[121.306649,24.996781],[121.306743,24.996729],[121.306806,24.996695],[121.306853,24.99667],[121.306952,24.996626],[121.306975,24.996617],[121.306995,24.996608],[121.307035,24.996591],[121.307068,24.996577],[121.307071,24.996575],[121.307072,24.996573],[121.307075,24.996567],[121.307077,24.99656],[121.307078,24.996557],[121.307026,24.996577],[121.306928,24.996612],[121.306922,24.996617],[121.306891,24.99663],[121.30684,24.996654],[121.306802,24.996674],[121.306735,24.996711],[121.306702,24.996729],[121.306652,24.996756],[121.306613,24.996777],[121.306577,24.996797],[121.306557,24.996809],[121.306538,24.996819],[121.306528,24.996822],[121.306522,24.996823],[121.30652,24.996823],[121.306517,24.996823],[121.306514,24.996822],[121.306511,24.996821],[121.306508,24.996819],[121.306506,24.996818],[121.306505,24.996817],[121.306504,24.996815],[121.306502,24.996813],[121.306501,24.996806],[121.306501,24.996799],[121.306485,24.996825],[121.306468,24.996852],[121.306486,24.99687],[121.306516,24.996855],[121.306548,24.996837]]]]}},{"type":"Feature","properties":{"NAME":"中山路","PSTART":"中正路","PEND":"民生路","SW_DIRECT":"1","SW_LENG":155.0,"SW_WTH":1.0,"SWW_WTH":1.0,"SW_RAMP":2,"COUNTY_NA":"桃園市","VILL_NAME":"桃園區"},"geometry":{"type":"MultiPolygon","coordinates":[[[[121.311315,24.99463],[121.311254,24.994599],[121.311248,24.994603],[121.311282,24.994621],[121.311324,24.994641],[121.311339,24.994651],[121.311356,24.99466],[121.311382,24.994674],[121.311412,24.994691],[121.311455,24.994715],[121.311497,24.994738],[121.311538,24.994761],[121.311607,24.994801],[121.311655,24.99483],[121.311689,24.994851],[121.311731,24.994876],[121.311766,24.994894],[121.311801,24.994915],[121.311846,24.994939],[121.311902,24.994968],[121.311948,24.994988],[121.312006,24.995014],[121.312055,24.995034],[121.312131,24.99506],[121.312182,24.995077],[121.312342,24.995125],[121.312408,24.995145],[121.312428,24.995152],[121.312445,24.995158],[121.312524,24.995184],[121.312559,24.995195],[121.312567,24.995197],[121.31257,24.99519],[121.312538,24.995181],[121.312471,24.99516],[121.312424,24.995145],[121.312353,24.995122],[121.312317,24.995111],[121.312278,24.9951],[121.312242,24.995088],[121.31219,24.995071],[121.312129,24.99505],[121.31208,24.995034],[121.312008,24.995004],[121.311942,24.994977],[121.311871,24.994943],[121.311818,24.994914],[121.311743,24.994873],[121.311664,24.994827],[121.3116,24.994786],[121.311486,24.994721],[121.311393,24.99467],[121.311315,24.99463]]]]}},{"type":"Feature","properties":{"NAME":"中山路","PSTART":"中山路","PEND":"中山路102","SW_DIRECT":"1","SW_LENG":113.58,"SW_WTH":1.07,"SWW_WTH":1.07,"SW_RAMP":2,"COUNTY_NA":"桃園市","VILL_NAME":"桃園區"},"geometry":{"type":"MultiPolygon","coordinates":[[[[121.310061,24.993981],[121.310051,24.99397],[121.309992,24.993978],[121.309995,24.993983],[121.310035,24.99398],[121.310048,24.993979],[121.31006,24.99399],[121.310074,24.994002],[121.310096,24.994023],[121.310119,24.994045],[121.310129,24.994055],[121.310143,24.994066],[121.310184,24.9941],[121.310256,24.994154],[121.310308,24.994193],[121.310358,24.994229],[121.310389,24.994252],[121.31044,24.994286],[121.310483,24.994314],[121.310508,24.994331],[121.310558,24.994362],[121.310598,24.994383],[121.310652,24.994411],[121.31071,24.994443],[121.310772,24.994476],[121.310799,24.994491],[121.310829,24.994509],[121.31086,24.994525],[121.310862,24.994531],[121.310867,24.994571],[121.310881,24.99457],[121.310869,24.994525],[121.310864,24.994518],[121.310855,24.994513],[121.310808,24.994487],[121.310765,24.994462],[121.310717,24.994436],[121.310677,24.994412],[121.310621,24.99438],[121.310586,24.994358],[121.310525,24.994325],[121.310477,24.994291],[121.310438,24.994268],[121.310395,24.99424],[121.310359,24.994215],[121.310277,24.994155],[121.310231,24.994123],[121.310195,24.994096],[121.310166,24.994072],[121.310143,24.994051],[121.310118,24.994028],[121.310079,24.993996],[121.310061,24.993981]]]]}},{"type":"Feature","properties":{"NAME":"中山路","PSTART":"三民路二段","PEND":"民生路2","SW_DIRECT":"2","SW_LENG":150.0,"SW_WTH":1.8,"SWW_WTH":1.8,"SW_RAMP":2,"COUNTY_NA":"桃園市","VILL_NAME":"桃園區"},"geometry":{"type":"MultiPolygon","coordinates":[[[[121.308764,24.993188],[121.308738,24.993177],[121.308676,24.993191],[121.308678,24.993202],[121.308737,24.993185],[121.308755,24.993194],[121.30882,24.993233],[121.308891,24.993275],[121.308975,24.993325],[121.309072,24.993382],[121.309098,24.993398],[121.309163,24.993436],[121.309233,24.993478],[121.30929,24.993512],[121.309331,24.993537],[121.30944,24.993601],[121.309505,24.99364],[121.309547,24.993665],[121.309602,24.993697],[121.309651,24.993725],[121.309725,24.993769],[121.309756,24.993789],[121.309776,24.993802],[121.30981,24.993821],[121.309849,24.993844],[121.309889,24.993868],[121.309928,24.99389],[121.309933,24.993882],[121.309913,24.99387],[121.309856,24.993835],[121.30981,24.993807],[121.309767,24.993778],[121.30974,24.993764],[121.309671,24.993722],[121.309617,24.993688],[121.309571,24.993663],[121.309524,24.993632],[121.309453,24.993593],[121.309385,24.993552],[121.309304,24.993506],[121.309257,24.993477],[121.309195,24.993443],[121.309133,24.993405],[121.309086,24.993375],[121.308994,24.99332],[121.308854,24.993239],[121.308764,24.993188]]]]}},{"type":"Feature","properties":{"NAME":"民族路","PSTART":"民族路","PEND":"民族路_2B","SW_DIRECT":"1","SW_LENG":11.14,"SW_WTH":3.03,"SWW_WTH":3.03,"SW_RAMP":2,"COUNTY_NA":"桃園市","VILL_NAME":"桃園區"},"geometry":{"type":"MultiPolygon","coordinates":[[[[121.309302,24.991993],[121.309313,24.991963],[121.309276,24.991971],[121.309249,24.992038],[121.309245,24.992048],[121.309261,24.992073],[121.309302,24.991993]]]]}},{"type":"Feature","properties":{"NAME":"中山路","PSTART":"中山路","PEND":"中山路103","SW_DIRECT":"1","SW_LENG":112.99,"SW_WTH":1.34,"SWW_WTH":1.34,"SW_RAMP":2,"COUNTY_NA":"桃園市","VILL_NAME":"桃園區"},"geometry":{"type":"MultiPolygon","coordinates":[[[[121.310136,24.993822],[121.310127,24.99382],[121.310126,24.993868],[121.310129,24.993877],[121.31015,24.993897],[121.310199,24.993943],[121.310217,24.993959],[121.310272,24.994001],[121.310338,24.994054],[121.3104,24.9941],[121.310421,24.994115],[121.310494,24.994167],[121.310548,24.994202],[121.3107,24.994295],[121.310734,24.994313],[121.310811,24.994352],[121.310869,24.994385],[121.3109,24.994402],[121.310939,24.994423],[121.310983,24.994449],[121.310988,24.994441],[121.310903,24.994389],[121.310857,24.994365],[121.310799,24.994334],[121.310728,24.994295],[121.310682,24.99427],[121.310643,24.994246],[121.310601,24.994219],[121.310567,24.994196],[121.310523,24.994168],[121.310454,24.994117],[121.310394,24.994078],[121.31036,24.994056],[121.31033,24.994035],[121.310308,24.994018],[121.310285,24.993998],[121.31025,24.99397],[121.310224,24.993946],[121.310212,24.993935],[121.310185,24.993912],[121.310164,24.993891],[121.310146,24.993876],[121.310136,24.993868],[121.310135,24.993865],[121.310136,24.993852],[121.310136,24.993822]]]]}},{"type":"Feature","properties":{"NAME":"中山路","PSTART":"中山路","PEND":"中山路104","SW_DIRECT":"1","SW_LENG":150.97,"SW_WTH":1.35,"SWW_WTH":1.35,"SW_RAMP":2,"COUNTY_NA":"桃園市","VILL_NAME":"桃園區"},"geometry":{"type":"MultiPolygon","coordinates":[[[[121.308783,24.993025],[121.308776,24.993024],[121.308775,24.993026],[121.308773,24.99303],[121.308769,24.993036],[121.308769,24.993039],[121.308769,24.993041],[121.30877,24.993043],[121.308771,24.993046],[121.308773,24.99305],[121.308774,24.993052],[121.308779,24.993057],[121.308792,24.993066],[121.308847,24.993099],[121.308888,24.993126],[121.308946,24.993162],[121.309021,24.993206],[121.3091,24.993254],[121.309141,24.993278],[121.309185,24.993303],[121.309272,24.993356],[121.309304,24.993375],[121.309366,24.993413],[121.309425,24.993449],[121.30951,24.993498],[121.309569,24.993533],[121.309639,24.993575],[121.309718,24.993622],[121.309785,24.993661],[121.309866,24.993708],[121.309937,24.99375],[121.310004,24.993787],[121.31001,24.993778],[121.309999,24.993771],[121.309963,24.993751],[121.309929,24.99373],[121.309882,24.993703],[121.309845,24.993681],[121.309794,24.993651],[121.309752,24.993627],[121.309709,24.993601],[121.309644,24.993562],[121.309577,24.993524],[121.309503,24.99348],[121.309428,24.993435],[121.309368,24.993399],[121.309328,24.993374],[121.309286,24.993349],[121.309194,24.993294],[121.309149,24.993268],[121.309118,24.99325],[121.309075,24.993226],[121.30903,24.993197],[121.308992,24.993174],[121.308951,24.993151],[121.30891,24.993126],[121.308852,24.993092],[121.30882,24.993071],[121.308792,24.993056],[121.308789,24.993052],[121.308787,24.993049],[121.308785,24.993036],[121.308783,24.993025]]]]}},{"type":"Feature","properties":{"NAME":"民族路","PSTART":"民族路","PEND":"民族路_6B","SW_DIRECT":"1","SW_LENG":20.83,"SW_WTH":3.46,"SWW_WTH":3.46,"SW_RAMP":2,"COUNTY_NA":"桃園市","VILL_NAME":"桃園區"},"geometry":{"type":"MultiPolygon","coordinates":[[[[121.309578,24.991276],[121.309545,24.991265],[121.309514,24.991352],[121.309484,24.991425],[121.309477,24.991443],[121.309512,24.991454],[121.309528,24.991412],[121.309571,24.991296],[121.309578,24.991276]]]]}},{"type":"Feature","properties":{"NAME":"民族路","PSTART":"民族路","PEND":"民族路_4B","SW_DIRECT":"1","SW_LENG":14.71,"SW_WTH":3.64,"SWW_WTH":3.64,"SW_RAMP":2,"COUNTY_NA":"桃園市","VILL_NAME":"桃園區"},"geometry":{"type":"MultiPolygon","coordinates":[[[[121.309635,24.991126],[121.309604,24.991115],[121.309579,24.991174],[121.309554,24.991241],[121.309589,24.991251],[121.309612,24.991189],[121.309635,24.991126]]]]}},{"type":"Feature","properties":{"NAME":"忠孝街_3","PSTART":"忠孝街_3A","PEND":"忠孝街_3B","SW_DIRECT":"1","SW_LENG":13.21,"SW_WTH":3.47,"SWW_WTH":3.47,"SW_RAMP":2,"COUNTY_NA":"桃園市","VILL_NAME":"桃園區"},"geometry":{"type":"MultiPolygon","coordinates":[[[[121.314977,24.994105],[121.314972,24.994102],[121.314965,24.994098],[121.314959,24.994096],[121.314947,24.994094],[121.314943,24.994096],[121.314934,24.994103],[121.314926,24.9941],[121.314874,24.994084],[121.314852,24.994077],[121.314845,24.994095],[121.314845,24.994098],[121.314846,24.994102],[121.314847,24.994106],[121.314849,24.994108],[121.314851,24.99411],[121.314902,24.994126],[121.31493,24.994134],[121.314938,24.994136],[121.314946,24.99413],[121.314978,24.994109],[121.314977,24.994105]]]]}},{"type":"Feature","properties":{"NAME":"忠孝街","PSTART":"朝陽街一段","PEND":"東國街1","SW_DIRECT":"1","SW_LENG":8.2,"SW_WTH":3.54,"SWW_WTH":3.54,"SW_RAMP":2,"COUNTY_NA":"桃園市","VILL_NAME":"桃園區"},"geometry":{"type":"MultiPolygon","coordinates":[[[[121.314751,24.994045],[121.314731,24.994039],[121.314716,24.994068],[121.314784,24.994089],[121.314788,24.994089],[121.314791,24.994089],[121.314793,24.994087],[121.314796,24.994084],[121.314799,24.994079],[121.314802,24.994071],[121.314805,24.994062],[121.314797,24.99406],[121.314751,24.994045]]]]}},{"type":"Feature","properties":{"NAME":"東國街","PSTART":"東國街","PEND":"東國街14","SW_DIRECT":"1","SW_LENG":15.08,"SW_WTH":3.51,"SWW_WTH":3.51,"SW_RAMP":2,"COUNTY_NA":"桃園市","VILL_NAME":"桃園區"},"geometry":{"type":"MultiPolygon","coordinates":[[[[121.315013,24.99388],[121.31501,24.993879],[121.315013,24.993882],[121.315015,24.993884],[121.315016,24.993888],[121.315017,24.993893],[121.315012,24.993904],[121.314991,24.993966],[121.314982,24.993992],[121.314974,24.994017],[121.314991,24.994022],[121.314995,24.994022],[121.314999,24.994022],[121.315002,24.994022],[121.315005,24.99402],[121.315007,24.994018],[121.315011,24.994015],[121.315014,24.994006],[121.315024,24.993976],[121.315034,24.993946],[121.315047,24.99391],[121.315046,24.993904],[121.315045,24.9939],[121.315045,24.993898],[121.315042,24.993893],[121.31504,24.993891],[121.315035,24.993888],[121.315028,24.993885],[121.315017,24.993881],[121.315013,24.99388]]]]}},{"type":"Feature","properties":{"NAME":"朝陽街","PSTART":"鎮撫街","PEND":"三民路二段1","SW_DIRECT":"1","SW_LENG":47.5,"SW_WTH":3.08,"SWW_WTH":3.08,"SW_RAMP":2,"COUNTY_NA":"桃園市","VILL_NAME":"桃園區"},"geometry":{"type":"MultiPolygon","coordinates":[[[[121.31293,24.998813],[121.312899,24.998808],[121.312889,24.998841],[121.31288,24.998875],[121.31285,24.998987],[121.312822,24.999077],[121.312797,24.999169],[121.312783,24.99921],[121.31278,24.999221],[121.31281,24.999229],[121.312812,24.99922],[121.312817,24.999206],[121.312823,24.999187],[121.31283,24.999162],[121.312833,24.99915],[121.31284,24.999128],[121.312844,24.999112],[121.31285,24.999093],[121.312857,24.999069],[121.312863,24.999049],[121.312868,24.999029],[121.312874,24.99901],[121.312886,24.998968],[121.312892,24.998946],[121.312901,24.998915],[121.312908,24.998891],[121.312914,24.99887],[121.312919,24.998851],[121.312923,24.998836],[121.31293,24.998813]]]]}},{"type":"Feature","properties":{"NAME":"朝陽街","PSTART":"鎮撫街","PEND":"三民路二段3","SW_DIRECT":"1","SW_LENG":47.23,"SW_WTH":3.15,"SWW_WTH":3.15,"SW_RAMP":2,"COUNTY_NA":"桃園市","VILL_NAME":"桃園區"},"geometry":{"type":"MultiPolygon","coordinates":[[[[121.313035,24.998321],[121.313034,24.998305],[121.313006,24.998307],[121.313003,24.99833],[121.313002,24.998378],[121.312998,24.998415],[121.312983,24.9985],[121.312977,24.99854],[121.312967,24.998575],[121.312958,24.998608],[121.312949,24.99864],[121.312935,24.998716],[121.312938,24.998723],[121.312954,24.998729],[121.312962,24.9987],[121.312975,24.998657],[121.312993,24.998597],[121.312998,24.998579],[121.313006,24.998551],[121.313009,24.998533],[121.313013,24.998509],[121.313016,24.998492],[121.31302,24.998474],[121.313023,24.998456],[121.313026,24.998438],[121.313028,24.998423],[121.313031,24.998409],[121.313032,24.998396],[121.313034,24.998379],[121.313035,24.998349],[121.313035,24.998321]]]]}},{"type":"Feature","properties":{"NAME":"朝陽街","PSTART":"鎮撫街","PEND":"三民路二段2","SW_DIRECT":"1","SW_LENG":6.28,"SW_WTH":3.13,"SWW_WTH":3.13,"SW_RAMP":2,"COUNTY_NA":"桃園市","VILL_NAME":"桃園區"},"geometry":{"type":"MultiPolygon","coordinates":[[[[121.313031,24.998256],[121.31303,24.998248],[121.312997,24.998251],[121.312998,24.998256],[121.313003,24.998286],[121.313006,24.998304],[121.313006,24.998307],[121.313034,24.998305],[121.313033,24.998289],[121.313031,24.998256]]]]}},{"type":"Feature","properties":{"NAME":"長壽路","PSTART":"長壽路","PEND":"長壽路","SW_DIRECT":"1","SW_LENG":310.23,"SW_WTH":2.13,"SWW_WTH":2.13,"SW_RAMP":2,"COUNTY_NA":"桃園市","VILL_NAME":"桃園區"},"geometry":{"type":"MultiPolygon","coordinates":[[[[121.324545,24.996182],[121.324338,24.996152],[121.324349,24.996173],[121.324353,24.996174],[121.324543,24.996201],[121.32504,24.996272],[121.325368,24.996319],[121.325815,24.996383],[121.326283,24.99645],[121.326596,24.996495],[121.326857,24.996531],[121.327034,24.996557],[121.327213,24.996582],[121.327378,24.996605],[121.327381,24.996586],[121.327059,24.996541],[121.326859,24.996512],[121.326799,24.996504],[121.326598,24.996476],[121.326285,24.996431],[121.325817,24.996364],[121.32537,24.9963],[121.325042,24.996252],[121.324983,24.996244],[121.324545,24.996182]]]]}},{"type":"Feature","properties":{"NAME":"三民路三段","PSTART":"三民路三段","PEND":"三民路三段10","SW_DIRECT":"1","SW_LENG":3.38,"SW_WTH":4.32,"SWW_WTH":4.32,"SW_RAMP":2,"COUNTY_NA":"桃園市","VILL_NAME":"桃園區"},"geometry":{"type":"MultiPolygon","coordinates":[[[[121.306468,24.996852],[121.306452,24.996834],[121.306439,24.996857],[121.306438,24.99686],[121.306439,24.996863],[121.306439,24.996864],[121.306441,24.996869],[121.306443,24.996872],[121.306447,24.996876],[121.30645,24.996878],[121.306455,24.99688],[121.30646,24.99688],[121.306466,24.99688],[121.30647,24.996879],[121.306486,24.99687],[121.306468,24.996852]]]]}},{"type":"Feature","properties":{"NAME":"建國路","PSTART":"建國路","PEND":"建國路51巷3弄_1B","SW_DIRECT":"1","SW_LENG":24.89,"SW_WTH":1.65,"SWW_WTH":1.65,"SW_RAMP":2,"COUNTY_NA":"桃園市","VILL_NAME":"桃園區"},"geometry":{"type":"MultiPolygon","coordinates":[[[[121.317152,24.985127],[121.316909,24.985105],[121.316903,24.985119],[121.317151,24.985143],[121.317152,24.985127]]]]}},{"type":"Feature","properties":{"NAME":"無名路_235","PSTART":"無名路_235A","PEND":"無名路_235B","SW_DIRECT":"1","SW_LENG":63.35,"SW_WTH":1.51,"SWW_WTH":1.51,"SW_RAMP":2,"COUNTY_NA":"桃園市","VILL_NAME":"桃園區"},"geometry":{"type":"MultiPolygon","coordinates":[[[[121.31693,24.984552],[121.316914,24.984551],[121.316904,24.984682],[121.316882,24.984931],[121.316869,24.985083],[121.316903,24.985119],[121.316909,24.985105],[121.316884,24.985079],[121.316912,24.984748],[121.31693,24.984552]]]]}},{"type":"Feature","properties":{"NAME":"保羅街","PSTART":"介壽路","PEND":"建新街","SW_DIRECT":"1","SW_LENG":288.1,"SW_WTH":3.4,"SWW_WTH":3.4,"SW_RAMP":4,"COUNTY_NA":"桃園市","VILL_NAME":"桃園區"},"geometry":{"type":"MultiPolygon","coordinates":[[[[121.311464,24.981649],[121.311434,24.981635],[121.311425,24.981651],[121.311412,24.981664],[121.311406,24.981668],[121.311196,24.981689],[121.310951,24.981714],[121.310865,24.981753],[121.310779,24.981795],[121.310465,24.981947],[121.310075,24.982135],[121.309762,24.982286],[121.309541,24.982394],[121.309306,24.982507],[121.30929,24.982517],[121.309251,24.982549],[121.309167,24.98262],[121.309139,24.982642],[121.309083,24.982689],[121.309053,24.982715],[121.308891,24.982857],[121.308838,24.982861],[121.308841,24.982892],[121.308894,24.982888],[121.3089,24.982887],[121.308905,24.982885],[121.30891,24.982883],[121.309076,24.982738],[121.309108,24.982713],[121.309193,24.982642],[121.309274,24.982571],[121.309311,24.982541],[121.309323,24.982533],[121.309556,24.982421],[121.309782,24.982314],[121.310096,24.982162],[121.310481,24.981974],[121.310796,24.981823],[121.310961,24.981744],[121.311199,24.98172],[121.311409,24.981699],[121.311414,24.981698],[121.311419,24.981696],[121.311431,24.981689],[121.311433,24.981688],[121.31145,24.981672],[121.311451,24.98167],[121.311464,24.981649]]]]}},{"type":"Feature","properties":{"NAME":"介壽路","PSTART":"長沙街","PEND":"保羅街","SW_DIRECT":"1","SW_LENG":222.7,"SW_WTH":4.4,"SWW_WTH":3.2,"SW_RAMP":2,"COUNTY_NA":"桃園市","VILL_NAME":"桃園區"},"geometry":{"type":"MultiPolygon","coordinates":[[[[121.308798,24.982884],[121.308805,24.982888],[121.308812,24.982891],[121.308819,24.982892],[121.308841,24.982892],[121.308838,24.982861],[121.308486,24.982576],[121.308269,24.9824],[121.308247,24.982383],[121.308242,24.982379],[121.308056,24.982226],[121.307862,24.982069],[121.307852,24.982061],[121.307828,24.982042],[121.307819,24.982035],[121.307792,24.982013],[121.307751,24.981979],[121.307748,24.981977],[121.307746,24.981975],[121.30758,24.98184],[121.307453,24.981737],[121.307447,24.981732],[121.307321,24.98163],[121.307285,24.981549],[121.307278,24.981522],[121.307274,24.981501],[121.307273,24.981475],[121.30728,24.981434],[121.307283,24.981421],[121.307287,24.981409],[121.30725,24.981388],[121.307238,24.981434],[121.307234,24.98146],[121.307231,24.981498],[121.307231,24.981501],[121.307235,24.981529],[121.307235,24.981529],[121.30728,24.981644],[121.307283,24.981649],[121.307287,24.981655],[121.307419,24.981761],[121.307551,24.98187],[121.307797,24.982073],[121.308027,24.982256],[121.308217,24.982412],[121.308457,24.982606],[121.308787,24.982876],[121.308798,24.982884]]]]}},{"type":"Feature","properties":{"NAME":"建新街","PSTART":"長沙街","PEND":"保羅街","SW_DIRECT":"2","SW_LENG":250.8,"SW_WTH":4.1,"SWW_WTH":3.0,"SW_RAMP":2,"COUNTY_NA":"桃園市","VILL_NAME":"桃園區"},"geometry":{"type":"MultiPolygon","coordinates":[[[[121.310791,24.979551],[121.310766,24.979579],[121.31082,24.979621],[121.31088,24.979817],[121.310923,24.97995],[121.310971,24.98011],[121.310995,24.980184],[121.31102,24.980268],[121.311048,24.980353],[121.311076,24.980447],[121.311099,24.980516],[121.311133,24.980627],[121.311153,24.980686],[121.311193,24.980817],[121.311214,24.980884],[121.311254,24.98101],[121.311269,24.981059],[121.311297,24.981149],[121.311317,24.981213],[121.311357,24.98134],[121.311405,24.981493],[121.311439,24.981604],[121.311439,24.981622],[121.311434,24.981635],[121.311464,24.981649],[121.311477,24.981633],[121.311478,24.981629],[121.31148,24.981605],[121.311479,24.981601],[121.311444,24.981483],[121.311396,24.98133],[121.311356,24.981203],[121.311336,24.981139],[121.311308,24.981049],[121.311293,24.981],[121.311253,24.980874],[121.311232,24.980807],[121.311192,24.980676],[121.311172,24.980617],[121.311138,24.980506],[121.311115,24.980437],[121.311087,24.980343],[121.311059,24.980258],[121.311034,24.980174],[121.31101,24.9801],[121.310962,24.97994],[121.310919,24.979806],[121.310859,24.979611],[121.310852,24.979597],[121.310791,24.979551]]]]}},{"type":"Feature","properties":{"NAME":"萬全街","PSTART":"頂興路","PEND":"頂興路2巷","SW_DIRECT":"2","SW_LENG":54.31,"SW_WTH":1.29,"SWW_WTH":1.22,"SW_RAMP":2,"COUNTY_NA":"桃園市","VILL_NAME":"龜山區"},"geometry":{"type":"MultiPolygon","coordinates":[[[[121.327842,24.991525],[121.327848,24.991514],[121.327768,24.99148],[121.327507,24.991367],[121.327372,24.991309],[121.327361,24.991305],[121.327356,24.991315],[121.327366,24.991319],[121.327371,24.991321],[121.327504,24.991379],[121.327762,24.99149],[121.327842,24.991525]]]]}},{"type":"Feature","properties":{"NAME":"萬全街","PSTART":"頂興路","PEND":"頂興路2巷","SW_DIRECT":"2","SW_LENG":28.89,"SW_WTH":1.37,"SWW_WTH":1.29,"SW_RAMP":2,"COUNTY_NA":"桃園市","VILL_NAME":"龜山區"},"geometry":{"type":"MultiPolygon","coordinates":[[[[121.327037,24.991178],[121.327152,24.991229],[121.327291,24.991287],[121.327295,24.991289],[121.3273,24.99128],[121.327292,24.991275],[121.327158,24.991216],[121.327043,24.991166],[121.327037,24.991178]]]]}},{"type":"Feature","properties":{"NAME":"頂興路","PSTART":"頂興路2巷","PEND":"萬全街1","SW_DIRECT":"2","SW_LENG":42.5,"SW_WTH":1.26,"SWW_WTH":1.23,"SW_RAMP":2,"COUNTY_NA":"桃園市","VILL_NAME":"龜山區"},"geometry":{"type":"MultiPolygon","coordinates":[[[[121.327848,24.991514],[121.327842,24.991525],[121.327858,24.991558],[121.327818,24.991681],[121.327779,24.991805],[121.327776,24.991812],[121.327775,24.991811],[121.327773,24.991816],[121.327772,24.991818],[121.327771,24.991819],[121.327767,24.991824],[121.327766,24.991824],[121.327766,24.991825],[121.327764,24.991826],[121.327762,24.991826],[121.32776,24.991827],[121.327758,24.991828],[121.327752,24.991832],[121.327751,24.991833],[121.32775,24.991834],[121.327749,24.991835],[121.327748,24.991836],[121.327748,24.991837],[121.327748,24.991838],[121.327747,24.99184],[121.32778,24.991849],[121.327789,24.991816],[121.32783,24.991686],[121.327871,24.991558],[121.32787,24.991556],[121.327852,24.991515],[121.327848,24.991514]]]]}},{"type":"Feature","properties":{"NAME":"桃10","PSTART":"桃10","PEND":"桃1030","SW_DIRECT":"1","SW_LENG":121.72,"SW_WTH":3.73,"SWW_WTH":3.73,"SW_RAMP":2,"COUNTY_NA":"桃園市","VILL_NAME":"龜山區"},"geometry":{"type":"MultiPolygon","coordinates":[[[[121.325268,24.988106],[121.325264,24.988098],[121.325542,24.987802],[121.325691,24.987659],[121.326098,24.98723],[121.326232,24.987089],[121.326337,24.986979],[121.326339,24.986977],[121.326342,24.986975],[121.326346,24.986973],[121.326349,24.986972],[121.326353,24.986972],[121.326356,24.986972],[121.32636,24.986972],[121.326364,24.986973],[121.32636,24.986959],[121.326341,24.986947],[121.32634,24.986946],[121.326338,24.986945],[121.326337,24.986944],[121.326335,24.986944],[121.326333,24.986944],[121.326332,24.986944],[121.32633,24.986944],[121.326328,24.986945],[121.326327,24.986946],[121.326326,24.986947],[121.326325,24.986948],[121.326216,24.987063],[121.326119,24.987167],[121.325754,24.987553],[121.325673,24.987637],[121.325625,24.987686],[121.325499,24.987818],[121.325307,24.988025],[121.325246,24.988091],[121.325253,24.988118],[121.325268,24.988106]]]]}},{"type":"Feature","properties":{"NAME":"桃10","PSTART":"桃10","PEND":"桃109","SW_DIRECT":"1","SW_LENG":40.86,"SW_WTH":2.78,"SWW_WTH":2.78,"SW_RAMP":2,"COUNTY_NA":"桃園市","VILL_NAME":"龜山區"},"geometry":{"type":"MultiPolygon","coordinates":[[[[121.325112,24.98803],[121.325128,24.988038],[121.325135,24.988036],[121.325316,24.987844],[121.325443,24.987708],[121.325462,24.987676],[121.325475,24.987642],[121.325432,24.987691],[121.325203,24.987934],[121.325112,24.98803]]]]}},{"type":"Feature","properties":{"NAME":"桃10","PSTART":"桃10","PEND":"桃1012","SW_DIRECT":"1","SW_LENG":9.6,"SW_WTH":2.89,"SWW_WTH":2.89,"SW_RAMP":2,"COUNTY_NA":"桃園市","VILL_NAME":"龜山區"},"geometry":{"type":"MultiPolygon","coordinates":[[[[121.325042,24.988107],[121.324978,24.988203],[121.324991,24.98821],[121.325,24.988209],[121.325058,24.988122],[121.325058,24.988116],[121.325042,24.988107]]]]}},{"type":"Feature","properties":{"NAME":"桃10","PSTART":"桃10","PEND":"桃106","SW_DIRECT":"1","SW_LENG":6.13,"SW_WTH":2.25,"SWW_WTH":2.25,"SW_RAMP":2,"COUNTY_NA":"桃園市","VILL_NAME":"龜山區"},"geometry":{"type":"MultiPolygon","coordinates":[[[[121.325149,24.988252],[121.325158,24.988235],[121.325157,24.988233],[121.325156,24.988229],[121.325156,24.988226],[121.325156,24.988223],[121.325157,24.98822],[121.325158,24.988217],[121.32516,24.988214],[121.325162,24.988212],[121.325165,24.98821],[121.325167,24.988208],[121.325171,24.988207],[121.325174,24.988207],[121.325188,24.988191],[121.325182,24.98819],[121.325175,24.98819],[121.325169,24.98819],[121.325162,24.988192],[121.325156,24.988195],[121.325151,24.988198],[121.325146,24.988203],[121.325143,24.988207],[121.32514,24.988213],[121.325138,24.988219],[121.325137,24.988225],[121.325138,24.988231],[121.325139,24.988237],[121.325142,24.988242],[121.325145,24.988247],[121.325149,24.988252]]]]}},{"type":"Feature","properties":{"NAME":"桃10","PSTART":"桃10","PEND":"桃105","SW_DIRECT":"1","SW_LENG":25.54,"SW_WTH":2.07,"SWW_WTH":2.07,"SW_RAMP":2,"COUNTY_NA":"桃園市","VILL_NAME":"龜山區"},"geometry":{"type":"MultiPolygon","coordinates":[[[[121.325098,24.988344],[121.325024,24.988379],[121.324904,24.988554],[121.324904,24.988555],[121.324904,24.988557],[121.324904,24.988558],[121.324904,24.98856],[121.324904,24.988561],[121.324905,24.988562],[121.324906,24.988564],[121.324907,24.988565],[121.324915,24.988569],[121.324988,24.98846],[121.325035,24.988389],[121.325106,24.988356],[121.325098,24.988344]]]]}},{"type":"Feature","properties":{"NAME":"桃10","PSTART":"桃10","PEND":"桃1014","SW_DIRECT":"1","SW_LENG":60.8,"SW_WTH":2.92,"SWW_WTH":2.92,"SW_RAMP":2,"COUNTY_NA":"桃園市","VILL_NAME":"龜山區"},"geometry":{"type":"MultiPolygon","coordinates":[[[[121.327866,24.985385],[121.327864,24.985383],[121.327863,24.985381],[121.327862,24.985379],[121.327861,24.985376],[121.327861,24.985374],[121.327861,24.985371],[121.327862,24.985369],[121.327863,24.985366],[121.327864,24.985364],[121.327866,24.985362],[121.327868,24.985361],[121.327906,24.98532],[121.328052,24.985163],[121.328119,24.985086],[121.328205,24.984987],[121.328227,24.984953],[121.328293,24.984864],[121.328275,24.984853],[121.328209,24.984942],[121.328168,24.984998],[121.328102,24.985074],[121.328043,24.98514],[121.327889,24.985307],[121.327825,24.985376],[121.327821,24.985381],[121.327818,24.985387],[121.327816,24.985393],[121.327815,24.9854],[121.327815,24.985407],[121.327816,24.985413],[121.327819,24.985419],[121.327866,24.985385]]]]}},{"type":"Feature","properties":{"NAME":"桃10","PSTART":"桃10","PEND":"桃1028","SW_DIRECT":"1","SW_LENG":47.31,"SW_WTH":3.46,"SWW_WTH":3.46,"SW_RAMP":2,"COUNTY_NA":"桃園市","VILL_NAME":"龜山區"},"geometry":{"type":"MultiPolygon","coordinates":[[[[121.327397,24.985908],[121.32744,24.985915],[121.327427,24.985832],[121.32762,24.985629],[121.32774,24.985504],[121.327723,24.985508],[121.327707,24.985514],[121.327692,24.985521],[121.327678,24.985531],[121.327562,24.985653],[121.32741,24.985812],[121.327392,24.985836],[121.327392,24.985872],[121.327397,24.985908]]]]}},{"type":"Feature","properties":{"NAME":"桃10","PSTART":"桃10","PEND":"桃108","SW_DIRECT":"1","SW_LENG":34.78,"SW_WTH":2.65,"SWW_WTH":2.65,"SW_RAMP":2,"COUNTY_NA":"桃園市","VILL_NAME":"龜山區"},"geometry":{"type":"MultiPolygon","coordinates":[[[[121.327319,24.985706],[121.327296,24.985732],[121.327302,24.985732],[121.327308,24.985732],[121.327314,24.985731],[121.32732,24.985729],[121.327325,24.985727],[121.32733,24.985724],[121.327521,24.985522],[121.327605,24.985434],[121.327588,24.985422],[121.327506,24.985509],[121.327319,24.985706]]]]}},{"type":"Feature","properties":{"NAME":"桃10","PSTART":"桃10","PEND":"桃1026","SW_DIRECT":"1","SW_LENG":4.89,"SW_WTH":3.28,"SWW_WTH":3.28,"SW_RAMP":2,"COUNTY_NA":"桃園市","VILL_NAME":"龜山區"},"geometry":{"type":"MultiPolygon","coordinates":[[[[121.326466,24.986833],[121.326449,24.986827],[121.326439,24.986828],[121.326408,24.98686],[121.326406,24.986864],[121.326409,24.986867],[121.326426,24.986879],[121.326466,24.986833]]]]}},{"type":"Feature","properties":{"NAME":"桃10","PSTART":"桃10","PEND":"桃1027","SW_DIRECT":"1","SW_LENG":83.04,"SW_WTH":3.37,"SWW_WTH":3.37,"SW_RAMP":2,"COUNTY_NA":"桃園市","VILL_NAME":"龜山區"},"geometry":{"type":"MultiPolygon","coordinates":[[[[121.326563,24.986733],[121.326682,24.986607],[121.326891,24.986392],[121.326945,24.986336],[121.326955,24.986328],[121.327093,24.986183],[121.327254,24.986012],[121.327271,24.986006],[121.327288,24.986002],[121.327305,24.986001],[121.327287,24.985998],[121.327268,24.985998],[121.327249,24.986002],[121.327232,24.986008],[121.327215,24.986016],[121.327196,24.986035],[121.327069,24.986169],[121.326657,24.986601],[121.326555,24.986707],[121.326563,24.986733]]]]}},{"type":"Feature","properties":{"NAME":"桃10","PSTART":"桃10","PEND":"桃1013","SW_DIRECT":"1","SW_LENG":3.22,"SW_WTH":2.9,"SWW_WTH":2.9,"SW_RAMP":2,"COUNTY_NA":"桃園市","VILL_NAME":"龜山區"},"geometry":{"type":"MultiPolygon","coordinates":[[[[121.327161,24.98587],[121.327179,24.985884],[121.327199,24.985863],[121.327199,24.985858],[121.327199,24.985853],[121.327198,24.985848],[121.327196,24.985843],[121.327193,24.985839],[121.327161,24.98587]]]]}},{"type":"Feature","properties":{"NAME":"三民路","PSTART":"長壽路","PEND":"壽山路4","SW_DIRECT":"1","SW_LENG":41.35,"SW_WTH":5.41,"SWW_WTH":5.41,"SW_RAMP":2,"COUNTY_NA":"桃園市","VILL_NAME":"龜山區"},"geometry":{"type":"MultiPolygon","coordinates":[[[[121.325206,24.993541],[121.325192,24.993543],[121.325179,24.993547],[121.325167,24.993553],[121.325155,24.99356],[121.325146,24.993569],[121.325071,24.993727],[121.32496,24.993965],[121.324961,24.993972],[121.324963,24.993978],[121.324966,24.993985],[121.32497,24.99399],[121.324975,24.993995],[121.324981,24.993999],[121.324987,24.994003],[121.325045,24.993879],[121.325114,24.993734],[121.325206,24.993541]]]]}},{"type":"Feature","properties":{"NAME":"三民路","PSTART":"長壽路","PEND":"壽山路2","SW_DIRECT":"1","SW_LENG":103.43,"SW_WTH":4.8,"SWW_WTH":4.8,"SW_RAMP":2,"COUNTY_NA":"桃園市","VILL_NAME":"龜山區"},"geometry":{"type":"MultiPolygon","coordinates":[[[[121.324793,24.994428],[121.32493,24.99414],[121.324947,24.994106],[121.324936,24.994104],[121.324926,24.994104],[121.324915,24.994105],[121.324905,24.994108],[121.324887,24.994135],[121.324786,24.994346],[121.324754,24.994415],[121.324706,24.994518],[121.324683,24.994564],[121.32461,24.994705],[121.324532,24.994844],[121.32445,24.994981],[121.324385,24.99508],[121.324386,24.995087],[121.324389,24.995095],[121.324393,24.995101],[121.324399,24.995106],[121.324406,24.99511],[121.324414,24.995113],[121.324501,24.994976],[121.324602,24.994795],[121.3247,24.994613],[121.324793,24.994428]]]]}},{"type":"Feature","properties":{"NAME":"三民路","PSTART":"長壽路","PEND":"壽山路10","SW_DIRECT":"1","SW_LENG":43.54,"SW_WTH":5.71,"SWW_WTH":5.71,"SW_RAMP":2,"COUNTY_NA":"桃園市","VILL_NAME":"龜山區"},"geometry":{"type":"MultiPolygon","coordinates":[[[[121.325459,24.993007],[121.325445,24.993009],[121.325431,24.993014],[121.325418,24.99302],[121.325407,24.993028],[121.325396,24.993037],[121.3252,24.993454],[121.325199,24.993457],[121.325198,24.99346],[121.325198,24.993464],[121.325199,24.993468],[121.325201,24.993471],[121.325202,24.993474],[121.325205,24.993477],[121.325208,24.993479],[121.325232,24.993487],[121.325459,24.993007]]]]}},{"type":"Feature","properties":{"NAME":"三民路","PSTART":"長壽路","PEND":"壽山路3","SW_DIRECT":"1","SW_LENG":26.45,"SW_WTH":5.41,"SWW_WTH":5.41,"SW_RAMP":2,"COUNTY_NA":"桃園市","VILL_NAME":"龜山區"},"geometry":{"type":"MultiPolygon","coordinates":[[[[121.324372,24.995169],[121.324363,24.995165],[121.324353,24.995163],[121.324342,24.995163],[121.324332,24.995165],[121.324323,24.995168],[121.324262,24.995253],[121.324157,24.995396],[121.324154,24.995405],[121.324158,24.995412],[121.324185,24.995428],[121.324273,24.995306],[121.324356,24.995193],[121.324372,24.995169]]]]}},{"type":"Feature","properties":{"NAME":"三民路","PSTART":"長壽路","PEND":"萬壽路","SW_DIRECT":"2","SW_LENG":152.66,"SW_WTH":5.78,"SWW_WTH":5.78,"SW_RAMP":2,"COUNTY_NA":"桃園市","VILL_NAME":"龜山區"},"geometry":{"type":"MultiPolygon","coordinates":[[[[121.323168,24.996042],[121.323187,24.996045],[121.323205,24.996045],[121.323223,24.996042],[121.323241,24.996038],[121.323257,24.99603],[121.323364,24.995944],[121.323448,24.995867],[121.323503,24.995814],[121.323581,24.995737],[121.323683,24.995633],[121.323782,24.995526],[121.323876,24.995417],[121.323957,24.995321],[121.323978,24.995294],[121.32407,24.995174],[121.324158,24.995052],[121.324242,24.994927],[121.324323,24.9948],[121.324371,24.994726],[121.324362,24.994706],[121.324338,24.994681],[121.324275,24.994788],[121.324198,24.994912],[121.324116,24.995034],[121.32403,24.995154],[121.323941,24.995272],[121.323902,24.995318],[121.323856,24.995374],[121.32376,24.995485],[121.323662,24.995594],[121.32356,24.995699],[121.323468,24.995786],[121.32337,24.995878],[121.323267,24.995966],[121.323208,24.996018],[121.32318,24.996009],[121.323168,24.996042]]]]}},{"type":"Feature","properties":{"NAME":"三民路","PSTART":"長壽路","PEND":"萬壽路","SW_DIRECT":"2","SW_LENG":145.87,"SW_WTH":5.75,"SWW_WTH":5.75,"SW_RAMP":2,"COUNTY_NA":"桃園市","VILL_NAME":"龜山區"},"geometry":{"type":"MultiPolygon","coordinates":[[[[121.325074,24.993056],[121.324936,24.993373],[121.324789,24.993712],[121.324666,24.993995],[121.324585,24.994181],[121.324502,24.994365],[121.324453,24.994464],[121.324388,24.994594],[121.324361,24.994614],[121.324391,24.994636],[121.324404,24.994638],[121.324415,24.994638],[121.324419,24.994629],[121.324422,24.994623],[121.324496,24.994473],[121.324542,24.99438],[121.324586,24.994285],[121.324701,24.994028],[121.324831,24.993724],[121.324978,24.993384],[121.325113,24.993074],[121.325112,24.993071],[121.325074,24.993056]]]]}},{"type":"Feature","properties":{"NAME":"桃12","PSTART":"桃12","PEND":"桃12","SW_DIRECT":"1","SW_LENG":17.04,"SW_WTH":4.31,"SWW_WTH":4.31,"SW_RAMP":2,"COUNTY_NA":"桃園市","VILL_NAME":"龜山區"},"geometry":{"type":"MultiPolygon","coordinates":[[[[121.325108,24.992915],[121.325132,24.992922],[121.325094,24.993008],[121.325133,24.993021],[121.325137,24.99302],[121.325139,24.993016],[121.325177,24.992927],[121.325182,24.992914],[121.32518,24.992909],[121.325178,24.992904],[121.325175,24.992899],[121.325172,24.992895],[121.325167,24.992892],[121.325162,24.992889],[121.325157,24.992887],[121.325152,24.992886],[121.325132,24.992879],[121.325108,24.992915]]]]}},{"type":"Feature","properties":{"NAME":"萬壽路","PSTART":"德育街","PEND":"三民路","SW_DIRECT":"1","SW_LENG":489.51,"SW_WTH":1.8,"SWW_WTH":1.8,"SW_RAMP":2,"COUNTY_NA":"桃園市","VILL_NAME":"龜山區"},"geometry":{"type":"MultiPolygon","coordinates":[[[[121.325136,24.99302],[121.325136,24.99302],[121.325154,24.992978],[121.325173,24.992922],[121.325181,24.992915],[121.325176,24.992902],[121.325166,24.992892],[121.325158,24.992888],[121.325117,24.992877],[121.324837,24.9928],[121.324711,24.992763],[121.324485,24.992695],[121.32433,24.992647],[121.324235,24.992616],[121.324106,24.992573],[121.324005,24.99254],[121.323848,24.992488],[121.323635,24.992417],[121.323492,24.99237],[121.323443,24.992353],[121.323426,24.992352],[121.323416,24.992353],[121.323408,24.992354],[121.323399,24.992358],[121.323392,24.992361],[121.323386,24.992366],[121.323383,24.992369],[121.323378,24.992374],[121.323412,24.992385],[121.323674,24.992472],[121.323933,24.992557],[121.324089,24.992609],[121.324269,24.992668],[121.324413,24.992716],[121.324503,24.992745],[121.32478,24.992826],[121.325132,24.992922],[121.325094,24.993008],[121.32513,24.993022],[121.325136,24.99302]]]]}},{"type":"Feature","properties":{"NAME":"三民路","PSTART":"長壽路","PEND":"萬壽路","SW_DIRECT":"2","SW_LENG":459.61,"SW_WTH":1.8,"SWW_WTH":1.8,"SW_RAMP":2,"COUNTY_NA":"桃園市","VILL_NAME":"龜山區"},"geometry":{"type":"MultiPolygon","coordinates":[[[[121.324415,24.994638],[121.324424,24.99462],[121.324482,24.994501],[121.324553,24.994355],[121.324578,24.994302],[121.324631,24.994183],[121.324686,24.994061],[121.324715,24.993992],[121.324806,24.993777],[121.324827,24.993728],[121.324856,24.993662],[121.324868,24.993634],[121.324979,24.993379],[121.325065,24.993183],[121.325112,24.993075],[121.32511,24.993071],[121.325074,24.993057],[121.324953,24.993334],[121.324858,24.993551],[121.324734,24.993837],[121.324692,24.993934],[121.32462,24.994099],[121.324544,24.994271],[121.324503,24.994362],[121.32446,24.994449],[121.324428,24.994514],[121.324401,24.994569],[121.324388,24.994595],[121.32436,24.994615],[121.324388,24.994634],[121.324403,24.994638],[121.324415,24.994638]]]]}},{"type":"Feature","properties":{"NAME":"忠孝街56巷_1","PSTART":"忠孝街56巷_1A","PEND":"忠孝街56巷_1B","SW_DIRECT":"1","SW_LENG":97.29,"SW_WTH":1.28,"SWW_WTH":1.28,"SW_RAMP":2,"COUNTY_NA":"桃園市","VILL_NAME":"龜山區"},"geometry":{"type":"MultiPolygon","coordinates":[[[[121.324572,24.990111],[121.324482,24.990075],[121.324477,24.990085],[121.324653,24.990155],[121.324787,24.990206],[121.324917,24.990258],[121.325078,24.99033],[121.325203,24.990386],[121.325307,24.990434],[121.325359,24.990459],[121.325366,24.990448],[121.32533,24.990431],[121.325237,24.990389],[121.325134,24.990341],[121.324923,24.990248],[121.324805,24.9902],[121.324693,24.990159],[121.324637,24.990137],[121.324572,24.990111]]]]}},{"type":"Feature","properties":{"NAME":"頂興路2巷","PSTART":"頂興路2巷","PEND":"頂興路2巷","SW_DIRECT":"1","SW_LENG":80.62,"SW_WTH":1.3,"SWW_WTH":1.3,"SW_RAMP":2,"COUNTY_NA":"桃園市","VILL_NAME":"龜山區"},"geometry":{"type":"MultiPolygon","coordinates":[[[[121.326793,24.992333],[121.326782,24.992332],[121.326782,24.992344],[121.326793,24.992344],[121.327019,24.992352],[121.32715,24.992355],[121.32739,24.992365],[121.327583,24.992371],[121.32758,24.99236],[121.32739,24.992353],[121.32715,24.992343],[121.327019,24.99234],[121.326793,24.992333]]]]}},{"type":"Feature","properties":{"NAME":"三民路","PSTART":"長壽路","PEND":"萬壽路","SW_DIRECT":"2","SW_LENG":98.31,"SW_WTH":4.49,"SWW_WTH":4.49,"SW_RAMP":2,"COUNTY_NA":"桃園市","VILL_NAME":"龜山區"},"geometry":{"type":"MultiPolygon","coordinates":[[[[121.323911,24.995376],[121.323876,24.995352],[121.323832,24.995404],[121.323778,24.995467],[121.323714,24.995539],[121.323658,24.9956],[121.323625,24.995634],[121.32356,24.9957],[121.323519,24.99574],[121.323452,24.995806],[121.32339,24.995864],[121.323332,24.995915],[121.323252,24.995981],[121.323214,24.996012],[121.323253,24.996025],[121.323258,24.996024],[121.323265,24.996021],[121.323282,24.996011],[121.323363,24.995945],[121.323421,24.995892],[121.323484,24.995834],[121.323552,24.995768],[121.32359,24.99573],[121.323658,24.995661],[121.323691,24.995626],[121.323748,24.995565],[121.323813,24.995492],[121.323867,24.995429],[121.323911,24.995376]]]]}},{"type":"Feature","properties":{"NAME":"建國東路","PSTART":"興邦路","PEND":"山鶯路8","SW_DIRECT":"1","SW_LENG":147.0,"SW_WTH":1.5,"SWW_WTH":1.5,"SW_RAMP":2,"COUNTY_NA":"桃園市","VILL_NAME":"龜山區"},"geometry":{"type":"MultiPolygon","coordinates":[[[[121.325345,24.987495],[121.32439,24.987115],[121.323889,24.986956],[121.323871,24.986968],[121.325345,24.987509],[121.325345,24.987495]]]]}},{"type":"Feature","properties":{"NAME":"建國東路","PSTART":"建國東路","PEND":"建國東路5","SW_DIRECT":"1","SW_LENG":56.0,"SW_WTH":1.5,"SWW_WTH":1.5,"SW_RAMP":2,"COUNTY_NA":"桃園市","VILL_NAME":"龜山區"},"geometry":{"type":"MultiPolygon","coordinates":[[[[121.324522,24.987092],[121.325149,24.987318],[121.32516,24.987303],[121.324535,24.98707],[121.324522,24.987092]]]]}},{"type":"Feature","properties":{"NAME":"建國東路","PSTART":"建國東路","PEND":"山鶯路","SW_DIRECT":"1","SW_LENG":53.0,"SW_WTH":1.5,"SWW_WTH":1.0,"SW_RAMP":0,"COUNTY_NA":"桃園市","VILL_NAME":"龜山區"},"geometry":{"type":"MultiPolygon","coordinates":[[[[121.32518,24.987333],[121.325586,24.987517],[121.325606,24.987493],[121.325199,24.987303],[121.32518,24.987333]]]]}},{"type":"Feature","properties":{"NAME":"建國東路","PSTART":"建國東路","PEND":"建國東路1","SW_DIRECT":"2","SW_LENG":12.0,"SW_WTH":1.0,"SWW_WTH":1.0,"SW_RAMP":2,"COUNTY_NA":"桃園市","VILL_NAME":"龜山區"},"geometry":{"type":"MultiPolygon","coordinates":[[[[121.322686,24.986484],[121.322902,24.986543],[121.322902,24.986507],[121.322686,24.986454],[121.322686,24.986484]]]]}},{"type":"Feature","properties":{"NAME":"建國東路","PSTART":"建國東路","PEND":"建國東路2","SW_DIRECT":"2","SW_LENG":10.0,"SW_WTH":1.0,"SWW_WTH":1.0,"SW_RAMP":2,"COUNTY_NA":"桃園市","VILL_NAME":"龜山區"},"geometry":{"type":"MultiPolygon","coordinates":[[[[121.323024,24.986576],[121.323087,24.986597],[121.323105,24.98658],[121.323016,24.986554],[121.323,24.986569],[121.323024,24.986576]]]]}},{"type":"Feature","properties":{"NAME":"建國東路","PSTART":"建國東路","PEND":"建國東路3","SW_DIRECT":"2","SW_LENG":12.0,"SW_WTH":1.5,"SWW_WTH":1.0,"SW_RAMP":2,"COUNTY_NA":"桃園市","VILL_NAME":"龜山區"},"geometry":{"type":"MultiPolygon","coordinates":[[[[121.323397,24.986696],[121.323528,24.986731],[121.323528,24.986713],[121.323396,24.986678],[121.323397,24.986696]]]]}},{"type":"Feature","properties":{"NAME":"建國東路","PSTART":"興邦路","PEND":"建國東路","SW_DIRECT":"1","SW_LENG":13.0,"SW_WTH":1.5,"SWW_WTH":1.5,"SW_RAMP":2,"COUNTY_NA":"桃園市","VILL_NAME":"龜山區"},"geometry":{"type":"MultiPolygon","coordinates":[[[[121.321967,24.986257],[121.322328,24.986357],[121.322348,24.986304],[121.32198,24.986233],[121.321974,24.986245],[121.321967,24.986257]]]]}},{"type":"Feature","properties":{"NAME":"建國東路","PSTART":"建國東路","PEND":"建國東路4","SW_DIRECT":"2","SW_LENG":24.0,"SW_WTH":1.5,"SWW_WTH":1.0,"SW_RAMP":2,"COUNTY_NA":"桃園市","VILL_NAME":"龜山區"},"geometry":{"type":"MultiPolygon","coordinates":[[[[121.323638,24.986775],[121.323633,24.986787],[121.323908,24.986875],[121.323921,24.986863],[121.323638,24.986775]]]]}},{"type":"Feature","properties":{"NAME":"建國東路","PSTART":"興邦路","PEND":"山鶯路7","SW_DIRECT":"2","SW_LENG":52.0,"SW_WTH":1.5,"SWW_WTH":1.5,"SW_RAMP":2,"COUNTY_NA":"桃園市","VILL_NAME":"龜山區"},"geometry":{"type":"MultiPolygon","coordinates":[[[[121.323926,24.986876],[121.32392,24.986888],[121.324458,24.987072],[121.324477,24.987042],[121.323926,24.986876]]]]}},{"type":"Feature","properties":{"NAME":"萬壽路二段","PSTART":"壽德街","PEND":"三民路","SW_DIRECT":"2","SW_LENG":160.0,"SW_WTH":0.9,"SWW_WTH":0.4,"SW_RAMP":0,"COUNTY_NA":"桃園市","VILL_NAME":"龜山區"},"geometry":{"type":"MultiPolygon","coordinates":[[[[121.32659,24.993114],[121.325521,24.99295],[121.325515,24.992991],[121.327095,24.993209],[121.327114,24.993161],[121.32659,24.993114]]]]}},{"type":"Feature","properties":{"NAME":"萬壽路二段","PSTART":"壽福街","PEND":"壽德街","SW_DIRECT":"2","SW_LENG":150.0,"SW_WTH":0.9,"SWW_WTH":0.4,"SW_RAMP":0,"COUNTY_NA":"桃園市","VILL_NAME":"龜山區"},"geometry":{"type":"MultiPolygon","coordinates":[[[[121.3272,24.993233],[121.328654,24.993182],[121.328628,24.993146],[121.327206,24.993185],[121.3272,24.993233]]]]}},{"type":"Feature","properties":{"NAME":"萬壽路二段","PSTART":"頂興路","PEND":"興中街","SW_DIRECT":"1","SW_LENG":120.0,"SW_WTH":0.9,"SWW_WTH":0.9,"SW_RAMP":0,"COUNTY_NA":"桃園市","VILL_NAME":"龜山區"},"geometry":{"type":"MultiPolygon","coordinates":[[[[121.327609,24.992833],[121.327609,24.992852],[121.328625,24.992926],[121.32863,24.992905],[121.327609,24.992833]]]]}},{"type":"Feature","properties":{"NAME":"長壽路","PSTART":"成功路","PEND":"假日花市路口1","SW_DIRECT":"1","SW_LENG":60.0,"SW_WTH":0.9,"SWW_WTH":0.4,"SW_RAMP":2,"COUNTY_NA":"桃園市","VILL_NAME":"龜山區"},"geometry":{"type":"MultiPolygon","coordinates":[[[[121.32409,24.99621],[121.324594,24.996269],[121.324588,24.996251],[121.324101,24.996197],[121.32409,24.99621]]]]}},{"type":"Feature","properties":{"NAME":"萬壽路二段","PSTART":"忠孝街","PEND":"和平街","SW_DIRECT":"1","SW_LENG":226.0,"SW_WTH":1.2,"SWW_WTH":1.2,"SW_RAMP":0,"COUNTY_NA":"桃園市","VILL_NAME":"龜山區"},"geometry":{"type":"MultiPolygon","coordinates":[[[[121.324433,24.992351],[121.324426,24.992364],[121.325231,24.992588],[121.32647,24.992772],[121.326478,24.992757],[121.325225,24.992566],[121.324433,24.992351]]]]}},{"type":"Feature","properties":{"NAME":"萬壽路二段","PSTART":"和平街","PEND":"頂興路","SW_DIRECT":"1","SW_LENG":102.0,"SW_WTH":1.2,"SWW_WTH":1.2,"SW_RAMP":0,"COUNTY_NA":"桃園市","VILL_NAME":"龜山區"},"geometry":{"type":"MultiPolygon","coordinates":[[[[121.326509,24.992782],[121.326516,24.9928],[121.327476,24.992837],[121.327481,24.99282],[121.326509,24.992782]]]]}},{"type":"Feature","properties":{"NAME":"中興路","PSTART":"山鶯路","PEND":"中興路1-2號1","SW_DIRECT":"1","SW_LENG":134.5,"SW_WTH":1.2,"SWW_WTH":1.2,"SW_RAMP":12,"COUNTY_NA":"桃園市","VILL_NAME":"龜山區"},"geometry":{"type":"MultiPolygon","coordinates":[[[[121.329258,24.986731],[121.327362,24.986026],[121.327333,24.986059],[121.329232,24.986769],[121.329258,24.986731]]]]}},{"type":"Feature","properties":{"NAME":"萬壽路二段","PSTART":"萬壽路二段","PEND":"萬壽路二段","SW_DIRECT":"1","SW_LENG":67.8,"SW_WTH":2.26,"SWW_WTH":2.26,"SW_RAMP":2,"COUNTY_NA":"桃園市","VILL_NAME":"龜山區"},"geometry":{"type":"MultiPolygon","coordinates":[[[[121.323466,24.992023],[121.322835,24.991813],[121.322826,24.991832],[121.322829,24.991832],[121.323,24.99189],[121.323457,24.992041],[121.323466,24.992023]]]]}}]}